A.thaliana,G.sempervirens,C.roseus,Short_description,Curator_summary,Cell_type,Name,Organ,Sources,cluster
AT1G17420,Gelse_mpi.v2.2_MPIG042840.1,CRO_01G001330.1,lipoxygenase 3,Lipoxygenase,Mesophyll,LOX3,Leaf,Lee et al 2025,1
AT1G17420,Gelse_mpi.v2.2_MPIG042840.1,CRO_01G001330.1,lipoxygenase 3,Lipoxygenase,Mesophyll,LOX3,Leaf,Lee et al 2025,2
AT1G17420,Gelse_mpi.v2.2_MPIG042840.1,CRO_01G001330.1,lipoxygenase 3,Lipoxygenase,Mesophyll,LOX3,Leaf,Lee et al 2025,5
AT1G72970,Gelse_mpi.v2.2_MPIG042070.3,CRO_01G002120.1,Glucose-methanol-choline (GMC) oxidoreductase family protein,"Originally identified as a mutation that causes floral organs to fuse together. About 10-20% of mutants also have defects in ovules. Mutants have reduced fertility most likely as because of fusions that pistil emergence. The protein has similarity to the mandelonitrile lyase family of FAD containing oxidoreductases and is predicted to be secreted (SignalP).It is expressed in all tissue layers of roots, inflorescences, stems, leaves, and flowers and is also expressed in siliques. Expression is highest in inflorescence and flower tissue.Transmission of mutant alleles to the progeny shows non mendelian segregation- a percentage of mutant alleles revert back to a previous parental (e.g. grandparental) wild type allele. It has been suggested that an RNA template driven or other extra-DNA genomic mechanism may be responsible for the non-mendelian inheritance of HTH. Reversion events in alleles at other loci have also been observed to occur in plants with an hth mutant background indicating a genome wide effect.",Epidermis,HTH,Leaf,Lee et al 2025,16
AT1G72970,Gelse_mpi.v2.2_MPIG042070.3,CRO_01G002120.1,Glucose-methanol-choline (GMC) oxidoreductase family protein,"Originally identified as a mutation that causes floral organs to fuse together. About 10-20% of mutants also have defects in ovules. Mutants have reduced fertility most likely as because of fusions that pistil emergence. The protein has similarity to the mandelonitrile lyase family of FAD containing oxidoreductases and is predicted to be secreted (SignalP).It is expressed in all tissue layers of roots, inflorescences, stems, leaves, and flowers and is also expressed in siliques. Expression is highest in inflorescence and flower tissue.Transmission of mutant alleles to the progeny shows non mendelian segregation- a percentage of mutant alleles revert back to a previous parental (e.g. grandparental) wild type allele. It has been suggested that an RNA template driven or other extra-DNA genomic mechanism may be responsible for the non-mendelian inheritance of HTH. Reversion events in alleles at other loci have also been observed to occur in plants with an hth mutant background indicating a genome wide effect.",Epidermis,HTH,Leaf,Lee et al 2025,19
AT5G40390,Gelse_mpi.v2.1_MPIG054310.1,CRO_01G002480.1,Raffinose synthase family protein,Encodes a protein which might be involved in the formation of verbascose. A T-DNA insertion mutant was shown to have a decreased amount of verbascose (as well as mannitol) whereas the levels of raffinose and stachyose remained unchanged.,Epidermis,SIP1,Leaf,Lee et al 2025,15
AT3G01500,Gelse_mpi.v2.1_MPIG053900.1,NA,carbonic anhydrase 1,Encodes a putative beta-carbonic anhydrase betaCA1.  Together with betaCA4 (At1g70410) regulates CO2-controlled stomatal movements in guard cells.,Mesophyll,CA1,Leaf,"Lee et al 2025; Kim et al., 2021",0
AT3G01500,Gelse_mpi.v2.1_MPIG053900.1,NA,carbonic anhydrase 1,Encodes a putative beta-carbonic anhydrase betaCA1.  Together with betaCA4 (At1g70410) regulates CO2-controlled stomatal movements in guard cells.,Mesophyll,CA1,Leaf,"Lee et al 2025; Kim et al., 2021",3
AT3G01500,Gelse_mpi.v2.1_MPIG053900.1,NA,carbonic anhydrase 1,Encodes a putative beta-carbonic anhydrase betaCA1.  Together with betaCA4 (At1g70410) regulates CO2-controlled stomatal movements in guard cells.,Mesophyll,CA1,Leaf,"Lee et al 2025; Kim et al., 2021",6
AT3G01500,Gelse_mpi.v2.1_MPIG053900.1,NA,carbonic anhydrase 1,Encodes a putative beta-carbonic anhydrase betaCA1.  Together with betaCA4 (At1g70410) regulates CO2-controlled stomatal movements in guard cells.,Mesophyll,CA1,Leaf,"Lee et al 2025; Kim et al., 2021",8
AT3G01500,Gelse_mpi.v2.1_MPIG053900.1,NA,carbonic anhydrase 1,Encodes a putative beta-carbonic anhydrase betaCA1.  Together with betaCA4 (At1g70410) regulates CO2-controlled stomatal movements in guard cells.,Mesophyll,CA1,Leaf,"Lee et al 2025; Kim et al., 2021",13
AT5G14790,Gelse_mpi.v2.1_MPIG053730.1,CRO_01G003060.1,ARM repeat superfamily protein,NA,Epidermis,AT5G14790,Leaf,Lee et al 2025,18
AT3G28340,Gelse_mpi.v2.1_MPIG053190.1,NA,galacturonosyltransferase-like 10,Encodes a protein with  putative galacturonosyltransferase activity.,Mesophyll,GATL10,Leaf,Lee et al 2025,20
AT3G01140,Gelse_mpi.v2.1_MPIG052180.2,CRO_01G004440.1,myb domain protein 106,Encodes a MIXTA-like MYB gene NOECK (NOK). Loss of function mutations show an increased number of branchpoints in leaf trichomes suggesting a role in negative regulation of trichome branching.,Trichome,AT3G01140,Leaf,Lee et al 2025,7
AT3G01140,Gelse_mpi.v2.1_MPIG052180.2,CRO_01G004440.1,myb domain protein 106,Encodes a MIXTA-like MYB gene NOECK (NOK). Loss of function mutations show an increased number of branchpoints in leaf trichomes suggesting a role in negative regulation of trichome branching.,Trichome,AT3G01140,Leaf,Lee et al 2025,15
AT5G15310,Gelse_mpi.v2.1_MPIG052180.2,CRO_01G004440.1,myb domain protein 16,Member of the R2R3 factor gene family.,Epidermis,MYB16,Leaf,Lee et al 2025,7
AT5G15310,Gelse_mpi.v2.1_MPIG052180.2,CRO_01G004440.1,myb domain protein 16,Member of the R2R3 factor gene family.,Epidermis,MYB16,Leaf,Lee et al 2025,15
AT5G15450,Gelse_mpi.v2.1_MPIG051600.1,CRO_01G004900.3,casein lytic proteinase B3,"Encodes a chloroplast-targeted Hsp101 homologue.  Functions as a molecular chaperone involved in plastid differentiation mediating internal thylakoid membrane formation and conferring thermotolerance to chloroplasts during heat stress.  APG6 is constitutively expressed in the root tips, the organ boundary region, the reproductive tissues of mature plants where plastids exist as proplastids, and slightly in the stems and leaves.  APG6 expression is upregulated in response to heat shock in various organs, but not in response to other abiotic stresses.  Apg6 mutants have a pale-green phenotype.",Procambium_PP,CLPB3,Leaf,Lee et al 2025,16
AT3G02110,Gelse_mpi.v2.1_MPIG051430.3,CRO_01G005050.2,serine carboxypeptidase-like 25,NA,Epidermis,scpl25,Leaf,Lee et al 2025,16
AT5G15780,Gelse_mpi.v2.1_MPIG050970.1,CRO_01G005470.2,Pollen Ole e 1 allergen and extensin family protein,NA,Mesophyll,AT5G15780,Leaf,Lee et al 2025,19
AT2G23450,Gelse_mpi.v2.1_MPIG049980.4,CRO_01G006430.1,Protein kinase superfamily protein,NA,Epidermis,AT2G23450,Leaf,Lee et al 2025,19
AT2G23450,Gelse_mpi.v2.1_MPIG049980.4,CRO_01G006430.1,Protein kinase superfamily protein,NA,Epidermis,AT2G23450,Leaf,Lee et al 2025,20
AT5G59550,Gelse_mpi.v2.5_MPIG011240.1,CRO_01G007600.1,zinc finger (C3HC4-type RING finger) family protein,NA,Mesophyll,RDUF2,Leaf,Lee et al 2025,1
AT5G59550,Gelse_mpi.v2.5_MPIG011240.1,CRO_01G007600.1,zinc finger (C3HC4-type RING finger) family protein,NA,Mesophyll,RDUF2,Leaf,Lee et al 2025,2
AT5G59550,Gelse_mpi.v2.5_MPIG011240.1,CRO_01G007600.1,zinc finger (C3HC4-type RING finger) family protein,NA,Mesophyll,RDUF2,Leaf,Lee et al 2025,10
AT5G59870,Gelse_mpi.v2.5_MPIG012210.1,NA,histone H2A 6,"Encodes HTA6, a histone H2A protein.",Mesophyll,HTA6,Leaf,Lee et al 2025,11
AT2G27385,Gelse_mpi.v2.3_MPIG005940.1,CRO_01G013530.1,Pollen Ole e 1 allergen and extensin family protein,NA,Epidermis,AT2G27385,Leaf,Lee et al 2025,1
AT2G27385,Gelse_mpi.v2.3_MPIG005940.1,CRO_01G013530.1,Pollen Ole e 1 allergen and extensin family protein,NA,Epidermis,AT2G27385,Leaf,Lee et al 2025,7
AT2G27385,Gelse_mpi.v2.3_MPIG005940.1,CRO_01G013530.1,Pollen Ole e 1 allergen and extensin family protein,NA,Epidermis,AT2G27385,Leaf,Lee et al 2025,15
AT5G22250,Gelse_mpi.v2.3_MPIG006360.1,CRO_01G014210.1,"Polynucleotidyl transferase, ribonuclease H-like superfamily protein",NA,Epidermis,CAF1b,Leaf,Lee et al 2025,15
AT3G43720,Gelse_mpi.v2.3_MPIG007930.3,NA,Bifunctional inhibitor/lipid-transfer protein/seed storage 2S albumin superfamily protein,NA,Epidermis,LTPG2,Leaf,Lee et al 2025,19
AT2G27170,Gelse_mpi.v2.3_MPIG007610.3,CRO_01G015650.2,Structural maintenance of chromosomes (SMC) family protein,Encodes a member of the Arabidopsis cohesin complex that is essential for viability and sister chromatid alignment.,Mesophyll,TTN7,Leaf,Lee et al 2025,19
AT4G19840,Gelse_mpi.v2.1_MPIG032070.2,CRO_01G018080.1,phloem protein 2-A1,"encodes a phloem lectin, similar to phloem lectin in cucumber and celery. Gene is expressed in the phloem, predominantly in the companion cells.",Phloem,PP2-A1,Stem,Lee et al 2025,18
AT1G21980,Gelse_mpi.v2.2_MPIG022980.1,CRO_01G022370.1,phosphatidylinositol-4-phosphate 5-kinase 1,"Type I phosphatidylinositol-4-phosphate 5-kinase. Preferentially phosphorylates PtdIns4P. Induced by water stress and abscisic acid in Arabidopsis thaliana. Expressed in procambial cells of leaves, flowers and roots. A N-terminal Membrane Occupation and Recognition Nexus (MORN)affects enzyme activity and distribution.",Epidermis,PIP5K1,Leaf,Lee et al 2025,16
AT1G76070,Gelse_mpi.v2.2_MPIG001920.1,CRO_01G023930.1,NA,NA,Epidermis,AT1G76070,Leaf,Lee et al 2025,7
AT4G32830,Gelse_mpi.v2.7_MPIG018410.1,CRO_01G025760.1,ataurora1,"Encodes a member of a family of Ser/Thr kinases whose activities peak during cell division.  Transcripts are abundant in tissues rich in dividing cells like roots and flowers but are low or absent in fully expanded leaves and stems.  In interphase cells, the protein is predominantly nuclear.  During mitosis, the protein associates with plant-specific cytoskeletal structures (preprophase band, phragmoplast, nascent cell plate) that are necessary for cytokinesis as well as with the microtubule spindle. It specifically phosphorylates Ser10 of histone H3 and colocalizes with phosphorylated histone H3 during mitosis.",Procambium_PP,AUR1,Leaf,Lee et al 2025,10
AT5G11610,Gelse_mpi.v2.7_MPIG018880.1,NA,Exostosin family protein,NA,Epidermis,AT5G11610,Leaf,Lee et al 2025,16
AT4G32720,Gelse_mpi.v2.7_MPIG008980.1,CRO_01G027060.2,La protein 1,"Encodes AtLa1, a member of the highly abundant phosphoprotein La proteins.  Predominantly localized to the nucleoplasm and was also detected in the nucleolar cavity.  Has RNA binding activity.  Required for normal ribosome biogenesis and embryogenesis.",Procambium_PP,La1,Leaf,Lee et al 2025,20
AT2G26250,Gelse_mpi.v2.7_MPIG003660.1,CRO_01G028790.2,3-ketoacyl-CoA synthase 10,"epidermis-specific, encodes KCS10, a putative 3-ketoacyl-CoA synthase. probably involved in the synthesis of long-chain lipids found in the cuticle.",Epidermis,FDH,Stem,Li et al 2023; Lee et al 2025,1
AT2G26250,Gelse_mpi.v2.7_MPIG003660.1,CRO_01G028790.2,3-ketoacyl-CoA synthase 10,"epidermis-specific, encodes KCS10, a putative 3-ketoacyl-CoA synthase. probably involved in the synthesis of long-chain lipids found in the cuticle.",Epidermis,FDH,Stem,Li et al 2023; Lee et al 2025,7
AT2G26250,Gelse_mpi.v2.7_MPIG003660.1,CRO_01G028790.2,3-ketoacyl-CoA synthase 10,"epidermis-specific, encodes KCS10, a putative 3-ketoacyl-CoA synthase. probably involved in the synthesis of long-chain lipids found in the cuticle.",Epidermis,FDH,Stem,Li et al 2023; Lee et al 2025,15
AT2G26250,Gelse_mpi.v2.7_MPIG003660.1,CRO_01G028790.2,3-ketoacyl-CoA synthase 10,"epidermis-specific, encodes KCS10, a putative 3-ketoacyl-CoA synthase. probably involved in the synthesis of long-chain lipids found in the cuticle.",Epidermis,FDH,Stem,Li et al 2023; Lee et al 2025,16
AT2G26250,Gelse_mpi.v2.7_MPIG003660.1,CRO_01G028790.2,3-ketoacyl-CoA synthase 10,"epidermis-specific, encodes KCS10, a putative 3-ketoacyl-CoA synthase. probably involved in the synthesis of long-chain lipids found in the cuticle.",Epidermis,FDH,Stem,Li et al 2023; Lee et al 2025,19
AT5G10480,Gelse_mpi.v2.1_MPIG039430.1,CRO_01G030800.1,"Protein-tyrosine phosphatase-like, PTPLA","Protein tyrosine phosphatase-like involved in cell division and differentiation. Interacts with CDKA;1 only in its phosphorylated form, preventing dephosphorylation. Overexpression slowed down cell division in suspension cell cultures at the G2-to-M transition and early  mitosis and inhibited Arabidopsis seedling growth. Localized in  the cytoplasm of dividing cells but moved into the nucleus upon cell differentiation. Based on complementation of yeast mutant PAS2 has acyl-CoA dehydratase activity. It interacts with CER10, a component of the microsomal fatty acid elongase complex, suggesting a role in synthesis of VLCFAs (very long chain fatty acids).",Epidermis,PAS2,Leaf,Lee et al 2025,19
AT2G22500,Gelse_mpi.v2.1_MPIG039000.1,CRO_01G031030.1,uncoupling protein 5,"Encodes one of the mitochondrial dicarboxylate carriers (DIC): DIC1 (AT2G22500), DIC2 (AT4G24570), DIC3 (AT5G09470).",Mesophyll,UCP5,Leaf,Lee et al 2025,1
AT2G22500,Gelse_mpi.v2.1_MPIG039000.1,CRO_01G031030.1,uncoupling protein 5,"Encodes one of the mitochondrial dicarboxylate carriers (DIC): DIC1 (AT2G22500), DIC2 (AT4G24570), DIC3 (AT5G09470).",Mesophyll,UCP5,Leaf,Lee et al 2025,4
AT2G22500,Gelse_mpi.v2.1_MPIG039000.1,CRO_01G031030.1,uncoupling protein 5,"Encodes one of the mitochondrial dicarboxylate carriers (DIC): DIC1 (AT2G22500), DIC2 (AT4G24570), DIC3 (AT5G09470).",Mesophyll,UCP5,Leaf,Lee et al 2025,5
AT2G22500,Gelse_mpi.v2.1_MPIG039000.1,CRO_01G031030.1,uncoupling protein 5,"Encodes one of the mitochondrial dicarboxylate carriers (DIC): DIC1 (AT2G22500), DIC2 (AT4G24570), DIC3 (AT5G09470).",Mesophyll,UCP5,Leaf,Lee et al 2025,7
AT2G22500,Gelse_mpi.v2.1_MPIG039000.1,CRO_01G031030.1,uncoupling protein 5,"Encodes one of the mitochondrial dicarboxylate carriers (DIC): DIC1 (AT2G22500), DIC2 (AT4G24570), DIC3 (AT5G09470).",Mesophyll,UCP5,Leaf,Lee et al 2025,9
AT2G22500,Gelse_mpi.v2.1_MPIG039000.1,CRO_01G031030.1,uncoupling protein 5,"Encodes one of the mitochondrial dicarboxylate carriers (DIC): DIC1 (AT2G22500), DIC2 (AT4G24570), DIC3 (AT5G09470).",Mesophyll,UCP5,Leaf,Lee et al 2025,12
AT2G22500,Gelse_mpi.v2.1_MPIG039000.1,CRO_01G031030.1,uncoupling protein 5,"Encodes one of the mitochondrial dicarboxylate carriers (DIC): DIC1 (AT2G22500), DIC2 (AT4G24570), DIC3 (AT5G09470).",Mesophyll,UCP5,Leaf,Lee et al 2025,18
AT4G40050,Gelse_mpi.v2.1_MPIG038550.2,CRO_01G031480.3,Protein of unknown function (DUF3550/UPF0682),NA,Epidermis,AT4G40050,Leaf,Lee et al 2025,7
AT5G57350,Gelse_mpi.v2.8_MPIG018720.3,CRO_02G004550.1,H(+)-ATPase 3,member of Plasma membrane H+-ATPase family,Phloem,AHA3,NA,Lee et al 2025,3
AT5G57350,Gelse_mpi.v2.8_MPIG018720.3,CRO_02G004550.1,H(+)-ATPase 3,member of Plasma membrane H+-ATPase family,Phloem,AHA3,NA,Lee et al 2025,12
AT5G57350,Gelse_mpi.v2.8_MPIG018720.3,CRO_02G004550.1,H(+)-ATPase 3,member of Plasma membrane H+-ATPase family,Phloem,AHA3,NA,Lee et al 2025,17
AT5G57350,Gelse_mpi.v2.8_MPIG018720.3,CRO_02G004550.1,H(+)-ATPase 3,member of Plasma membrane H+-ATPase family,Phloem,AHA3,NA,Lee et al 2025,18
AT5G57350,Gelse_mpi.v2.8_MPIG018720.3,CRO_02G004550.1,H(+)-ATPase 3,member of Plasma membrane H+-ATPase family,Phloem,AHA3,NA,Lee et al 2025,19
AT5G57410,Gelse_mpi.v2.8_MPIG018540.1,CRO_02G004780.1,Afadin/alpha-actinin-binding protein,NA,Procambium_PP,AT5G57410,Leaf,Lee et al 2025,10
AT5G57410,Gelse_mpi.v2.8_MPIG018540.1,CRO_02G004780.1,Afadin/alpha-actinin-binding protein,NA,Procambium_PP,AT5G57410,Leaf,Lee et al 2025,11
AT4G30340,Gelse_mpi.v2.8_MPIG017800.2,CRO_02G005190.2,diacylglycerol kinase 7,encodes a diacylglycerol kinase. Applying  a specific diacylglycerol kinase inhibitor to the growth media resulted in reduced root elongation and plant growth. Gene is expressed throughout the plant but is strongest in flowers and young seedlings.,Epidermis,DGK7,Leaf,Lee et al 2025,1
AT4G30340,Gelse_mpi.v2.8_MPIG017800.2,CRO_02G005190.2,diacylglycerol kinase 7,encodes a diacylglycerol kinase. Applying  a specific diacylglycerol kinase inhibitor to the growth media resulted in reduced root elongation and plant growth. Gene is expressed throughout the plant but is strongest in flowers and young seedlings.,Epidermis,DGK7,Leaf,Lee et al 2025,7
AT4G30340,Gelse_mpi.v2.8_MPIG017800.2,CRO_02G005190.2,diacylglycerol kinase 7,encodes a diacylglycerol kinase. Applying  a specific diacylglycerol kinase inhibitor to the growth media resulted in reduced root elongation and plant growth. Gene is expressed throughout the plant but is strongest in flowers and young seedlings.,Epidermis,DGK7,Leaf,Lee et al 2025,15
AT4G30340,Gelse_mpi.v2.8_MPIG017800.2,CRO_02G005190.2,diacylglycerol kinase 7,encodes a diacylglycerol kinase. Applying  a specific diacylglycerol kinase inhibitor to the growth media resulted in reduced root elongation and plant growth. Gene is expressed throughout the plant but is strongest in flowers and young seedlings.,Epidermis,DGK7,Leaf,Lee et al 2025,19
AT5G57630,Gelse_mpi.v2.8_MPIG018040.1,CRO_02G005520.1,CBL-interacting protein kinase 21,CBL-interacting protein kinase,Epidermis,CIPK21,Leaf,Lee et al 2025,6
AT5G57630,Gelse_mpi.v2.8_MPIG018040.1,CRO_02G005520.1,CBL-interacting protein kinase 21,CBL-interacting protein kinase,Epidermis,CIPK21,Leaf,Lee et al 2025,13
AT5G57800,Gelse_mpi.v2.8_MPIG017460.1,CRO_02G006330.2,Fatty acid hydroxylase superfamily,encodes a transmembrane protein with similarity to the sterol desaturase family at the N-terminus and to the short-chain dehydrogenase/reductase family at the C-terminus. Mutant analyses indicate this protein is involved in cuticle membrane and wax biosynthesis.,Trichome,YORE-YORE 1,Leaf,Lee et al 2025,1
AT5G57800,Gelse_mpi.v2.8_MPIG017460.1,CRO_02G006330.2,Fatty acid hydroxylase superfamily,encodes a transmembrane protein with similarity to the sterol desaturase family at the N-terminus and to the short-chain dehydrogenase/reductase family at the C-terminus. Mutant analyses indicate this protein is involved in cuticle membrane and wax biosynthesis.,Trichome,YORE-YORE 1,Leaf,Lee et al 2025,7
AT5G57800,Gelse_mpi.v2.8_MPIG017460.1,CRO_02G006330.2,Fatty acid hydroxylase superfamily,encodes a transmembrane protein with similarity to the sterol desaturase family at the N-terminus and to the short-chain dehydrogenase/reductase family at the C-terminus. Mutant analyses indicate this protein is involved in cuticle membrane and wax biosynthesis.,Trichome,YORE-YORE 1,Leaf,Lee et al 2025,15
AT5G57800,Gelse_mpi.v2.8_MPIG017460.1,CRO_02G006330.2,Fatty acid hydroxylase superfamily,encodes a transmembrane protein with similarity to the sterol desaturase family at the N-terminus and to the short-chain dehydrogenase/reductase family at the C-terminus. Mutant analyses indicate this protein is involved in cuticle membrane and wax biosynthesis.,Trichome,YORE-YORE 1,Leaf,Lee et al 2025,19
AT4G30470,Gelse_mpi.v2.8_MPIG017300.2,CRO_02G006760.3,NAD(P)-binding Rossmann-fold superfamily protein,NA,Epidermis,AT4G30470,Leaf,Lee et al 2025,13
AT2G23910,Gelse_mpi.v2.8_MPIG017300.2,CRO_02G006760.3,NAD(P)-binding Rossmann-fold superfamily protein,NA,Endocarp,AT2G23910,Silique,Lee et al 2025,13
AT4G30860,Gelse_mpi.v2.8_MPIG017100.2,CRO_02G007170.1,SET domain group 4,"Encodes a member of the trxG protein family. Contains a SET domain which is known to be involved in modification of histone tails by methylation. Interacts physically with AMS, but the implications of this interaction are unknown.Overexpression results in plieotrophic developmental defects.",Mesophyll,SDG4,Leaf,Lee et al 2025,11
AT1G23080,Gelse_mpi.v2.5_MPIG025550.1,CRO_02G012960.2,Auxin efflux carrier family protein,"Encodes a novel component of auxin efflux that is located  apically in the basal cell and is involved during embryogenesis in setting up the apical-basal axis in the embryo.  It is also involved in pattern specification during root development.  In roots, it is expressed at lateral and basal membranes of provascular cells in the meristem and elongation zone, whereas in the columella cells it coincides with the PIN3 domain. Plasma membrane-localized PIN proteins mediate a saturable efflux of auxin. PINs mediate auxin efflux from mammalian and yeast cells without needing additional plant-specific factors. The action of PINs in auxin efflux is distinct from PGPs, rate-limiting, specific  to auxins and sensitive to auxin transport inhibitors. PINs are directly involved of in catalyzing  cellular auxin efflux.",Epidermis,PIN7,Leaf,Lee et al 2025,3
AT1G23080,Gelse_mpi.v2.5_MPIG025550.1,CRO_02G012960.2,Auxin efflux carrier family protein,"Encodes a novel component of auxin efflux that is located  apically in the basal cell and is involved during embryogenesis in setting up the apical-basal axis in the embryo.  It is also involved in pattern specification during root development.  In roots, it is expressed at lateral and basal membranes of provascular cells in the meristem and elongation zone, whereas in the columella cells it coincides with the PIN3 domain. Plasma membrane-localized PIN proteins mediate a saturable efflux of auxin. PINs mediate auxin efflux from mammalian and yeast cells without needing additional plant-specific factors. The action of PINs in auxin efflux is distinct from PGPs, rate-limiting, specific  to auxins and sensitive to auxin transport inhibitors. PINs are directly involved of in catalyzing  cellular auxin efflux.",Epidermis,PIN7,Leaf,Lee et al 2025,4
AT1G23080,Gelse_mpi.v2.5_MPIG025550.1,CRO_02G012960.2,Auxin efflux carrier family protein,"Encodes a novel component of auxin efflux that is located  apically in the basal cell and is involved during embryogenesis in setting up the apical-basal axis in the embryo.  It is also involved in pattern specification during root development.  In roots, it is expressed at lateral and basal membranes of provascular cells in the meristem and elongation zone, whereas in the columella cells it coincides with the PIN3 domain. Plasma membrane-localized PIN proteins mediate a saturable efflux of auxin. PINs mediate auxin efflux from mammalian and yeast cells without needing additional plant-specific factors. The action of PINs in auxin efflux is distinct from PGPs, rate-limiting, specific  to auxins and sensitive to auxin transport inhibitors. PINs are directly involved of in catalyzing  cellular auxin efflux.",Epidermis,PIN7,Leaf,Lee et al 2025,9
AT1G23080,Gelse_mpi.v2.5_MPIG025550.1,CRO_02G012960.2,Auxin efflux carrier family protein,"Encodes a novel component of auxin efflux that is located  apically in the basal cell and is involved during embryogenesis in setting up the apical-basal axis in the embryo.  It is also involved in pattern specification during root development.  In roots, it is expressed at lateral and basal membranes of provascular cells in the meristem and elongation zone, whereas in the columella cells it coincides with the PIN3 domain. Plasma membrane-localized PIN proteins mediate a saturable efflux of auxin. PINs mediate auxin efflux from mammalian and yeast cells without needing additional plant-specific factors. The action of PINs in auxin efflux is distinct from PGPs, rate-limiting, specific  to auxins and sensitive to auxin transport inhibitors. PINs are directly involved of in catalyzing  cellular auxin efflux.",Epidermis,PIN7,Leaf,Lee et al 2025,18
AT1G70940,Gelse_mpi.v2.5_MPIG025550.1,CRO_02G012960.2,Auxin efflux carrier family protein,"A regulator of auxin efflux and involved in differential growth. PIN3 is expressed in gravity-sensing tissues, with PIN3 protein accumulating predominantly at the lateral cell surface. PIN3 localizes to the plasma membrane and to vesicles. In roots, PIN3 is expressed without pronounced polarity in tiers two and three of the columella cells, at the basal side of vascular cells, and to the lateral side of pericycle cells of the elongation zone. PIN3 overexpression inhibits root cell growth. Protein phosphorylation plays a role in PIN3 trafficking to  the plasma membrane.",Epidermis,PIN3,Leaf,Lee et al 2025,3
AT1G70940,Gelse_mpi.v2.5_MPIG025550.1,CRO_02G012960.2,Auxin efflux carrier family protein,"A regulator of auxin efflux and involved in differential growth. PIN3 is expressed in gravity-sensing tissues, with PIN3 protein accumulating predominantly at the lateral cell surface. PIN3 localizes to the plasma membrane and to vesicles. In roots, PIN3 is expressed without pronounced polarity in tiers two and three of the columella cells, at the basal side of vascular cells, and to the lateral side of pericycle cells of the elongation zone. PIN3 overexpression inhibits root cell growth. Protein phosphorylation plays a role in PIN3 trafficking to  the plasma membrane.",Epidermis,PIN3,Leaf,Lee et al 2025,4
AT1G70940,Gelse_mpi.v2.5_MPIG025550.1,CRO_02G012960.2,Auxin efflux carrier family protein,"A regulator of auxin efflux and involved in differential growth. PIN3 is expressed in gravity-sensing tissues, with PIN3 protein accumulating predominantly at the lateral cell surface. PIN3 localizes to the plasma membrane and to vesicles. In roots, PIN3 is expressed without pronounced polarity in tiers two and three of the columella cells, at the basal side of vascular cells, and to the lateral side of pericycle cells of the elongation zone. PIN3 overexpression inhibits root cell growth. Protein phosphorylation plays a role in PIN3 trafficking to  the plasma membrane.",Epidermis,PIN3,Leaf,Lee et al 2025,9
AT1G70940,Gelse_mpi.v2.5_MPIG025550.1,CRO_02G012960.2,Auxin efflux carrier family protein,"A regulator of auxin efflux and involved in differential growth. PIN3 is expressed in gravity-sensing tissues, with PIN3 protein accumulating predominantly at the lateral cell surface. PIN3 localizes to the plasma membrane and to vesicles. In roots, PIN3 is expressed without pronounced polarity in tiers two and three of the columella cells, at the basal side of vascular cells, and to the lateral side of pericycle cells of the elongation zone. PIN3 overexpression inhibits root cell growth. Protein phosphorylation plays a role in PIN3 trafficking to  the plasma membrane.",Epidermis,PIN3,Leaf,Lee et al 2025,18
AT2G01420,Gelse_mpi.v2.5_MPIG025550.1,CRO_02G012960.2,Auxin efflux carrier family protein,"Encodes a putative auxin efflux carrier that is localized in developing and mature root meristems.  It is involved in the maintenance of embryonic auxin gradients.  A role for AtPIN4 in generating a sink for auxin below the quiescent center of the root meristem that is essential for auxin distribution and patterning is proposed. In the root, PIN4 is detected around the quiescent center and cells surrounding it, and localizes basally in provascular cells. PIN4 expression is upregulated in brassinosteroid-insensitive mutant (PMID 16141452).",Epidermis,PIN4,Leaf,Lee et al 2025,3
AT2G01420,Gelse_mpi.v2.5_MPIG025550.1,CRO_02G012960.2,Auxin efflux carrier family protein,"Encodes a putative auxin efflux carrier that is localized in developing and mature root meristems.  It is involved in the maintenance of embryonic auxin gradients.  A role for AtPIN4 in generating a sink for auxin below the quiescent center of the root meristem that is essential for auxin distribution and patterning is proposed. In the root, PIN4 is detected around the quiescent center and cells surrounding it, and localizes basally in provascular cells. PIN4 expression is upregulated in brassinosteroid-insensitive mutant (PMID 16141452).",Epidermis,PIN4,Leaf,Lee et al 2025,4
AT2G01420,Gelse_mpi.v2.5_MPIG025550.1,CRO_02G012960.2,Auxin efflux carrier family protein,"Encodes a putative auxin efflux carrier that is localized in developing and mature root meristems.  It is involved in the maintenance of embryonic auxin gradients.  A role for AtPIN4 in generating a sink for auxin below the quiescent center of the root meristem that is essential for auxin distribution and patterning is proposed. In the root, PIN4 is detected around the quiescent center and cells surrounding it, and localizes basally in provascular cells. PIN4 expression is upregulated in brassinosteroid-insensitive mutant (PMID 16141452).",Epidermis,PIN4,Leaf,Lee et al 2025,9
AT2G01420,Gelse_mpi.v2.5_MPIG025550.1,CRO_02G012960.2,Auxin efflux carrier family protein,"Encodes a putative auxin efflux carrier that is localized in developing and mature root meristems.  It is involved in the maintenance of embryonic auxin gradients.  A role for AtPIN4 in generating a sink for auxin below the quiescent center of the root meristem that is essential for auxin distribution and patterning is proposed. In the root, PIN4 is detected around the quiescent center and cells surrounding it, and localizes basally in provascular cells. PIN4 expression is upregulated in brassinosteroid-insensitive mutant (PMID 16141452).",Epidermis,PIN4,Leaf,Lee et al 2025,18
AT1G23090,Gelse_mpi.v2.5_MPIG025340.1,CRO_02G013420.2,sulfate transporter 91,Encodes AST91 mRNA for sulfate transporter.,Xylem Parenchyma,AST91,Leaf,Lee et al 2025,3
AT1G23090,Gelse_mpi.v2.5_MPIG025340.1,CRO_02G013420.2,sulfate transporter 91,Encodes AST91 mRNA for sulfate transporter.,Xylem Parenchyma,AST91,Leaf,Lee et al 2025,6
AT1G23090,Gelse_mpi.v2.5_MPIG025340.1,CRO_02G013420.2,sulfate transporter 91,Encodes AST91 mRNA for sulfate transporter.,Xylem Parenchyma,AST91,Leaf,Lee et al 2025,12
AT1G23090,Gelse_mpi.v2.5_MPIG025340.1,CRO_02G013420.2,sulfate transporter 91,Encodes AST91 mRNA for sulfate transporter.,Xylem Parenchyma,AST91,Leaf,Lee et al 2025,18
AT1G68570,Gelse_mpi.v2.5_MPIG027490.1,CRO_02G015790.1,Major facilitator superfamily protein,NA,Procambium_XP,AT1G68570,Leaf,Lee et al 2025,3
AT1G68570,Gelse_mpi.v2.5_MPIG027490.1,CRO_02G015790.1,Major facilitator superfamily protein,NA,Procambium_XP,AT1G68570,Leaf,Lee et al 2025,17
AT1G14630,Gelse_mpi.v2.5_MPIG020290.2,CRO_02G016860.2,NA,NA,Procambium_PP,AT1G14630,Leaf,Lee et al 2025,4
AT1G14630,Gelse_mpi.v2.5_MPIG020290.2,CRO_02G016860.2,NA,NA,Procambium_PP,AT1G14630,Leaf,Lee et al 2025,9
AT5G08260,Gelse_mpi.v2.5_MPIG033840.7,CRO_02G019970.1,serine carboxypeptidase-like 35,NA,Epidermis,scpl35,Leaf,Lee et al 2025,1
AT5G08260,Gelse_mpi.v2.5_MPIG033840.7,CRO_02G019970.1,serine carboxypeptidase-like 35,NA,Epidermis,scpl35,Leaf,Lee et al 2025,4
AT5G08260,Gelse_mpi.v2.5_MPIG033840.7,CRO_02G019970.1,serine carboxypeptidase-like 35,NA,Epidermis,scpl35,Leaf,Lee et al 2025,8
AT5G08260,Gelse_mpi.v2.5_MPIG033840.7,CRO_02G019970.1,serine carboxypeptidase-like 35,NA,Epidermis,scpl35,Leaf,Lee et al 2025,9
AT5G23420,Gelse_mpi.v2.3_MPIG004440.1,CRO_02G021250.1,high-mobility group box 6,"Encodes HMGB6, a protein belonging to the subgroup of HMGB (high mobility group B) proteins.  Localized in the nucleus. Binds to supercoiled DNA in vitro. HMGB6 is phosphorylated by protein kinase CK2alpha within its acidic C-terminal domain.",Mesophyll,HMGB6,Leaf,Lee et al 2025,11
AT1G25530,Gelse_mpi.v2.5_MPIG027940.1,CRO_02G021680.2,Transmembrane amino acid transporter family protein,NA,Procambium_XP,AT1G25530,Leaf,Lee et al 2025,9
AT1G69450,Gelse_mpi.v2.5_MPIG030150.1,CRO_02G024620.1,Early-responsive to dehydration stress protein (ERD4),NA,Epidermis,AT1G69450,Leaf,Lee et al 2025,13
AT1G26960,Gelse_mpi.v2.5_MPIG030940.5,CRO_02G025460.3,homeobox protein 23,Encodes a homeodomain leucine zipper class I (HD-Zip I) protein.,Epidermis,AtHB23,Leaf,Lee et al 2025,20
AT1G69780,Gelse_mpi.v2.5_MPIG030940.5,CRO_02G025460.3,Homeobox-leucine zipper protein family,Encodes a homeodomain leucine zipper class I (HD-Zip I) protein.,Epidermis,ATHB13,Leaf,Lee et al 2025,20
AT1G24020,Gelse_mpi.v2.5_MPIG032210.1,CRO_02G026670.1,MLP-like protein 423,NA,Trichome,AT1G24020,Leaf,Lee et al 2025,1
AT1G24020,Gelse_mpi.v2.5_MPIG032210.1,CRO_02G026670.1,MLP-like protein 423,NA,Trichome,AT1G24020,Leaf,Lee et al 2025,7
AT1G24020,Gelse_mpi.v2.5_MPIG032210.1,CRO_02G026670.1,MLP-like protein 423,NA,Trichome,AT1G24020,Leaf,Lee et al 2025,15
AT1G27950,Gelse_mpi.v2.5_MPIG016540.2,CRO_02G029050.1,glycosylphosphatidylinositol-anchored lipid protein transfer 1,"Encodes LTPG1, a lipid transfer protein with a predicted GPI (glycosylphosphatidylinositol)-anchor domain.  Localized in the plasma membrane. Disruption of the LTPG1 gene causes alterations of cuticular lipid composition, but no significant changes on total wax and cutin monomer loads are seen.",Epidermis,LTPG1,Leaf,Lee et al 2025,1
AT1G27950,Gelse_mpi.v2.5_MPIG016540.2,CRO_02G029050.1,glycosylphosphatidylinositol-anchored lipid protein transfer 1,"Encodes LTPG1, a lipid transfer protein with a predicted GPI (glycosylphosphatidylinositol)-anchor domain.  Localized in the plasma membrane. Disruption of the LTPG1 gene causes alterations of cuticular lipid composition, but no significant changes on total wax and cutin monomer loads are seen.",Epidermis,LTPG1,Leaf,Lee et al 2025,7
AT1G27950,Gelse_mpi.v2.5_MPIG016540.2,CRO_02G029050.1,glycosylphosphatidylinositol-anchored lipid protein transfer 1,"Encodes LTPG1, a lipid transfer protein with a predicted GPI (glycosylphosphatidylinositol)-anchor domain.  Localized in the plasma membrane. Disruption of the LTPG1 gene causes alterations of cuticular lipid composition, but no significant changes on total wax and cutin monomer loads are seen.",Epidermis,LTPG1,Leaf,Lee et al 2025,15
AT1G67320,Gelse_mpi.v2.5_MPIG033500.1,CRO_02G029210.2,"DNA primase, large subunit family",NA,Mesophyll,EMB2813,Leaf,Lee et al 2025,11
AT5G13420,Gelse_mpi.v2.5_MPIG019300.1,CRO_02G029880.5,Aldolase-type TIM barrel family protein,NA,Epidermis,TRA2,Leaf,Lee et al 2025,5
AT2G37080,Gelse_mpi.v2.8_MPIG029410.2,CRO_03G000340.6,ROP interactive partner 3,NA,Epidermis,RIP2,Leaf,Lee et al 2025,1
AT2G37080,Gelse_mpi.v2.8_MPIG029410.2,CRO_03G000340.6,ROP interactive partner 3,NA,Epidermis,RIP2,Leaf,Lee et al 2025,8
AT2G37080,Gelse_mpi.v2.8_MPIG029410.2,CRO_03G000340.6,ROP interactive partner 3,NA,Epidermis,RIP2,Leaf,Lee et al 2025,16
AT3G48360,Gelse_mpi.v2.2_MPIG028460.1,CRO_03G003520.1,BTB and TAZ domain protein 2,"encodes a protein (BT2) that is an essential component of the TAC1-mediated telomerase activation pathway. Acts redundantly with BT3 and BT1 during female gametophyte development and with BT3 during male gametophyte development. BT2 also mediates multiple responses to nutrients, stresses, and hormones.",Trichome,AT3G48360,Leaf,Lee et al 2025,3
AT3G48360,Gelse_mpi.v2.2_MPIG028460.1,CRO_03G003520.1,BTB and TAZ domain protein 2,"encodes a protein (BT2) that is an essential component of the TAC1-mediated telomerase activation pathway. Acts redundantly with BT3 and BT1 during female gametophyte development and with BT3 during male gametophyte development. BT2 also mediates multiple responses to nutrients, stresses, and hormones.",Trichome,AT3G48360,Leaf,Lee et al 2025,6
AT3G48360,Gelse_mpi.v2.2_MPIG028460.1,CRO_03G003520.1,BTB and TAZ domain protein 2,"encodes a protein (BT2) that is an essential component of the TAC1-mediated telomerase activation pathway. Acts redundantly with BT3 and BT1 during female gametophyte development and with BT3 during male gametophyte development. BT2 also mediates multiple responses to nutrients, stresses, and hormones.",Trichome,AT3G48360,Leaf,Lee et al 2025,8
AT5G63180,Gelse_mpi.v2.2_MPIG028450.1,CRO_03G003530.1,Pectin lyase-like superfamily protein,NA,Epidermis,AT5G63180,Leaf,Lee et al 2025,6
AT5G63180,Gelse_mpi.v2.2_MPIG028450.1,CRO_03G003530.1,Pectin lyase-like superfamily protein,NA,Epidermis,AT5G63180,Leaf,Lee et al 2025,9
AT5G63180,Gelse_mpi.v2.2_MPIG028450.1,CRO_03G003530.1,Pectin lyase-like superfamily protein,NA,Epidermis,AT5G63180,Leaf,Lee et al 2025,12
AT5G63180,Gelse_mpi.v2.2_MPIG028450.1,CRO_03G003530.1,Pectin lyase-like superfamily protein,NA,Epidermis,AT5G63180,Leaf,Lee et al 2025,13
AT5G63180,Gelse_mpi.v2.2_MPIG028450.1,CRO_03G003530.1,Pectin lyase-like superfamily protein,NA,Epidermis,AT5G63180,Leaf,Lee et al 2025,17
AT5G03760,Gelse_mpi.v2.8_MPIG027580.2,CRO_03G005030.1,Nucleotide-diphospho-sugar transferases superfamily protein,encodes a beta-mannan synthase that is required for agrobacterium-mediated plant genetic transformation involves a complex interaction between the bacterium and the host plant. 3' UTR is involved in transcriptional regulation and the gene is expressed in the elongation zone of the root.,Epidermis,ATCSLA09,Leaf,Lee et al 2025,7
AT5G03760,Gelse_mpi.v2.8_MPIG027580.2,CRO_03G005030.1,Nucleotide-diphospho-sugar transferases superfamily protein,encodes a beta-mannan synthase that is required for agrobacterium-mediated plant genetic transformation involves a complex interaction between the bacterium and the host plant. 3' UTR is involved in transcriptional regulation and the gene is expressed in the elongation zone of the root.,Epidermis,ATCSLA09,Leaf,Lee et al 2025,19
AT2G36410,Gelse_mpi.v2.8_MPIG027360.1,CRO_03G005320.1,Family of unknown function (DUF662) ,NA,Procambium_PP,AT2G36410,Leaf,Lee et al 2025,4
AT2G36410,Gelse_mpi.v2.8_MPIG027360.1,CRO_03G005320.1,Family of unknown function (DUF662) ,NA,Procambium_PP,AT2G36410,Leaf,Lee et al 2025,9
AT2G36410,Gelse_mpi.v2.8_MPIG027360.1,CRO_03G005320.1,Family of unknown function (DUF662) ,NA,Procambium_PP,AT2G36410,Leaf,Lee et al 2025,10
AT2G36410,Gelse_mpi.v2.8_MPIG027360.1,CRO_03G005320.1,Family of unknown function (DUF662) ,NA,Procambium_PP,AT2G36410,Leaf,Lee et al 2025,12
AT3G52870,Gelse_mpi.v2.8_MPIG027240.1,CRO_03G005500.3,IQ calmodulin-binding motif family protein,NA,Epidermis,AT3G52870,Leaf,Lee et al 2025,8
AT3G52870,Gelse_mpi.v2.8_MPIG027240.1,CRO_03G005500.3,IQ calmodulin-binding motif family protein,NA,Epidermis,AT3G52870,Leaf,Lee et al 2025,17
AT2G41140,Gelse_mpi.v2.8_MPIG006600.1,CRO_03G009620.1,CDPK-related kinase 1,Encodes CDPK-related kinase 1 (CRK1).,Procambium_PP,CRK1,Leaf,Lee et al 2025,18
AT3G56760,Gelse_mpi.v2.8_MPIG006600.1,CRO_03G009620.1,Protein kinase superfamily protein,NA,Procambium_PP,AT3G56760,Leaf,Lee et al 2025,18
AT2G38120,Gelse_mpi.v2.8_MPIG014240.1,CRO_03G010900.1,Transmembrane amino acid transporter family protein,Encodes an auxin influx transporter.  AUX1 resides at the apical plasma membrane of protophloem cells and at highly dynamic subpopulations of Golgi apparatus and endosomes in all cell types.  AUX1 action in the lateral root cap and/or epidermal cells influences lateral root initiation and positioning.,Epidermis,AUX1,Leaf,Lee et al 2025,12
AT4G29110,Gelse_mpi.v2.8_MPIG021760.1,CRO_03G015100.1,NA,NA,Epidermis,AT4G29110,Leaf,Lee et al 2025,4
AT1G17100,Gelse_mpi.v2.6_MPIG016980.1,CRO_03G018550.3,SOUL heme-binding family protein,NA,Procambium_XP,HBP1,Leaf,Lee et al 2025,3
AT1G17100,Gelse_mpi.v2.6_MPIG016980.1,CRO_03G018550.3,SOUL heme-binding family protein,NA,Procambium_XP,HBP1,Leaf,Lee et al 2025,6
AT1G17100,Gelse_mpi.v2.6_MPIG016980.1,CRO_03G018550.3,SOUL heme-binding family protein,NA,Procambium_XP,HBP1,Leaf,Lee et al 2025,12
AT1G17145,Gelse_mpi.v2.6_MPIG016700.1,CRO_03G018710.1,RING/U-box superfamily protein,NA,Epidermis,AT1G17145,Leaf,Lee et al 2025,17
AT1G06550,Gelse_mpi.v2.6_MPIG016120.5,CRO_03G019300.5,ATP-dependent caseinolytic (Clp) protease/crotonase family protein,NA,Epidermis,AT1G06550,Leaf,Lee et al 2025,13
AT2G42840,Gelse_mpi.v2.6_MPIG015640.4,CRO_03G019870.1,protodermal factor 1,"Encodes a putative extracellular proline-rich protein is exclusively expressed in the L1 layer of vegetative, inflorescence and floral meristems and the protoderm of organ primordia.",Trichome,protodermal factor 1,NA,Lee et al 2025,1
AT2G42840,Gelse_mpi.v2.6_MPIG015640.4,CRO_03G019870.1,protodermal factor 1,"Encodes a putative extracellular proline-rich protein is exclusively expressed in the L1 layer of vegetative, inflorescence and floral meristems and the protoderm of organ primordia.",Trichome,protodermal factor 1,NA,Lee et al 2025,7
AT2G42840,Gelse_mpi.v2.6_MPIG015640.4,CRO_03G019870.1,protodermal factor 1,"Encodes a putative extracellular proline-rich protein is exclusively expressed in the L1 layer of vegetative, inflorescence and floral meristems and the protoderm of organ primordia.",Trichome,protodermal factor 1,NA,Lee et al 2025,15
AT2G42840,Gelse_mpi.v2.6_MPIG015640.4,CRO_03G019870.1,protodermal factor 1,"Encodes a putative extracellular proline-rich protein is exclusively expressed in the L1 layer of vegetative, inflorescence and floral meristems and the protoderm of organ primordia.",Trichome,protodermal factor 1,NA,Lee et al 2025,16
AT5G64080,Gelse_mpi.v2.4_MPIG024320.1,CRO_03G024100.1,Bifunctional inhibitor/lipid-transfer protein/seed storage 2S albumin superfamily protein,NA,Procambium_PP,XYP1,Leaf,Lee et al 2025,9
AT5G64080,Gelse_mpi.v2.4_MPIG024320.1,CRO_03G024100.1,Bifunctional inhibitor/lipid-transfer protein/seed storage 2S albumin superfamily protein,NA,Procambium_PP,XYP1,Leaf,Lee et al 2025,10
AT5G64080,Gelse_mpi.v2.4_MPIG024320.1,CRO_03G024100.1,Bifunctional inhibitor/lipid-transfer protein/seed storage 2S albumin superfamily protein,NA,Procambium_PP,XYP1,Leaf,Lee et al 2025,11
AT5G64080,Gelse_mpi.v2.4_MPIG024320.1,CRO_03G024100.1,Bifunctional inhibitor/lipid-transfer protein/seed storage 2S albumin superfamily protein,NA,Procambium_PP,XYP1,Leaf,Lee et al 2025,14
AT5G64080,Gelse_mpi.v2.4_MPIG024320.1,CRO_03G024100.1,Bifunctional inhibitor/lipid-transfer protein/seed storage 2S albumin superfamily protein,NA,Procambium_PP,XYP1,Leaf,Lee et al 2025,18
AT4G34230,Gelse_mpi.v2.4_MPIG027540.1,CRO_03G026880.2,cinnamyl alcohol dehydrogenase 5,"Encodes a catalytically active cinnamyl alcohol dehydrogenase which uses p-coumaryl aldehyde as a preferred substrate. It can also use sinapyl, caffeyl, coniferyl and d-hydroxyconiferyl aldehydes as substrates.",Mesophyll,CAD5,Leaf,Lee et al 2025,9
AT4G34230,Gelse_mpi.v2.4_MPIG027540.1,CRO_03G026880.2,cinnamyl alcohol dehydrogenase 5,"Encodes a catalytically active cinnamyl alcohol dehydrogenase which uses p-coumaryl aldehyde as a preferred substrate. It can also use sinapyl, caffeyl, coniferyl and d-hydroxyconiferyl aldehydes as substrates.",Mesophyll,CAD5,Leaf,Lee et al 2025,12
AT4G34230,Gelse_mpi.v2.4_MPIG027540.1,CRO_03G026880.2,cinnamyl alcohol dehydrogenase 5,"Encodes a catalytically active cinnamyl alcohol dehydrogenase which uses p-coumaryl aldehyde as a preferred substrate. It can also use sinapyl, caffeyl, coniferyl and d-hydroxyconiferyl aldehydes as substrates.",Mesophyll,CAD5,Leaf,Lee et al 2025,17
AT1G49430,Gelse_mpi.v2.4_MPIG029130.2,CRO_03G028180.1,long-chain acyl-CoA synthetase 2,Encodes a long chain acyl-CoA synthetase that catalyzes the synthesis of omega-hydroxy fatty acyl-CoA intermediates in the pathway to cutin synthesis. Required for repression of lateral root formation.,Epidermis,LACS2,Leaf,Lee et al 2025,1
AT1G49430,Gelse_mpi.v2.4_MPIG029130.2,CRO_03G028180.1,long-chain acyl-CoA synthetase 2,Encodes a long chain acyl-CoA synthetase that catalyzes the synthesis of omega-hydroxy fatty acyl-CoA intermediates in the pathway to cutin synthesis. Required for repression of lateral root formation.,Epidermis,LACS2,Leaf,Lee et al 2025,7
AT1G49430,Gelse_mpi.v2.4_MPIG029130.2,CRO_03G028180.1,long-chain acyl-CoA synthetase 2,Encodes a long chain acyl-CoA synthetase that catalyzes the synthesis of omega-hydroxy fatty acyl-CoA intermediates in the pathway to cutin synthesis. Required for repression of lateral root formation.,Epidermis,LACS2,Leaf,Lee et al 2025,15
AT1G49430,Gelse_mpi.v2.4_MPIG029130.2,CRO_03G028180.1,long-chain acyl-CoA synthetase 2,Encodes a long chain acyl-CoA synthetase that catalyzes the synthesis of omega-hydroxy fatty acyl-CoA intermediates in the pathway to cutin synthesis. Required for repression of lateral root formation.,Epidermis,LACS2,Leaf,Lee et al 2025,19
AT1G76360,Gelse_mpi.v2.2_MPIG000890.2,CRO_03G029470.2,Protein kinase superfamily protein,NA,Epidermis,AT1G76360,Leaf,Lee et al 2025,17
AT4G03210,Gelse_mpi.v2.6_MPIG009670.1,CRO_03G031550.1,xyloglucan endotransglucosylase/hydrolase 9,"encodes a member of xyloglucan endotransglucosylase/hydrolases (XTHs) that catalyze the cleavage and molecular grafting of xyloglucan chains function in loosening and rearrangement of the cell wall. Gene is expressed in shoot apex region, flower buds, flower stalks and internodes bearing flowers.",Mesophyll,XTH9,Leaf,Lee et al 2025,3
AT4G03210,Gelse_mpi.v2.6_MPIG009670.1,CRO_03G031550.1,xyloglucan endotransglucosylase/hydrolase 9,"encodes a member of xyloglucan endotransglucosylase/hydrolases (XTHs) that catalyze the cleavage and molecular grafting of xyloglucan chains function in loosening and rearrangement of the cell wall. Gene is expressed in shoot apex region, flower buds, flower stalks and internodes bearing flowers.",Mesophyll,XTH9,Leaf,Lee et al 2025,6
AT4G03210,Gelse_mpi.v2.6_MPIG009670.1,CRO_03G031550.1,xyloglucan endotransglucosylase/hydrolase 9,"encodes a member of xyloglucan endotransglucosylase/hydrolases (XTHs) that catalyze the cleavage and molecular grafting of xyloglucan chains function in loosening and rearrangement of the cell wall. Gene is expressed in shoot apex region, flower buds, flower stalks and internodes bearing flowers.",Mesophyll,XTH9,Leaf,Lee et al 2025,9
AT4G03210,Gelse_mpi.v2.6_MPIG009670.1,CRO_03G031550.1,xyloglucan endotransglucosylase/hydrolase 9,"encodes a member of xyloglucan endotransglucosylase/hydrolases (XTHs) that catalyze the cleavage and molecular grafting of xyloglucan chains function in loosening and rearrangement of the cell wall. Gene is expressed in shoot apex region, flower buds, flower stalks and internodes bearing flowers.",Mesophyll,XTH9,Leaf,Lee et al 2025,10
AT3G21700,Gelse_mpi.v2.6_MPIG008590.1,CRO_03G032220.1,Ras-related small GTP-binding family protein,Monomeric G protein. Expressed in root epidermal cells that are destined to become atrichoblasts. Also expressed during pollen development and in the pollen tube tip.,Trichome,AT3G21700,Leaf,Lee et al 2025,3
AT3G21700,Gelse_mpi.v2.6_MPIG008590.1,CRO_03G032220.1,Ras-related small GTP-binding family protein,Monomeric G protein. Expressed in root epidermal cells that are destined to become atrichoblasts. Also expressed during pollen development and in the pollen tube tip.,Trichome,AT3G21700,Leaf,Lee et al 2025,6
AT3G11650,Gelse_mpi.v2.8_MPIG026020.1,CRO_04G000620.1,NDR1/HIN1-like 2,Encodes a protein whose sequence is similar to tobacco hairpin-induced gene (HIN1) and Arabidopsis non-race specific disease resistance gene (NDR1). Expression of this gene is induced by cucumber mosaic virus and spermine. Overexpression of the gene induces the expression of PR-1 gene and shows light-dependent 'speck disease-like' symptom on leaves. The gene product is localized to the chloroplast,Epidermis,NHL2,Leaf,Lee et al 2025,17
AT5G06320,Gelse_mpi.v2.8_MPIG026020.1,CRO_04G000620.1,NDR1/HIN1-like 3,"encodes a protein whose sequence is similar to tobacco hairpin-induced gene (HIN1) and Arabidopsis non-race specific disease resistance gene (NDR1). Expression of this gene is induced by cucumber mosaic virus, spermine and Pseudomonas syringae pv. tomato DC3000. The gene product is localized to the plasma membrane.",Trichome,AT5G06320,Leaf,Lee et al 2025,17
AT3G52470,Gelse_mpi.v2.8_MPIG026010.1,CRO_04G000630.1,Late embryogenesis abundant (LEA) hydroxyproline-rich glycoprotein family,NA,Epidermis,AT3G52470,Leaf,Lee et al 2025,6
AT3G52470,Gelse_mpi.v2.8_MPIG026010.1,CRO_04G000630.1,Late embryogenesis abundant (LEA) hydroxyproline-rich glycoprotein family,NA,Epidermis,AT3G52470,Leaf,Lee et al 2025,13
AT3G52470,Gelse_mpi.v2.8_MPIG026010.1,CRO_04G000630.1,Late embryogenesis abundant (LEA) hydroxyproline-rich glycoprotein family,NA,Epidermis,AT3G52470,Leaf,Lee et al 2025,17
AT3G52470,Gelse_mpi.v2.8_MPIG026010.1,CRO_04G000630.1,Late embryogenesis abundant (LEA) hydroxyproline-rich glycoprotein family,NA,Epidermis,AT3G52470,Leaf,Lee et al 2025,18
AT5G06330,Gelse_mpi.v2.8_MPIG026010.1,CRO_04G000630.1,Late embryogenesis abundant (LEA) hydroxyproline-rich glycoprotein family,NA,Trichome,AT5G06330,Leaf,Lee et al 2025,6
AT5G06330,Gelse_mpi.v2.8_MPIG026010.1,CRO_04G000630.1,Late embryogenesis abundant (LEA) hydroxyproline-rich glycoprotein family,NA,Trichome,AT5G06330,Leaf,Lee et al 2025,13
AT5G06330,Gelse_mpi.v2.8_MPIG026010.1,CRO_04G000630.1,Late embryogenesis abundant (LEA) hydroxyproline-rich glycoprotein family,NA,Trichome,AT5G06330,Leaf,Lee et al 2025,17
AT5G06330,Gelse_mpi.v2.8_MPIG026010.1,CRO_04G000630.1,Late embryogenesis abundant (LEA) hydroxyproline-rich glycoprotein family,NA,Trichome,AT5G06330,Leaf,Lee et al 2025,18
AT3G25250,Gelse_mpi.v2.5_MPIG007160.1,CRO_04G003450.1,"AGC (cAMP-dependent, cGMP-dependent and protein kinase C) kinase family protein",Arabidopsis protein kinase,Mesophyll,AGuard cell2-1,Leaf,Lee et al 2025,12
AT4G28780,Gelse_mpi.v2.5_MPIG005920.1,CRO_04G004640.1,GDSL-like Lipase/Acylhydrolase superfamily protein,NA,Epidermis,AT4G28780,Leaf,Lee et al 2025,1
AT4G28780,Gelse_mpi.v2.5_MPIG005920.1,CRO_04G004640.1,GDSL-like Lipase/Acylhydrolase superfamily protein,NA,Epidermis,AT4G28780,Leaf,Lee et al 2025,7
AT4G28780,Gelse_mpi.v2.5_MPIG005920.1,CRO_04G004640.1,GDSL-like Lipase/Acylhydrolase superfamily protein,NA,Epidermis,AT4G28780,Leaf,Lee et al 2025,15
AT1G04040,Gelse_mpi.v2.5_MPIG005450.1,CRO_04G005040.1,"HAD superfamily, subfamily IIIB acid phosphatase ",NA,Epidermis,AT1G04040,Leaf,Lee et al 2025,12
AT3G54560,Gelse_mpi.v2.5_MPIG004200.3,CRO_04G006480.2,histone H2A 11,"Encodes HTA11, a histone H2A protein.",Mesophyll,HTA11,Leaf,Lee et al 2025,10
AT3G54560,Gelse_mpi.v2.5_MPIG004200.3,CRO_04G006480.2,histone H2A 11,"Encodes HTA11, a histone H2A protein.",Mesophyll,HTA11,Leaf,Lee et al 2025,11
AT2G47650,Gelse_mpi.v2.5_MPIG001770.1,CRO_04G008790.1,UDP-xylose synthase 4,"encodes a protein similar to UDP-glucuronic acid decarboxylase. UDP-glucuronic acid decarboxylase produces UDP-xylose, which is a substrate for many cell wall carbohydrates including hemicellulose and pectin. UDP-xylose is also known to feedback regulate several cell wall biosynthetic enzymes.",Epidermis,UXS4,Leaf,Lee et al 2025,17
AT2G47630,Gelse_mpi.v2.5_MPIG001760.7,CRO_04G008810.1,alpha/beta-Hydrolases superfamily protein,NA,Epidermis,AT2G47630,Leaf,Lee et al 2025,20
AT2G47500,Gelse_mpi.v2.5_MPIG001340.1,NA,P-loop nucleoside triphosphate hydrolases superfamily protein with CH (Calponin Homology) domain,NA,Cell division,AT2G47500,Seedling,Lee et al 2025,9
AT2G47500,Gelse_mpi.v2.5_MPIG001340.1,NA,P-loop nucleoside triphosphate hydrolases superfamily protein with CH (Calponin Homology) domain,NA,Cell division,AT2G47500,Seedling,Lee et al 2025,10
AT2G47500,Gelse_mpi.v2.5_MPIG001340.1,NA,P-loop nucleoside triphosphate hydrolases superfamily protein with CH (Calponin Homology) domain,NA,Cell division,AT2G47500,Seedling,Lee et al 2025,19
AT2G26910,Gelse_mpi.v2.8_MPIG022940.1,CRO_04G010140.1,pleiotropic drug resistance 4,NA,Epidermis,ABCG32,Leaf,Lee et al 2025,1
AT2G26910,Gelse_mpi.v2.8_MPIG022940.1,CRO_04G010140.1,pleiotropic drug resistance 4,NA,Epidermis,ABCG32,Leaf,Lee et al 2025,7
AT2G26910,Gelse_mpi.v2.8_MPIG022940.1,CRO_04G010140.1,pleiotropic drug resistance 4,NA,Epidermis,ABCG32,Leaf,Lee et al 2025,15
AT2G26910,Gelse_mpi.v2.8_MPIG022940.1,CRO_04G010140.1,pleiotropic drug resistance 4,NA,Epidermis,ABCG32,Leaf,Lee et al 2025,19
AT5G20230,Gelse_mpi.v2.8_MPIG023900.1,CRO_04G011630.1,blue-copper-binding protein,Al-stress-induced gene,Mesophyll,BCB,Leaf,Lee et al 2025,6
AT5G20230,Gelse_mpi.v2.8_MPIG023900.1,CRO_04G011630.1,blue-copper-binding protein,Al-stress-induced gene,Mesophyll,BCB,Leaf,Lee et al 2025,13
AT5G20270,Gelse_mpi.v2.8_MPIG024280.4,CRO_04G015710.3,heptahelical transmembrane protein1,heptahelical transmembrane protein homologous to human adiponectin receptors and progestin receptors,Epidermis,HHP1,Leaf,Lee et al 2025,7
AT3G53540,Gelse_mpi.v2.8_MPIG011650.4,CRO_04G017120.1,NA,NA,Epidermis,TRM19,Leaf,Lee et al 2025,15
AT3G53620,Gelse_mpi.v2.8_MPIG011810.1,CRO_04G017310.1,pyrophosphorylase 4,Encodes a soluble protein with inorganic pyrophosphatase activity that is highly specific for Mg-inorganic pyrophosphate.,Procambium_PP,PPa4,Leaf,Lee et al 2025,6
AT3G53620,Gelse_mpi.v2.8_MPIG011810.1,CRO_04G017310.1,pyrophosphorylase 4,Encodes a soluble protein with inorganic pyrophosphatase activity that is highly specific for Mg-inorganic pyrophosphate.,Procambium_PP,PPa4,Leaf,Lee et al 2025,13
AT3G53620,Gelse_mpi.v2.8_MPIG011810.1,CRO_04G017310.1,pyrophosphorylase 4,Encodes a soluble protein with inorganic pyrophosphatase activity that is highly specific for Mg-inorganic pyrophosphate.,Procambium_PP,PPa4,Leaf,Lee et al 2025,17
AT5G02490,Gelse_mpi.v2.8_MPIG012030.1,CRO_04G017600.1,Heat shock protein 70 (Hsp 70) family protein,NA,Procambium_PP,Hsp70-2,Leaf,Lee et al 2025,2
AT5G02490,Gelse_mpi.v2.8_MPIG012030.1,CRO_04G017600.1,Heat shock protein 70 (Hsp 70) family protein,NA,Procambium_PP,Hsp70-2,Leaf,Lee et al 2025,4
AT5G02490,Gelse_mpi.v2.8_MPIG012030.1,CRO_04G017600.1,Heat shock protein 70 (Hsp 70) family protein,NA,Procambium_PP,Hsp70-2,Leaf,Lee et al 2025,9
AT5G02490,Gelse_mpi.v2.8_MPIG012030.1,CRO_04G017600.1,Heat shock protein 70 (Hsp 70) family protein,NA,Procambium_PP,Hsp70-2,Leaf,Lee et al 2025,12
AT5G02380,Gelse_mpi.v2.8_MPIG012420.1,CRO_04G017930.1,metallothionein 2B,cysteine-rich protein with copper-binding activity,Vasculature,MET2B,NA,Lee et al 2025,3
AT5G02380,Gelse_mpi.v2.8_MPIG012420.1,CRO_04G017930.1,metallothionein 2B,cysteine-rich protein with copper-binding activity,Vasculature,MET2B,NA,Lee et al 2025,6
AT5G02380,Gelse_mpi.v2.8_MPIG012420.1,CRO_04G017930.1,metallothionein 2B,cysteine-rich protein with copper-binding activity,Vasculature,MET2B,NA,Lee et al 2025,13
AT3G54020,Gelse_mpi.v2.8_MPIG013650.1,CRO_04G019390.3,Arabidopsis Inositol phosphorylceramide synthase 1,Inositol phosphorylceramide synthase,Mesophyll,AtIPCS1,Leaf,Lee et al 2025,1
AT3G54020,Gelse_mpi.v2.8_MPIG013650.1,CRO_04G019390.3,Arabidopsis Inositol phosphorylceramide synthase 1,Inositol phosphorylceramide synthase,Mesophyll,AtIPCS1,Leaf,Lee et al 2025,4
AT3G54020,Gelse_mpi.v2.8_MPIG013650.1,CRO_04G019390.3,Arabidopsis Inositol phosphorylceramide synthase 1,Inositol phosphorylceramide synthase,Mesophyll,AtIPCS1,Leaf,Lee et al 2025,7
AT3G54020,Gelse_mpi.v2.8_MPIG013650.1,CRO_04G019390.3,Arabidopsis Inositol phosphorylceramide synthase 1,Inositol phosphorylceramide synthase,Mesophyll,AtIPCS1,Leaf,Lee et al 2025,9
AT3G54020,Gelse_mpi.v2.8_MPIG013650.1,CRO_04G019390.3,Arabidopsis Inositol phosphorylceramide synthase 1,Inositol phosphorylceramide synthase,Mesophyll,AtIPCS1,Leaf,Lee et al 2025,10
AT3G54020,Gelse_mpi.v2.8_MPIG013650.1,CRO_04G019390.3,Arabidopsis Inositol phosphorylceramide synthase 1,Inositol phosphorylceramide synthase,Mesophyll,AtIPCS1,Leaf,Lee et al 2025,11
AT3G54020,Gelse_mpi.v2.8_MPIG013650.1,CRO_04G019390.3,Arabidopsis Inositol phosphorylceramide synthase 1,Inositol phosphorylceramide synthase,Mesophyll,AtIPCS1,Leaf,Lee et al 2025,12
AT3G54020,Gelse_mpi.v2.8_MPIG013650.1,CRO_04G019390.3,Arabidopsis Inositol phosphorylceramide synthase 1,Inositol phosphorylceramide synthase,Mesophyll,AtIPCS1,Leaf,Lee et al 2025,17
AT2G41740,Gelse_mpi.v2.8_MPIG009060.1,CRO_04G021120.1,villin 2,Encodes a protein with high homology to animal villin.,Epidermis,VLN2,Leaf,Lee et al 2025,4
AT2G41740,Gelse_mpi.v2.8_MPIG009060.1,CRO_04G021120.1,villin 2,Encodes a protein with high homology to animal villin.,Epidermis,VLN2,Leaf,Lee et al 2025,19
AT3G57410,Gelse_mpi.v2.8_MPIG009060.1,CRO_04G021120.1,villin 3,Encodes a protein with high homology to animal villin. VLN3 is a Ca2+-regulated villin involved in actin filament bundling.,Epidermis,VLN3,Leaf,Lee et al 2025,4
AT3G57410,Gelse_mpi.v2.8_MPIG009060.1,CRO_04G021120.1,villin 3,Encodes a protein with high homology to animal villin. VLN3 is a Ca2+-regulated villin involved in actin filament bundling.,Epidermis,VLN3,Leaf,Lee et al 2025,19
AT2G04570,Gelse_mpi.v2.6_MPIG005960.3,CRO_04G023070.1,GDSL-like Lipase/Acylhydrolase superfamily protein,NA,Epidermis,AT2G04570,Leaf,Lee et al 2025,7
AT2G04570,Gelse_mpi.v2.6_MPIG005960.3,CRO_04G023070.1,GDSL-like Lipase/Acylhydrolase superfamily protein,NA,Epidermis,AT2G04570,Leaf,Lee et al 2025,15
AT5G63550,Gelse_mpi.v2.2_MPIG027160.1,NA,DEK domain-containing chromatin associated protein,NA,Mesophyll,AT5G63550,Leaf,Lee et al 2025,11
AT5G62680,Gelse_mpi.v2.2_MPIG032250.2,CRO_04G026360.2,Major facilitator superfamily protein,NA,Xylem Parenchyma,GTR2,Leaf,Lee et al 2025,17
AT3G47600,Gelse_mpi.v2.2_MPIG033180.2,CRO_04G027390.1,myb domain protein 94,Encodes a putative transcription factor (MYB94).,Epidermis,MYB94,Leaf,Lee et al 2025,7
AT3G47600,Gelse_mpi.v2.2_MPIG033180.2,CRO_04G027390.1,myb domain protein 94,Encodes a putative transcription factor (MYB94).,Epidermis,MYB94,Leaf,Lee et al 2025,19
AT5G62470,Gelse_mpi.v2.2_MPIG033180.2,CRO_04G027390.1,myb domain protein 96,Encodes a R2R3 type Myb transcription factor whose expression is strongly induced by abscisic acid. Mediates abscisic acid signaling during drought stress response.,Epidermis,MYB96,Leaf,Lee et al 2025,7
AT5G62470,Gelse_mpi.v2.2_MPIG033180.2,CRO_04G027390.1,myb domain protein 96,Encodes a R2R3 type Myb transcription factor whose expression is strongly induced by abscisic acid. Mediates abscisic acid signaling during drought stress response.,Epidermis,MYB96,Leaf,Lee et al 2025,19
AT1G65840,Gelse_mpi.v2.1_MPIG041540.1,CRO_04G027850.1,polyamine oxidase 4,"encodes a peroxisomal polyamine oxidase, involved in the back-conversion polyamine degradation pathway. Among the five polyamine oxidases in the Arabidopsis genome, PAO4 is the major isoform in root peroxisomes.",Epidermis,PAO4,Leaf,Lee et al 2025,1
AT1G65840,Gelse_mpi.v2.1_MPIG041540.1,CRO_04G027850.1,polyamine oxidase 4,"encodes a peroxisomal polyamine oxidase, involved in the back-conversion polyamine degradation pathway. Among the five polyamine oxidases in the Arabidopsis genome, PAO4 is the major isoform in root peroxisomes.",Epidermis,PAO4,Leaf,Lee et al 2025,7
AT1G65840,Gelse_mpi.v2.1_MPIG041540.1,CRO_04G027850.1,polyamine oxidase 4,"encodes a peroxisomal polyamine oxidase, involved in the back-conversion polyamine degradation pathway. Among the five polyamine oxidases in the Arabidopsis genome, PAO4 is the major isoform in root peroxisomes.",Epidermis,PAO4,Leaf,Lee et al 2025,15
AT2G17705,Gelse_mpi.v2.1_MPIG043290.1,NA,NA,NA,Epidermis,AT2G17705,Leaf,Lee et al 2025,17
AT2G18060,Gelse_mpi.v2.1_MPIG044130.1,CRO_04G030720.1,vascular related NAC-domain protein 1,Encodes a NAC-domain transcription factor. Expressed in the vascular tissue.,Vessel,VND1,Stem,"Li et al 2023; Zhou et al., 2014",9
AT4G36250,Gelse_mpi.v2.1_MPIG044340.1,CRO_04G030940.1,aldehyde dehydrogenase 3F1,Encodes a putative aldehyde dehydrogenase. The gene is not responsive to osmotic stress and is expressed constitutively at a low level in plantlets and root cultures.,Epidermis,ALDH3F1,Leaf,Lee et al 2025,1
AT4G36250,Gelse_mpi.v2.1_MPIG044340.1,CRO_04G030940.1,aldehyde dehydrogenase 3F1,Encodes a putative aldehyde dehydrogenase. The gene is not responsive to osmotic stress and is expressed constitutively at a low level in plantlets and root cultures.,Epidermis,ALDH3F1,Leaf,Lee et al 2025,7
AT4G36250,Gelse_mpi.v2.1_MPIG044340.1,CRO_04G030940.1,aldehyde dehydrogenase 3F1,Encodes a putative aldehyde dehydrogenase. The gene is not responsive to osmotic stress and is expressed constitutively at a low level in plantlets and root cultures.,Epidermis,ALDH3F1,Leaf,Lee et al 2025,15
AT3G50660,Gelse_mpi.v2.1_MPIG045350.1,CRO_04G031750.2,Cytochrome P450 superfamily protein,"Encodes a 22&#945; hydroxylase whose reaction is a rate-limiting step in brassinosteroid biosynthetic pathway. The protein is a member of CYP90B gene family. CLM is an epi-allele  with small, compressed rosette, reduced internode length, and reduced fertility, appears in selfed ddm mutant plants possibly due to loss of cytosine methylation. Transcripts accumulate in actively growing tissues, and GUS expression is negatively  regulated by brassinosteroids. Localized in the endoplasmic reticulum. The in vitro expressed protein can perform the C-22 hydroxylation of a variety of C27-, C28- and C29-sterols. Cholesterol was the best substrate, followed by campesterol. Sitosterol was a poor substrate.",Embryo,AT3G50660,Silique,Lee et al 2025,9
AT5G38690,Gelse_mpi.v2.1_MPIG045870.2,CRO_04G032350.1,Zinc-finger domain of monoamine-oxidase A repressor R1 protein,NA,Mesophyll,AT5G38690,Leaf,Lee et al 2025,11
AT5G38420,Gelse_mpi.v2.1_MPIG046090.1,CRO_04G032580.1,Ribulose bisphosphate carboxylase (small chain) family protein,NA,Mesophyll,RbcS2B,Leaf,Lee et al 2025,0
AT5G38420,Gelse_mpi.v2.1_MPIG046090.1,CRO_04G032580.1,Ribulose bisphosphate carboxylase (small chain) family protein,NA,Mesophyll,RbcS2B,Leaf,Lee et al 2025,6
AT5G38420,Gelse_mpi.v2.1_MPIG046090.1,CRO_04G032580.1,Ribulose bisphosphate carboxylase (small chain) family protein,NA,Mesophyll,RbcS2B,Leaf,Lee et al 2025,8
AT5G38420,Gelse_mpi.v2.1_MPIG046090.1,CRO_04G032580.1,Ribulose bisphosphate carboxylase (small chain) family protein,NA,Mesophyll,RbcS2B,Leaf,Lee et al 2025,13
AT4G37870,Gelse_mpi.v2.1_MPIG047360.4,NA,phosphoenolpyruvate carboxykinase 1,Encodes a putative phosphoenolpyruvate carboxykinase (ATP-dependent).,Trichome,AT4G37870,Leaf,Lee et al 2025,20
AT3G20670,Gelse_mpi.v2.6_MPIG020610.1,CRO_05G001070.1,histone H2A 13,"Encodes HTA13, a histone H2A protein.",Mesophyll,HTA13,Leaf,Lee et al 2025,11
AT4G26790,Gelse_mpi.v2.6_MPIG022020.1,CRO_05G002140.1,GDSL-like Lipase/Acylhydrolase superfamily protein,NA,Epidermis,AT4G26790,Leaf,Lee et al 2025,19
AT3G20150,Gelse_mpi.v2.6_MPIG022500.3,CRO_05G002460.4,Kinesin motor family protein,NA,Embryo,AT3G20150,Silique,Lee et al 2025,10
AT1G55840,Gelse_mpi.v2.6_MPIG023250.3,CRO_05G002680.3,Sec14p-like phosphatidylinositol transfer family protein,NA,Trichome,AT1G55840,Leaf,Lee et al 2025,7
AT1G55840,Gelse_mpi.v2.6_MPIG023250.3,CRO_05G002680.3,Sec14p-like phosphatidylinositol transfer family protein,NA,Trichome,AT1G55840,Leaf,Lee et al 2025,16
AT1G55840,Gelse_mpi.v2.6_MPIG023250.3,CRO_05G002680.3,Sec14p-like phosphatidylinositol transfer family protein,NA,Trichome,AT1G55840,Leaf,Lee et al 2025,18
AT1G79430,Gelse_mpi.v2.6_MPIG024980.3,CRO_05G004470.1,Homeodomain-like superfamily protein,"Encodes gene product that is required for several aspects of phloem development in the root: (1) the specific divisions organizing the phloem pole, (2) sieve element differentiation and (3) the expression of a companion-specific gene.  Mutant has a defect in the organization of phloem poles in the root. apl seedlings have a short, determinate root with only occasional lateral branches.",Sieve element/Companion cell,APL,Stem/Leaf,"Bonke et al., 2003; Li et al 2023; Kim et al., 2021; Lee et al 2025",18
AT4G26070,Gelse_mpi.v2.8_MPIG020290.2,CRO_05G006500.1,MAP kinase/ ERK kinase 1,"Member of MAP Kinase Kinase.  Likely functions in a stress-activated MAPK pathway. Can phosphorylate the MAPK AtMPK4, in response to stress. Gets phosphorylated by MEKK1 in response to wounding.",Mesophyll,MEK1,Leaf,Lee et al 2025,17
AT2G06520,Gelse_mpi.v2.8_MPIG020050.1,NA,photosystem II subunit X,Encodes a protein with sequence similarity to the spinach photosystem II subunit PsbX.,Cortex and pith,PSBX,Stem,Li et al 2023,0
AT2G06520,Gelse_mpi.v2.8_MPIG020050.1,NA,photosystem II subunit X,Encodes a protein with sequence similarity to the spinach photosystem II subunit PsbX.,Cortex and pith,PSBX,Stem,Li et al 2023,2
AT2G06520,Gelse_mpi.v2.8_MPIG020050.1,NA,photosystem II subunit X,Encodes a protein with sequence similarity to the spinach photosystem II subunit PsbX.,Cortex and pith,PSBX,Stem,Li et al 2023,6
AT2G06520,Gelse_mpi.v2.8_MPIG020050.1,NA,photosystem II subunit X,Encodes a protein with sequence similarity to the spinach photosystem II subunit PsbX.,Cortex and pith,PSBX,Stem,Li et al 2023,10
AT2G06520,Gelse_mpi.v2.8_MPIG020050.1,NA,photosystem II subunit X,Encodes a protein with sequence similarity to the spinach photosystem II subunit PsbX.,Cortex and pith,PSBX,Stem,Li et al 2023,13
AT5G20630,Gelse_mpi.v2.8_MPIG019850.1,CRO_05G006910.1,germin 3,"Encodes a germin-like protein. Its transcripts are more abundant in RNA from leaves collected in the evening, suggesting some kind of circadian regulation.",Mesophyll2,GER3,Leaf,Lee et al 2025,0
AT5G20630,Gelse_mpi.v2.8_MPIG019850.1,CRO_05G006910.1,germin 3,"Encodes a germin-like protein. Its transcripts are more abundant in RNA from leaves collected in the evening, suggesting some kind of circadian regulation.",Mesophyll2,GER3,Leaf,Lee et al 2025,6
AT5G20630,Gelse_mpi.v2.8_MPIG019850.1,CRO_05G006910.1,germin 3,"Encodes a germin-like protein. Its transcripts are more abundant in RNA from leaves collected in the evening, suggesting some kind of circadian regulation.",Mesophyll2,GER3,Leaf,Lee et al 2025,8
AT5G20630,Gelse_mpi.v2.8_MPIG019850.1,CRO_05G006910.1,germin 3,"Encodes a germin-like protein. Its transcripts are more abundant in RNA from leaves collected in the evening, suggesting some kind of circadian regulation.",Mesophyll2,GER3,Leaf,Lee et al 2025,13
AT1G19210,Gelse_mpi.v2.8_MPIG019380.1,CRO_05G007570.1,Integrase-type DNA-binding superfamily protein,"encodes a member of the DREB subfamily A-5 of ERF/AP2 transcription factor family. The protein contains one AP2 domain. There are 15 members in this subfamily including RAP2.1, RAP2.9 and RAP2.10.",Mesophyll,AT1G19210,Leaf,Lee et al 2025,2
AT1G19210,Gelse_mpi.v2.8_MPIG019380.1,CRO_05G007570.1,Integrase-type DNA-binding superfamily protein,"encodes a member of the DREB subfamily A-5 of ERF/AP2 transcription factor family. The protein contains one AP2 domain. There are 15 members in this subfamily including RAP2.1, RAP2.9 and RAP2.10.",Mesophyll,AT1G19210,Leaf,Lee et al 2025,10
AT1G51500,Gelse_mpi.v2.3_MPIG011610.8,CRO_05G010480.1,ABC-2 type transporter family protein,"Encodes an ABC transporter involved in cuticular wax biosynthesis. Lines carrying recessive mutations in this locus have weakly glaucous stem surface, and relative elevated secondary alcohols and ketones.",Epidermis,CER5,Leaf,Lee et al 2025,1
AT1G51500,Gelse_mpi.v2.3_MPIG011610.8,CRO_05G010480.1,ABC-2 type transporter family protein,"Encodes an ABC transporter involved in cuticular wax biosynthesis. Lines carrying recessive mutations in this locus have weakly glaucous stem surface, and relative elevated secondary alcohols and ketones.",Epidermis,CER5,Leaf,Lee et al 2025,7
AT1G51500,Gelse_mpi.v2.3_MPIG011610.8,CRO_05G010480.1,ABC-2 type transporter family protein,"Encodes an ABC transporter involved in cuticular wax biosynthesis. Lines carrying recessive mutations in this locus have weakly glaucous stem surface, and relative elevated secondary alcohols and ketones.",Epidermis,CER5,Leaf,Lee et al 2025,15
AT4G34710,Gelse_mpi.v2.4_MPIG030520.1,CRO_05G013660.1,arginine decarboxylase 2,"encodes a arginine decarboxylase (ADC), a rate-limiting enzyme that catalyzes the first step of polyamine (PA) biosynthesis via ADC pathway in Arabidopsis thaliana. Arabidopsis genome has two ADC paralogs, ADC1 and ADC2. ADC2 is stress-inducible (osmotic stress). Double mutant analysis showed that ADC genes are essential for the production of PA, and are required for normal seed development. Overexpression causes phenotypes similar to GA-deficient plants and these plants show reduced levels of GA due to lower expression levels of AtGA20ox1, AtGA3ox3 and AtGA3ox1.",Mesophyll,ADC2,Leaf,Lee et al 2025,1
AT4G34710,Gelse_mpi.v2.4_MPIG030520.1,CRO_05G013660.1,arginine decarboxylase 2,"encodes a arginine decarboxylase (ADC), a rate-limiting enzyme that catalyzes the first step of polyamine (PA) biosynthesis via ADC pathway in Arabidopsis thaliana. Arabidopsis genome has two ADC paralogs, ADC1 and ADC2. ADC2 is stress-inducible (osmotic stress). Double mutant analysis showed that ADC genes are essential for the production of PA, and are required for normal seed development. Overexpression causes phenotypes similar to GA-deficient plants and these plants show reduced levels of GA due to lower expression levels of AtGA20ox1, AtGA3ox3 and AtGA3ox1.",Mesophyll,ADC2,Leaf,Lee et al 2025,2
AT4G34710,Gelse_mpi.v2.4_MPIG030520.1,CRO_05G013660.1,arginine decarboxylase 2,"encodes a arginine decarboxylase (ADC), a rate-limiting enzyme that catalyzes the first step of polyamine (PA) biosynthesis via ADC pathway in Arabidopsis thaliana. Arabidopsis genome has two ADC paralogs, ADC1 and ADC2. ADC2 is stress-inducible (osmotic stress). Double mutant analysis showed that ADC genes are essential for the production of PA, and are required for normal seed development. Overexpression causes phenotypes similar to GA-deficient plants and these plants show reduced levels of GA due to lower expression levels of AtGA20ox1, AtGA3ox3 and AtGA3ox1.",Mesophyll,ADC2,Leaf,Lee et al 2025,10
AT4G39090,Gelse_mpi.v2.4_MPIG030230.2,CRO_05G014020.1,Papain family cysteine protease,"Similar to cysteine proteinases, induced by desiccation but not abscisic acid.  Required for RRS1-R mediated resistance against Ralstonia solanacearum.  Interacts with the R. solanacearum type III effector PopP2.  RD19 associates with PopP2 to form a nuclear complex that is required for activation of the RRS1-Rmediated resistance response.",Trichome,AT4G39090,Leaf,Lee et al 2025,6
AT4G39090,Gelse_mpi.v2.4_MPIG030230.2,CRO_05G014020.1,Papain family cysteine protease,"Similar to cysteine proteinases, induced by desiccation but not abscisic acid.  Required for RRS1-R mediated resistance against Ralstonia solanacearum.  Interacts with the R. solanacearum type III effector PopP2.  RD19 associates with PopP2 to form a nuclear complex that is required for activation of the RRS1-Rmediated resistance response.",Trichome,AT4G39090,Leaf,Lee et al 2025,13
AT4G31840,Gelse_mpi.v2.7_MPIG004050.1,CRO_05G014320.2,early nodulin-like protein 15,NA,Embryo,AT4G31840,Silique,Lee et al 2025,10
AT4G31840,Gelse_mpi.v2.7_MPIG004050.1,CRO_05G014320.2,early nodulin-like protein 15,NA,Embryo,AT4G31840,Silique,Lee et al 2025,14
AT1G12010,Gelse_mpi.v2.1_MPIG029310.2,CRO_05G015470.2,2-oxoglutarate (2OG) and Fe(II)-dependent oxygenase superfamily protein,Encodes a protein that appears to have 1-amino-cyclopropane-1-carboxylic acid oxidase activity based on mutant analyses.,Bundle Sheath,AT1G12010,NA,Lee et al 2025,4
AT1G12010,Gelse_mpi.v2.1_MPIG029310.2,CRO_05G015470.2,2-oxoglutarate (2OG) and Fe(II)-dependent oxygenase superfamily protein,Encodes a protein that appears to have 1-amino-cyclopropane-1-carboxylic acid oxidase activity based on mutant analyses.,Bundle Sheath,AT1G12010,NA,Lee et al 2025,9
AT1G12010,Gelse_mpi.v2.1_MPIG029310.2,CRO_05G015470.2,2-oxoglutarate (2OG) and Fe(II)-dependent oxygenase superfamily protein,Encodes a protein that appears to have 1-amino-cyclopropane-1-carboxylic acid oxidase activity based on mutant analyses.,Bundle Sheath,AT1G12010,NA,Lee et al 2025,12
AT1G12010,Gelse_mpi.v2.1_MPIG029310.2,CRO_05G015470.2,2-oxoglutarate (2OG) and Fe(II)-dependent oxygenase superfamily protein,Encodes a protein that appears to have 1-amino-cyclopropane-1-carboxylic acid oxidase activity based on mutant analyses.,Bundle Sheath,AT1G12010,NA,Lee et al 2025,18
AT2G21790,Gelse_mpi.v2.1_MPIG036370.2,CRO_05G016550.2,ribonucleotide reductase 1,encodes large subunit of ribonucleotide reductase involved in the production of deoxyribonucleoside triphosphates (dNTPs) for DNA replication and repair,Mesophyll,RNR1,Leaf,Lee et al 2025,11
AT5G09760,Gelse_mpi.v2.1_MPIG033600.2,CRO_05G017440.2,Plant invertase/pectin methylesterase inhibitor superfamily,NA,Procambium_XP,AT5G09760,Leaf,Lee et al 2025,20
AT2G42260,Gelse_mpi.v2.8_MPIG010370.1,CRO_05G022890.1,uv-b-insensitive 4,Encodes a novel plant-specific protein of unknown function. The UVI4 gene is expressed mainly in actively dividing cells. The hypocotyl cells in mutant seedlings undergo one extra round of endoreduplication. The uvi4 mutation also promoted the progression of endo-reduplication during leaf development.,Mesophyll,UVI4,Leaf,Lee et al 2025,11
AT2G34710,Gelse_mpi.v2.1_MPIG025700.1,CRO_05G024580.2,Homeobox-leucine zipper family protein / lipid-binding START domain-containing protein,"Dominant PHB mutations cause transformation of abaxial leaf fates into adaxial leaf fates. Encodes a member of HD-Zip family which contains homeodomain-leucine zipper domains and domain similar to a mammalian sterol binding domain. Has overlapping functions with PHAVOLUTA, REVOLUTA and CORONA.",Procambium_XP,ATHB-14,Stem,"Li et al 2023; Prigge et al., 2005",4
AT2G34710,Gelse_mpi.v2.1_MPIG025700.1,CRO_05G024580.2,Homeobox-leucine zipper family protein / lipid-binding START domain-containing protein,"Dominant PHB mutations cause transformation of abaxial leaf fates into adaxial leaf fates. Encodes a member of HD-Zip family which contains homeodomain-leucine zipper domains and domain similar to a mammalian sterol binding domain. Has overlapping functions with PHAVOLUTA, REVOLUTA and CORONA.",Procambium_XP,ATHB-14,Stem,"Li et al 2023; Prigge et al., 2005",9
AT2G34710,Gelse_mpi.v2.1_MPIG025700.1,CRO_05G024580.2,Homeobox-leucine zipper family protein / lipid-binding START domain-containing protein,"Dominant PHB mutations cause transformation of abaxial leaf fates into adaxial leaf fates. Encodes a member of HD-Zip family which contains homeodomain-leucine zipper domains and domain similar to a mammalian sterol binding domain. Has overlapping functions with PHAVOLUTA, REVOLUTA and CORONA.",Procambium_XP,ATHB-14,Stem,"Li et al 2023; Prigge et al., 2005",11
AT2G34710,Gelse_mpi.v2.1_MPIG025700.1,CRO_05G024580.2,Homeobox-leucine zipper family protein / lipid-binding START domain-containing protein,"Dominant PHB mutations cause transformation of abaxial leaf fates into adaxial leaf fates. Encodes a member of HD-Zip family which contains homeodomain-leucine zipper domains and domain similar to a mammalian sterol binding domain. Has overlapping functions with PHAVOLUTA, REVOLUTA and CORONA.",Procambium_XP,ATHB-14,Stem,"Li et al 2023; Prigge et al., 2005",12
AT1G30360,Gelse_mpi.v2.1_MPIG024050.1,CRO_05G025190.1,Early-responsive to dehydration stress protein (ERD4),NA,Procambium_PP,ERD4,Leaf,Lee et al 2025,4
AT1G30360,Gelse_mpi.v2.1_MPIG024050.1,CRO_05G025190.1,Early-responsive to dehydration stress protein (ERD4),NA,Procambium_PP,ERD4,Leaf,Lee et al 2025,9
AT1G30360,Gelse_mpi.v2.1_MPIG024050.1,CRO_05G025190.1,Early-responsive to dehydration stress protein (ERD4),NA,Procambium_PP,ERD4,Leaf,Lee et al 2025,10
AT1G30135,Gelse_mpi.v2.1_MPIG023450.1,CRO_05G025690.1,jasmonate-zim-domain protein 8,NA,Mesophyll,JAZ8,Leaf,Lee et al 2025,20
AT2G34430,Gelse_mpi.v2.1_MPIG022630.1,CRO_05G026760.1,light-harvesting chlorophyll-protein complex II subunit B1,Photosystem II type I chlorophyll            a/b-binding protein,Cortex,LHB1B1,Stem,Lee et al 2025,0
AT2G34430,Gelse_mpi.v2.1_MPIG022630.1,CRO_05G026760.1,light-harvesting chlorophyll-protein complex II subunit B1,Photosystem II type I chlorophyll            a/b-binding protein,Cortex,LHB1B1,Stem,Lee et al 2025,6
AT2G34430,Gelse_mpi.v2.1_MPIG022630.1,CRO_05G026760.1,light-harvesting chlorophyll-protein complex II subunit B1,Photosystem II type I chlorophyll            a/b-binding protein,Cortex,LHB1B1,Stem,Lee et al 2025,8
AT2G34430,Gelse_mpi.v2.1_MPIG022630.1,CRO_05G026760.1,light-harvesting chlorophyll-protein complex II subunit B1,Photosystem II type I chlorophyll            a/b-binding protein,Cortex,LHB1B1,Stem,Lee et al 2025,13
AT3G11210,Gelse_mpi.v2.1_MPIG007760.3,CRO_05G029330.1,SGNH hydrolase-type esterase superfamily protein,NA,Epidermis,AT3G11210,Leaf,Lee et al 2025,1
AT3G11210,Gelse_mpi.v2.1_MPIG007760.3,CRO_05G029330.1,SGNH hydrolase-type esterase superfamily protein,NA,Epidermis,AT3G11210,Leaf,Lee et al 2025,7
AT3G11210,Gelse_mpi.v2.1_MPIG007760.3,CRO_05G029330.1,SGNH hydrolase-type esterase superfamily protein,NA,Epidermis,AT3G11210,Leaf,Lee et al 2025,15
AT2G40140,Gelse_mpi.v2.1_MPIG007610.1,CRO_05G029470.1,zinc finger (CCCH-type) family protein,NA,Mesophyll,CZF1,Leaf,Lee et al 2025,1
AT2G40140,Gelse_mpi.v2.1_MPIG007610.1,CRO_05G029470.1,zinc finger (CCCH-type) family protein,NA,Mesophyll,CZF1,Leaf,Lee et al 2025,2
AT5G05270,Gelse_mpi.v2.1_MPIG006560.5,CRO_05G030570.1,Chalcone-flavanone isomerase family protein,NA,Epidermis,CHIL,Leaf,Lee et al 2025,1
AT5G05270,Gelse_mpi.v2.1_MPIG006560.5,CRO_05G030570.1,Chalcone-flavanone isomerase family protein,NA,Epidermis,CHIL,Leaf,Lee et al 2025,7
AT5G05270,Gelse_mpi.v2.1_MPIG006560.5,CRO_05G030570.1,Chalcone-flavanone isomerase family protein,NA,Epidermis,CHIL,Leaf,Lee et al 2025,13
AT2G40610,Gelse_mpi.v2.1_MPIG006600.1,CRO_05G030540.2,expansin A8,"member of Alpha-Expansin Gene Family. Naming convention from the Expansin Working Group (Kende et al, 2004. Plant Mol Bio).  Involved in the formation of nematode-induced syncytia in roots of Arabidopsis thaliana.",Epidermis,EXPA8,Leaf,Lee et al 2025,1
AT2G40610,Gelse_mpi.v2.1_MPIG006600.1,CRO_05G030540.2,expansin A8,"member of Alpha-Expansin Gene Family. Naming convention from the Expansin Working Group (Kende et al, 2004. Plant Mol Bio).  Involved in the formation of nematode-induced syncytia in roots of Arabidopsis thaliana.",Epidermis,EXPA8,Leaf,Lee et al 2025,6
AT2G40610,Gelse_mpi.v2.1_MPIG006600.1,CRO_05G030540.2,expansin A8,"member of Alpha-Expansin Gene Family. Naming convention from the Expansin Working Group (Kende et al, 2004. Plant Mol Bio).  Involved in the formation of nematode-induced syncytia in roots of Arabidopsis thaliana.",Epidermis,EXPA8,Leaf,Lee et al 2025,7
AT2G40610,Gelse_mpi.v2.1_MPIG006600.1,CRO_05G030540.2,expansin A8,"member of Alpha-Expansin Gene Family. Naming convention from the Expansin Working Group (Kende et al, 2004. Plant Mol Bio).  Involved in the formation of nematode-induced syncytia in roots of Arabidopsis thaliana.",Epidermis,EXPA8,Leaf,Lee et al 2025,9
AT2G40750,Gelse_mpi.v2.1_MPIG006410.18,CRO_05G030730.4,WRKY DNA-binding protein 54,member of WRKY Transcription Factor; Group III,Mesophyll,WRKY54,Leaf,Lee et al 2025,7
AT2G40750,Gelse_mpi.v2.1_MPIG006410.18,CRO_05G030730.4,WRKY DNA-binding protein 54,member of WRKY Transcription Factor; Group III,Mesophyll,WRKY54,Leaf,Lee et al 2025,15
AT2G40750,Gelse_mpi.v2.1_MPIG006410.18,CRO_05G030730.4,WRKY DNA-binding protein 54,member of WRKY Transcription Factor; Group III,Mesophyll,WRKY54,Leaf,Lee et al 2025,19
AT5G61480,Gelse_mpi.v2.1_MPIG005360.2,CRO_05G032300.1,Leucine-rich repeat protein kinase family protein,NA,Cambium,PXY,Stem,Li et al 2023; Lee et al 2025,9
AT5G61480,Gelse_mpi.v2.1_MPIG005360.2,CRO_05G032300.1,Leucine-rich repeat protein kinase family protein,NA,Cambium,PXY,Stem,Li et al 2023; Lee et al 2025,12
AT5G62100,Gelse_mpi.v2.1_MPIG004200.2,CRO_05G033260.1,BCL-2-associated athanogene 2,"A member of Arabidopsis BAG (Bcl-2-associated athanogene) proteins, plant homologs of mammalian regulators of apoptosis. Plant BAG proteins are multi-functional and remarkably similar to their animal counterparts, as they regulate apoptotic-like processes ranging from pathogen attack, to abiotic stress, to plant development.",Epidermis,BAG2,Leaf,Lee et al 2025,6
AT3G16170,Gelse_mpi.v2.2_MPIG040870.1,CRO_06G000250.2,AMP-dependent synthetase and ligase family protein,NA,Epidermis,AAE13,Leaf,Lee et al 2025,1
AT3G16170,Gelse_mpi.v2.2_MPIG040870.1,CRO_06G000250.2,AMP-dependent synthetase and ligase family protein,NA,Epidermis,AAE13,Leaf,Lee et al 2025,7
AT3G16170,Gelse_mpi.v2.2_MPIG040870.1,CRO_06G000250.2,AMP-dependent synthetase and ligase family protein,NA,Epidermis,AAE13,Leaf,Lee et al 2025,15
AT3G16170,Gelse_mpi.v2.2_MPIG040870.1,CRO_06G000250.2,AMP-dependent synthetase and ligase family protein,NA,Epidermis,AAE13,Leaf,Lee et al 2025,19
AT3G16370,Gelse_mpi.v2.2_MPIG041490.2,CRO_06G000750.1,GDSL-like Lipase/Acylhydrolase superfamily protein,NA,Epidermis,AT3G16370,Leaf,Lee et al 2025,7
AT3G16370,Gelse_mpi.v2.2_MPIG041490.2,CRO_06G000750.1,GDSL-like Lipase/Acylhydrolase superfamily protein,NA,Epidermis,AT3G16370,Leaf,Lee et al 2025,15
AT5G14390,Gelse_mpi.v2.1_MPIG054810.3,CRO_06G001060.2,alpha/beta-Hydrolases superfamily protein,NA,Epidermis,AT5G14390,Leaf,Lee et al 2025,9
AT5G14410,Gelse_mpi.v2.1_MPIG054730.2,CRO_06G001130.1,NA,NA,Epidermis,AT5G14410,Leaf,Lee et al 2025,7
AT5G49480,Gelse_mpi.v2.3_MPIG031280.1,CRO_06G003480.1,Ca2+-binding protein 1,"AtCP1 encodes a novel Ca2+-binding protein, which shares sequence similarities with calmodulins. The expression of AtCP1 is induced by NaCl.",Mesophyll,CP1,Leaf,Lee et al 2025,17
AT3G06500,Gelse_mpi.v2.3_MPIG031570.1,CRO_06G003240.3,Plant neutral invertase family protein,NA,Mesophyll,A/N-InvC,Leaf,Lee et al 2025,4
AT3G06500,Gelse_mpi.v2.3_MPIG031570.1,CRO_06G003240.3,Plant neutral invertase family protein,NA,Mesophyll,A/N-InvC,Leaf,Lee et al 2025,12
AT3G06740,Gelse_mpi.v2.3_MPIG030650.1,CRO_06G004040.1,GATA transcription factor 15,Encodes a member of the GATA factor family of zinc finger transcription factors.,Mesophyll,GATA15,Leaf,Lee et al 2025,11
AT3G16720,Gelse_mpi.v2.3_MPIG030220.2,CRO_06G004500.1,TOXICOS EN LEVADURA 2,RING-H2 protein induced after exposure to chitin or inactivated crude cellulase preparations.,Epidermis,ATL2,Leaf,Lee et al 2025,17
AT4G15620,Gelse_mpi.v2.3_MPIG029170.1,CRO_06G006050.1,Uncharacterised protein family (UPF0497),NA,Trichome,AT4G15620,Leaf,Lee et al 2025,15
AT4G20270,Gelse_mpi.v2.1_MPIG015510.1,CRO_06G008220.2,Leucine-rich receptor-like protein kinase family protein,"Encodes a CLAVATA1-related receptor kinase-like protein required for both shoot and flower meristem function.  It has a broad expression pattern and is involved in vascular strand development in the leaf, control of leaf shape, size and symmetry, male gametophyte development and ovule specification and function.",Procambium_PP,BAM3,Stem/Leaf,"Li et al 2023; Lee et al 2025; Rodriguez-Villalon et al., 2014",4
AT4G20270,Gelse_mpi.v2.1_MPIG015510.1,CRO_06G008220.2,Leucine-rich receptor-like protein kinase family protein,"Encodes a CLAVATA1-related receptor kinase-like protein required for both shoot and flower meristem function.  It has a broad expression pattern and is involved in vascular strand development in the leaf, control of leaf shape, size and symmetry, male gametophyte development and ovule specification and function.",Procambium_PP,BAM3,Stem/Leaf,"Li et al 2023; Lee et al 2025; Rodriguez-Villalon et al., 2014",18
AT1G04680,Gelse_mpi.v2.3_MPIG022960.2,CRO_06G010230.1,Pectin lyase-like superfamily protein,NA,Epidermis,AT1G04680,Leaf,Lee et al 2025,9
AT1G04680,Gelse_mpi.v2.3_MPIG022960.2,CRO_06G010230.1,Pectin lyase-like superfamily protein,NA,Epidermis,AT1G04680,Leaf,Lee et al 2025,14
AT5G43330,Gelse_mpi.v2.3_MPIG024790.1,CRO_06G012790.1,Lactate/malate dehydrogenase family protein,NA,Epidermis,c-NAD-MDH2,Leaf,Lee et al 2025,7
AT5G43330,Gelse_mpi.v2.3_MPIG024790.1,CRO_06G012790.1,Lactate/malate dehydrogenase family protein,NA,Epidermis,c-NAD-MDH2,Leaf,Lee et al 2025,16
AT5G43330,Gelse_mpi.v2.3_MPIG024790.1,CRO_06G012790.1,Lactate/malate dehydrogenase family protein,NA,Epidermis,c-NAD-MDH2,Leaf,Lee et al 2025,19
AT3G23050,Gelse_mpi.v2.3_MPIG026100.1,CRO_06G014230.1,indole-3-acetic acid 7,"Transcription regulator acting as repressor of auxin-inducible gene expression. Plays role in the control of gravitropic growth and development in light-grown seedlings. Auxin induces the degradation of the protein in a dosage-dependent manner in a process mediated by AtRac1. Auxin induced the relocalization of the protein within the nucleus from a diffused nucleoplasmic pattern to a discrete particulated pattern named nuclear protein bodies or NPB in a process also mediated by Rac1. Colocalizes with SCF, CSN and 26S proteasome components.",Epidermis,IAA7,Leaf,Lee et al 2025,7
AT4G14550,Gelse_mpi.v2.3_MPIG026100.1,CRO_06G014230.1,indole-3-acetic acid inducible 14,IAA14 is a member of the Aux/IAA protein family.   Involved in lateral root development. Gain of function mutation decreases auxin-inducible gene expression. Protein is localized to the nucleus. Expressed in stele and root tip epidermis. Functions as a negative regulator of ARF7/19.,Epidermis,IAA14,Leaf,Lee et al 2025,7
AT1G04220,Gelse_mpi.v2.3_MPIG026280.1,CRO_06G014380.1,3-ketoacyl-CoA synthase 2,"Encodes KCS2, a member of the 3-ketoacyl-CoA synthase family involved in the biosynthesis of VLCFA (very long chain fatty acids).",Epidermis,KCS2,Leaf,Lee et al 2025,1
AT1G04220,Gelse_mpi.v2.3_MPIG026280.1,CRO_06G014380.1,3-ketoacyl-CoA synthase 2,"Encodes KCS2, a member of the 3-ketoacyl-CoA synthase family involved in the biosynthesis of VLCFA (very long chain fatty acids).",Epidermis,KCS2,Leaf,Lee et al 2025,7
AT1G04220,Gelse_mpi.v2.3_MPIG026280.1,CRO_06G014380.1,3-ketoacyl-CoA synthase 2,"Encodes KCS2, a member of the 3-ketoacyl-CoA synthase family involved in the biosynthesis of VLCFA (very long chain fatty acids).",Epidermis,KCS2,Leaf,Lee et al 2025,15
AT4G14620,Gelse_mpi.v2.3_MPIG026320.1,CRO_06G014470.2,Protein of unknown function (DUF506) ,NA,Epidermis,AT4G14620,Leaf,Lee et al 2025,1
AT4G14620,Gelse_mpi.v2.3_MPIG026320.1,CRO_06G014470.2,Protein of unknown function (DUF506) ,NA,Epidermis,AT4G14620,Leaf,Lee et al 2025,4
AT4G14620,Gelse_mpi.v2.3_MPIG026320.1,CRO_06G014470.2,Protein of unknown function (DUF506) ,NA,Epidermis,AT4G14620,Leaf,Lee et al 2025,7
AT4G14620,Gelse_mpi.v2.3_MPIG026320.1,CRO_06G014470.2,Protein of unknown function (DUF506) ,NA,Epidermis,AT4G14620,Leaf,Lee et al 2025,9
AT4G14620,Gelse_mpi.v2.3_MPIG026320.1,CRO_06G014470.2,Protein of unknown function (DUF506) ,NA,Epidermis,AT4G14620,Leaf,Lee et al 2025,10
AT4G14620,Gelse_mpi.v2.3_MPIG026320.1,CRO_06G014470.2,Protein of unknown function (DUF506) ,NA,Epidermis,AT4G14620,Leaf,Lee et al 2025,12
AT4G14620,Gelse_mpi.v2.3_MPIG026320.1,CRO_06G014470.2,Protein of unknown function (DUF506) ,NA,Epidermis,AT4G14620,Leaf,Lee et al 2025,15
AT4G14740,Gelse_mpi.v2.3_MPIG026850.2,CRO_06G014960.1,Plant protein of unknown function (DUF828) with plant pleckstrin homology-like region,NA,Epidermis,AT4G14740,Leaf,Lee et al 2025,1
AT5G16240,Gelse_mpi.v2.1_MPIG015120.2,CRO_06G016190.3,Plant stearoyl-acyl-carrier-protein desaturase family protein,NA,Epidermis,AT5G16240,Leaf,Lee et al 2025,7
AT1G65470,Gelse_mpi.v2.1_MPIG015110.1,CRO_06G016210.2,chromatin assembly factor-1 (FASCIATA1) (FAS1),"Chromatin Assembly Factor-1 (CAF-1) p150 subunit. Mutants have reduced heterochromatin content.  In Arabidopsis, the three CAF-1 subunits are encoded by FAS1, FAS2 and, most likely, MSI1, respectively.  Mutations in FAS1 or FAS2 lead to increased frequency of homologous recombination and T-DNA integration in Arabidopsis.",Mesophyll,FAS1,Leaf,Lee et al 2025,11
AT1G65450,Gelse_mpi.v2.1_MPIG015060.3,CRO_06G016280.1,HXXXD-type acyl-transferase family protein,NA,Trichome,AT1G65450,Leaf,Lee et al 2025,1
AT1G65450,Gelse_mpi.v2.1_MPIG015060.3,CRO_06G016280.1,HXXXD-type acyl-transferase family protein,NA,Trichome,AT1G65450,Leaf,Lee et al 2025,7
AT1G65450,Gelse_mpi.v2.1_MPIG015060.3,CRO_06G016280.1,HXXXD-type acyl-transferase family protein,NA,Trichome,AT1G65450,Leaf,Lee et al 2025,15
AT1G65450,Gelse_mpi.v2.1_MPIG015060.3,CRO_06G016280.1,HXXXD-type acyl-transferase family protein,NA,Trichome,AT1G65450,Leaf,Lee et al 2025,19
AT3G54820,Gelse_mpi.v2.1_MPIG013370.1,CRO_06G018840.1,plasma membrane intrinsic protein 2;5,NA,Epidermis,PIP2;5,Leaf,Lee et al 2025,9
AT3G54820,Gelse_mpi.v2.1_MPIG013370.1,CRO_06G018840.1,plasma membrane intrinsic protein 2;5,NA,Epidermis,PIP2;5,Leaf,Lee et al 2025,10
AT3G54820,Gelse_mpi.v2.1_MPIG013370.1,CRO_06G018840.1,plasma membrane intrinsic protein 2;5,NA,Epidermis,PIP2;5,Leaf,Lee et al 2025,12
AT3G54820,Gelse_mpi.v2.1_MPIG013370.1,CRO_06G018840.1,plasma membrane intrinsic protein 2;5,NA,Epidermis,PIP2;5,Leaf,Lee et al 2025,14
AT3G54820,Gelse_mpi.v2.1_MPIG013370.1,CRO_06G018840.1,plasma membrane intrinsic protein 2;5,NA,Epidermis,PIP2;5,Leaf,Lee et al 2025,15
AT3G54820,Gelse_mpi.v2.1_MPIG013370.1,CRO_06G018840.1,plasma membrane intrinsic protein 2;5,NA,Epidermis,PIP2;5,Leaf,Lee et al 2025,16
AT3G54820,Gelse_mpi.v2.1_MPIG013370.1,CRO_06G018840.1,plasma membrane intrinsic protein 2;5,NA,Epidermis,PIP2;5,Leaf,Lee et al 2025,19
AT3G54860,Gelse_mpi.v2.1_MPIG012610.5,CRO_06G019880.1,Sec1/munc18-like (SM) proteins superfamily,Homologous to yeast VPS33. Forms a complex with VCL1 and AtVPS11. Involved in vacuolar biogenesis.,Epidermis,ATVPS33,Leaf,Lee et al 2025,16
AT3G10410,Gelse_mpi.v2.1_MPIG012520.1,CRO_06G019990.1,SERINE CARBOXYPEPTIDASE-LIKE 49,NA,Trichome,AT3G10410,Leaf,Lee et al 2025,13
AT1G66230,Gelse_mpi.v2.1_MPIG040740.3,CRO_06G024260.1,myb domain protein 20,Encodes a putative transcription factor (MYB20).,Epidermis,MYB20,Leaf,Lee et al 2025,12
AT4G38770,Gelse_mpi.v2.4_MPIG030930.3,CRO_06G025640.1,proline-rich protein 4,Encodes one of four proline-rich proteins in Arabidopsis which are predicted to localize to the cell wall.  Transcripts are most abundant in aerial organs of the plant.,Epidermis,PRP4,Leaf,Lee et al 2025,7
AT4G38770,Gelse_mpi.v2.4_MPIG030930.3,CRO_06G025640.1,proline-rich protein 4,Encodes one of four proline-rich proteins in Arabidopsis which are predicted to localize to the cell wall.  Transcripts are most abundant in aerial organs of the plant.,Epidermis,PRP4,Leaf,Lee et al 2025,19
AT2G16850,Gelse_mpi.v2.4_MPIG031630.1,CRO_06G026270.1,plasma membrane intrinsic protein 2;8,NA,Procambium_PP,PIP2;8,Leaf,Lee et al 2025,4
AT2G16850,Gelse_mpi.v2.4_MPIG031630.1,CRO_06G026270.1,plasma membrane intrinsic protein 2;8,NA,Procambium_PP,PIP2;8,Leaf,Lee et al 2025,9
AT2G16850,Gelse_mpi.v2.4_MPIG031630.1,CRO_06G026270.1,plasma membrane intrinsic protein 2;8,NA,Procambium_PP,PIP2;8,Leaf,Lee et al 2025,10
AT2G16850,Gelse_mpi.v2.4_MPIG031630.1,CRO_06G026270.1,plasma membrane intrinsic protein 2;8,NA,Procambium_PP,PIP2;8,Leaf,Lee et al 2025,12
AT2G16850,Gelse_mpi.v2.4_MPIG031630.1,CRO_06G026270.1,plasma membrane intrinsic protein 2;8,NA,Procambium_PP,PIP2;8,Leaf,Lee et al 2025,14
AT2G16850,Gelse_mpi.v2.4_MPIG031630.1,CRO_06G026270.1,plasma membrane intrinsic protein 2;8,NA,Procambium_PP,PIP2;8,Leaf,Lee et al 2025,18
AT2G45190,Gelse_mpi.v2.4_MPIG022000.1,CRO_06G029770.1,Plant-specific transcription factor YABBY family protein,Encodes a member of the YABBY family of transcriptional regulators that is involved in abaxial cell type specification in leaves and fruits. YAB1 acts in a non-cell autonomous fashion within the meristem to affect phyllotactic patterning. The non-autonomous effect on the central region of the meristem is mediated through the activity if Lateral Suppressor (LAS).,Mesophyll,AFO,Leaf,Lee et al 2025,6
AT2G45190,Gelse_mpi.v2.4_MPIG022000.1,CRO_06G029770.1,Plant-specific transcription factor YABBY family protein,Encodes a member of the YABBY family of transcriptional regulators that is involved in abaxial cell type specification in leaves and fruits. YAB1 acts in a non-cell autonomous fashion within the meristem to affect phyllotactic patterning. The non-autonomous effect on the central region of the meristem is mediated through the activity if Lateral Suppressor (LAS).,Mesophyll,AFO,Leaf,Lee et al 2025,8
AT4G00180,Gelse_mpi.v2.4_MPIG022000.1,CRO_06G029770.1,Plant-specific transcription factor YABBY family protein,"YABBY gene family member, likely has transcription factor activity, involved in specifying abaxial cell fate. Along with FIL, involved in patterning of the fruit. GUS reporter gene expression in seedlings is observed in the young leaves and as the leaf matures, expression is restricted to the abaxial tissues of leaves, expression is also observed on either side of the leaf margin in the younger tissues of leaf blades.",Abaxial Epidermis,YAB3,Leaf,Lee et al 2025,6
AT4G00180,Gelse_mpi.v2.4_MPIG022000.1,CRO_06G029770.1,Plant-specific transcription factor YABBY family protein,"YABBY gene family member, likely has transcription factor activity, involved in specifying abaxial cell fate. Along with FIL, involved in patterning of the fruit. GUS reporter gene expression in seedlings is observed in the young leaves and as the leaf matures, expression is restricted to the abaxial tissues of leaves, expression is also observed on either side of the leaf margin in the younger tissues of leaf blades.",Abaxial Epidermis,YAB3,Leaf,Lee et al 2025,8
AT4G00050,Gelse_mpi.v2.4_MPIG021490.5,CRO_06G030210.2,basic helix-loop-helix (bHLH) DNA-binding superfamily protein,NA,Epidermis,UNE10,Leaf,Lee et al 2025,0
AT4G00050,Gelse_mpi.v2.4_MPIG021490.5,CRO_06G030210.2,basic helix-loop-helix (bHLH) DNA-binding superfamily protein,NA,Epidermis,UNE10,Leaf,Lee et al 2025,2
AT4G00050,Gelse_mpi.v2.4_MPIG021490.5,CRO_06G030210.2,basic helix-loop-helix (bHLH) DNA-binding superfamily protein,NA,Epidermis,UNE10,Leaf,Lee et al 2025,3
AT4G00050,Gelse_mpi.v2.4_MPIG021490.5,CRO_06G030210.2,basic helix-loop-helix (bHLH) DNA-binding superfamily protein,NA,Epidermis,UNE10,Leaf,Lee et al 2025,6
AT4G00050,Gelse_mpi.v2.4_MPIG021490.5,CRO_06G030210.2,basic helix-loop-helix (bHLH) DNA-binding superfamily protein,NA,Epidermis,UNE10,Leaf,Lee et al 2025,8
AT2G45660,Gelse_mpi.v2.4_MPIG023030.14,CRO_06G031200.3,AGAMOUS-like 20,Controls flowering and is required for CO to promote flowering. It acts downstream of FT. Overexpression of (SOC1) AGL20 suppresses not only the late flowering of plants that have functional FRI and FLC alleles but also the delayed phase transitions during the vegetative stages of development. AGL20/SOC1 acts with AGL24 to promote flowering and inflorescence meristem identity.AGL20 upregulates expression of AGL24 in response to GA.,Cortex,AGL20,Stem,Lee et al 2025,1
AT2G45660,Gelse_mpi.v2.4_MPIG023030.14,CRO_06G031200.3,AGAMOUS-like 20,Controls flowering and is required for CO to promote flowering. It acts downstream of FT. Overexpression of (SOC1) AGL20 suppresses not only the late flowering of plants that have functional FRI and FLC alleles but also the delayed phase transitions during the vegetative stages of development. AGL20/SOC1 acts with AGL24 to promote flowering and inflorescence meristem identity.AGL20 upregulates expression of AGL24 in response to GA.,Cortex,AGL20,Stem,Lee et al 2025,7
AT2G45660,Gelse_mpi.v2.4_MPIG023030.14,CRO_06G031200.3,AGAMOUS-like 20,Controls flowering and is required for CO to promote flowering. It acts downstream of FT. Overexpression of (SOC1) AGL20 suppresses not only the late flowering of plants that have functional FRI and FLC alleles but also the delayed phase transitions during the vegetative stages of development. AGL20/SOC1 acts with AGL24 to promote flowering and inflorescence meristem identity.AGL20 upregulates expression of AGL24 in response to GA.,Cortex,AGL20,Stem,Lee et al 2025,15
AT2G45820,Gelse_mpi.v2.4_MPIG002950.4,CRO_06G031770.1,Remorin family protein,NA,Exocarp,AT2G45820,Silique,Lee et al 2025,18
AT4G00400,Gelse_mpi.v2.4_MPIG002480.2,CRO_06G032080.1,glycerol-3-phosphate acyltransferase 8,Involved in cutin assembly. Is functionally redundant with GPAT4.,Epidermis,GPAT8,Leaf,Lee et al 2025,1
AT4G00400,Gelse_mpi.v2.4_MPIG002480.2,CRO_06G032080.1,glycerol-3-phosphate acyltransferase 8,Involved in cutin assembly. Is functionally redundant with GPAT4.,Epidermis,GPAT8,Leaf,Lee et al 2025,7
AT4G00400,Gelse_mpi.v2.4_MPIG002480.2,CRO_06G032080.1,glycerol-3-phosphate acyltransferase 8,Involved in cutin assembly. Is functionally redundant with GPAT4.,Epidermis,GPAT8,Leaf,Lee et al 2025,15
AT1G01610,Gelse_mpi.v2.4_MPIG002480.2,CRO_06G032080.1,glycerol-3-phosphate acyltransferase 4,Encodes a protein with glycerol-3-phosphate acyltransferase activity. Involved in cutin assembly. Is functional redundant of GPAT8.,Epidermis,GPAT4,Leaf,Lee et al 2025,1
AT1G01610,Gelse_mpi.v2.4_MPIG002480.2,CRO_06G032080.1,glycerol-3-phosphate acyltransferase 4,Encodes a protein with glycerol-3-phosphate acyltransferase activity. Involved in cutin assembly. Is functional redundant of GPAT8.,Epidermis,GPAT4,Leaf,Lee et al 2025,7
AT1G01610,Gelse_mpi.v2.4_MPIG002480.2,CRO_06G032080.1,glycerol-3-phosphate acyltransferase 4,Encodes a protein with glycerol-3-phosphate acyltransferase activity. Involved in cutin assembly. Is functional redundant of GPAT8.,Epidermis,GPAT4,Leaf,Lee et al 2025,15
AT2G46140,Gelse_mpi.v2.4_MPIG001940.1,CRO_06G032580.1,Late embryogenesis abundant protein,NA,Trichome,AT2G46140,Leaf,Lee et al 2025,12
AT2G46140,Gelse_mpi.v2.4_MPIG001940.1,CRO_06G032580.1,Late embryogenesis abundant protein,NA,Trichome,AT2G46140,Leaf,Lee et al 2025,18
AT1G01470,Gelse_mpi.v2.4_MPIG001940.1,CRO_06G032580.1,Late embryogenesis abundant protein,Encodes late-embryogenesis abundant protein whose mRNA levels are induced in response to wounding and light stress. Might be involved in protection against dessication.,Trichome,AT1G01470,Leaf,Lee et al 2025,12
AT1G01470,Gelse_mpi.v2.4_MPIG001940.1,CRO_06G032580.1,Late embryogenesis abundant protein,Encodes late-embryogenesis abundant protein whose mRNA levels are induced in response to wounding and light stress. Might be involved in protection against dessication.,Trichome,AT1G01470,Leaf,Lee et al 2025,18
AT2G46410,Gelse_mpi.v2.4_MPIG001340.1,CRO_06G033010.2,Homeodomain-like superfamily protein,"Nuclear-localized R3-type MYB transcription factor. Positive regulator of hair-cell differentiation. Preferentially transcribed in hairless cells. Moves from atrichoblasts into trichoblast via plasmodesmata in a tissue-specific mode. N-terminus and part of the Myb domain are required for this movement, with W76 playing a crucial role. Capability to increase the size-exclusion limit of plasmodesmata. Regulated by WEREWOLF.",Trichome,CAPRICE,Leaf,Lee et al 2025,13
AT3G61820,Gelse_mpi.v2.4_MPIG000890.1,CRO_06G033350.1,Eukaryotic aspartyl protease family protein,NA,Procambium_XP,AT3G61820,Leaf,Lee et al 2025,6
AT3G61820,Gelse_mpi.v2.4_MPIG000890.1,CRO_06G033350.1,Eukaryotic aspartyl protease family protein,NA,Procambium_XP,AT3G61820,Leaf,Lee et al 2025,13
AT4G16780,Gelse_mpi.v2.7_MPIG013580.2,CRO_07G002070.1,homeobox protein 2,Encodes a homeodomain-leucine zipper protein that is rapidly and strongly induced by changes in the ratio of red to far-red light.  It is also involved in cell expansion and cell proliferation and in the response to auxin.,Epidermis,HB-2,Leaf,Lee et al 2025,1
AT4G16780,Gelse_mpi.v2.7_MPIG013580.2,CRO_07G002070.1,homeobox protein 2,Encodes a homeodomain-leucine zipper protein that is rapidly and strongly induced by changes in the ratio of red to far-red light.  It is also involved in cell expansion and cell proliferation and in the response to auxin.,Epidermis,HB-2,Leaf,Lee et al 2025,3
AT4G16780,Gelse_mpi.v2.7_MPIG013580.2,CRO_07G002070.1,homeobox protein 2,Encodes a homeodomain-leucine zipper protein that is rapidly and strongly induced by changes in the ratio of red to far-red light.  It is also involved in cell expansion and cell proliferation and in the response to auxin.,Epidermis,HB-2,Leaf,Lee et al 2025,5
AT4G16780,Gelse_mpi.v2.7_MPIG013580.2,CRO_07G002070.1,homeobox protein 2,Encodes a homeodomain-leucine zipper protein that is rapidly and strongly induced by changes in the ratio of red to far-red light.  It is also involved in cell expansion and cell proliferation and in the response to auxin.,Epidermis,HB-2,Leaf,Lee et al 2025,7
AT4G12430,Gelse_mpi.v2.7_MPIG012290.1,CRO_07G002920.2,Haloacid dehalogenase-like hydrolase (HAD) superfamily protein,NA,Trichome,AT4G12430,Leaf,Lee et al 2025,19
AT1G12430,Gelse_mpi.v2.7_MPIG011780.4,CRO_07G003520.1,armadillo repeat kinesin 3,"Encodes the kinesin-like protein PAK has an Armadillo motif tail and is involved  in guard cell development in Arabidopsis (from Genbank record AF159052).However, no defect in stomatal complexes has been observed in loss of function mutations.",Cortex,ARK3,Stem,Lee et al 2025,9
AT1G63100,Gelse_mpi.v2.7_MPIG011080.1,CRO_07G004080.1,GRAS family transcription factor,NA,Cell division,AT1G63100,Seedling,Lee et al 2025,14
AT4G11330,Gelse_mpi.v2.7_MPIG002650.1,CRO_07G005230.2,MAP kinase 5,MAP kinase,Mesophyll,MPK5,Leaf,Lee et al 2025,19
AT5G41810,Gelse_mpi.v2.7_MPIG001610.1,CRO_07G006000.1,NA,NA,Epidermis,AT5G41810,Leaf,Lee et al 2025,15
AT1G64390,Gelse_mpi.v2.7_MPIG001430.1,CRO_07G006180.1,glycosyl hydrolase 9C2,NA,Epidermis,GH9C2,Leaf,Lee et al 2025,0
AT1G64390,Gelse_mpi.v2.7_MPIG001430.1,CRO_07G006180.1,glycosyl hydrolase 9C2,NA,Epidermis,GH9C2,Leaf,Lee et al 2025,3
AT1G64390,Gelse_mpi.v2.7_MPIG001430.1,CRO_07G006180.1,glycosyl hydrolase 9C2,NA,Epidermis,GH9C2,Leaf,Lee et al 2025,6
AT1G64390,Gelse_mpi.v2.7_MPIG001430.1,CRO_07G006180.1,glycosyl hydrolase 9C2,NA,Epidermis,GH9C2,Leaf,Lee et al 2025,9
AT1G64390,Gelse_mpi.v2.7_MPIG001430.1,CRO_07G006180.1,glycosyl hydrolase 9C2,NA,Epidermis,GH9C2,Leaf,Lee et al 2025,13
AT1G64400,Gelse_mpi.v2.7_MPIG001400.2,CRO_07G006200.2,AMP-dependent synthetase and ligase family protein,NA,Epidermis,LACS3,Leaf,Lee et al 2025,16
AT1G64400,Gelse_mpi.v2.7_MPIG001400.2,CRO_07G006200.2,AMP-dependent synthetase and ligase family protein,NA,Epidermis,LACS3,Leaf,Lee et al 2025,19
AT5G42020,Gelse_mpi.v2.7_MPIG000990.1,CRO_07G006650.1,Heat shock protein 70 (Hsp 70) family protein,Luminal binding protein (BiP2) involved in polar nuclei fusion during proliferation of endosperm nuclei.,Epidermis,BIP2,Leaf,Lee et al 2025,1
AT5G42020,Gelse_mpi.v2.7_MPIG000990.1,CRO_07G006650.1,Heat shock protein 70 (Hsp 70) family protein,Luminal binding protein (BiP2) involved in polar nuclei fusion during proliferation of endosperm nuclei.,Epidermis,BIP2,Leaf,Lee et al 2025,4
AT5G42020,Gelse_mpi.v2.7_MPIG000990.1,CRO_07G006650.1,Heat shock protein 70 (Hsp 70) family protein,Luminal binding protein (BiP2) involved in polar nuclei fusion during proliferation of endosperm nuclei.,Epidermis,BIP2,Leaf,Lee et al 2025,7
AT5G42020,Gelse_mpi.v2.7_MPIG000990.1,CRO_07G006650.1,Heat shock protein 70 (Hsp 70) family protein,Luminal binding protein (BiP2) involved in polar nuclei fusion during proliferation of endosperm nuclei.,Epidermis,BIP2,Leaf,Lee et al 2025,9
AT5G42020,Gelse_mpi.v2.7_MPIG000990.1,CRO_07G006650.1,Heat shock protein 70 (Hsp 70) family protein,Luminal binding protein (BiP2) involved in polar nuclei fusion during proliferation of endosperm nuclei.,Epidermis,BIP2,Leaf,Lee et al 2025,12
AT5G42020,Gelse_mpi.v2.7_MPIG000990.1,CRO_07G006650.1,Heat shock protein 70 (Hsp 70) family protein,Luminal binding protein (BiP2) involved in polar nuclei fusion during proliferation of endosperm nuclei.,Epidermis,BIP2,Leaf,Lee et al 2025,18
AT5G42020,Gelse_mpi.v2.7_MPIG000990.1,CRO_07G006650.1,Heat shock protein 70 (Hsp 70) family protein,Luminal binding protein (BiP2) involved in polar nuclei fusion during proliferation of endosperm nuclei.,Epidermis,BIP2,Leaf,Lee et al 2025,20
AT1G46480,Gelse_mpi.v2.2_MPIG005990.1,CRO_07G006930.1,WUSCHEL related homeobox 4,Encodes a WUSCHEL-related homeobox gene family member with 65 amino acids in its homeodomain. Proteins in this family contain a sequence of eight residues (TLPLFPMH) downstream of the homeodomain called the WUS box. This protein also contains an acidic domain approximately 10 residues upstream of the WUS box. Part of the TDIF-TDR-WOX4 signaling pathway that plays a crucial role in the maintenance of the vascular meristem organization during secondary growth.,Cambium,WOX4,Stem/Leaf,"Li et al 2023; Lee et al 2025; Kim et al., 2021",9
AT1G78240,Gelse_mpi.v2.2_MPIG010440.5,CRO_07G010810.3,S-adenosyl-L-methionine-dependent methyltransferases superfamily protein,"Encodes TSD2 (TUMOROUS SHOOT DEVELOPMENT2), a putative methyltransferase with an essential role in cell adhesion and coordinated plant development.",Epidermis,TSD2,Leaf,Lee et al 2025,6
AT1G78240,Gelse_mpi.v2.2_MPIG010440.5,CRO_07G010810.3,S-adenosyl-L-methionine-dependent methyltransferases superfamily protein,"Encodes TSD2 (TUMOROUS SHOOT DEVELOPMENT2), a putative methyltransferase with an essential role in cell adhesion and coordinated plant development.",Epidermis,TSD2,Leaf,Lee et al 2025,16
AT1G78240,Gelse_mpi.v2.2_MPIG010440.5,CRO_07G010810.3,S-adenosyl-L-methionine-dependent methyltransferases superfamily protein,"Encodes TSD2 (TUMOROUS SHOOT DEVELOPMENT2), a putative methyltransferase with an essential role in cell adhesion and coordinated plant development.",Epidermis,TSD2,Leaf,Lee et al 2025,17
AT1G35780,Gelse_mpi.v2.2_MPIG010930.3,CRO_07G011110.4,NA,NA,Procambium_PP,AT1G35780,Leaf,Lee et al 2025,4
AT1G35780,Gelse_mpi.v2.2_MPIG010930.3,CRO_07G011110.4,NA,NA,Procambium_PP,AT1G35780,Leaf,Lee et al 2025,7
AT1G35780,Gelse_mpi.v2.2_MPIG010930.3,CRO_07G011110.4,NA,NA,Procambium_PP,AT1G35780,Leaf,Lee et al 2025,9
AT1G35780,Gelse_mpi.v2.2_MPIG010930.3,CRO_07G011110.4,NA,NA,Procambium_PP,AT1G35780,Leaf,Lee et al 2025,10
AT1G35780,Gelse_mpi.v2.2_MPIG010930.3,CRO_07G011110.4,NA,NA,Procambium_PP,AT1G35780,Leaf,Lee et al 2025,11
AT1G35780,Gelse_mpi.v2.2_MPIG010930.3,CRO_07G011110.4,NA,NA,Procambium_PP,AT1G35780,Leaf,Lee et al 2025,12
AT1G77990,Gelse_mpi.v2.2_MPIG011340.1,CRO_07G011810.2,STAS domain / Sulfate transporter family,cDNA encoding a sulfate transporter.,Bundle Sheath,SULTR2;2,NA,Lee et al 2025,9
AT1G77990,Gelse_mpi.v2.2_MPIG011340.1,CRO_07G011810.2,STAS domain / Sulfate transporter family,cDNA encoding a sulfate transporter.,Bundle Sheath,SULTR2;2,NA,Lee et al 2025,12
AT1G77990,Gelse_mpi.v2.2_MPIG011340.1,CRO_07G011810.2,STAS domain / Sulfate transporter family,cDNA encoding a sulfate transporter.,Bundle Sheath,SULTR2;2,NA,Lee et al 2025,18
AT1G71695,Gelse_mpi.v2.2_MPIG012450.1,CRO_07G012960.1,Peroxidase superfamily protein,NA,Epidermis,AT1G71695,Leaf,Lee et al 2025,4
AT1G71695,Gelse_mpi.v2.2_MPIG012450.1,CRO_07G012960.1,Peroxidase superfamily protein,NA,Epidermis,AT1G71695,Leaf,Lee et al 2025,8
AT1G71695,Gelse_mpi.v2.2_MPIG012450.1,CRO_07G012960.1,Peroxidase superfamily protein,NA,Epidermis,AT1G71695,Leaf,Lee et al 2025,9
AT1G71695,Gelse_mpi.v2.2_MPIG012450.1,CRO_07G012960.1,Peroxidase superfamily protein,NA,Epidermis,AT1G71695,Leaf,Lee et al 2025,12
AT1G71695,Gelse_mpi.v2.2_MPIG012450.1,CRO_07G012960.1,Peroxidase superfamily protein,NA,Epidermis,AT1G71695,Leaf,Lee et al 2025,17
AT1G71695,Gelse_mpi.v2.2_MPIG012450.1,CRO_07G012960.1,Peroxidase superfamily protein,NA,Epidermis,AT1G71695,Leaf,Lee et al 2025,18
AT4G15530,Gelse_mpi.v2.3_MPIG028590.1,CRO_07G015360.2,pyruvate orthophosphate dikinase,"Encodes a dual-targeted protein believed to act as a pyruvate, orthophosphate dikinase. These enzymes are normally associated with C4 photosynthesis which does not occur in Arabidopsis. However, PPDK may play a role in remobilizing nitrogen during leaf senescence in Arabidopsis. The product of the long transcript (.1 gene model) was shown to be targeted to the chloroplast, whereas the shorter transcript (no targeting sequence) accumulates in the cytosol. The two proteins were also found to be expressed in slightly different tissues.",Cortex,PPDK,Stem,Lee et al 2025,17
AT4G13840,Gelse_mpi.v2.3_MPIG021610.1,CRO_07G015670.1,HXXXD-type acyl-transferase family protein,NA,Epidermis,AT4G13840,Leaf,Lee et al 2025,7
AT2G43290,Gelse_mpi.v2.3_MPIG002750.1,NA,Calcium-binding EF-hand family protein,Encodes calmodulin-like MSS3.,Epidermis,MSS3,Leaf,Lee et al 2025,10
AT2G43290,Gelse_mpi.v2.3_MPIG002750.1,NA,Calcium-binding EF-hand family protein,Encodes calmodulin-like MSS3.,Epidermis,MSS3,Leaf,Lee et al 2025,14
AT2G43290,Gelse_mpi.v2.3_MPIG002750.1,NA,Calcium-binding EF-hand family protein,Encodes calmodulin-like MSS3.,Epidermis,MSS3,Leaf,Lee et al 2025,15
AT4G10340,Gelse_mpi.v2.2_MPIG015790.1,CRO_08G000160.1,light harvesting complex of photosystem II 5,photosystem II encoding the light-harvesting chlorophyll a/b binding protein CP26 of the antenna system of the photosynthetic apparatus,Mesophyll,Lhcb5,Leaf,Lee et al 2025,0
AT4G10340,Gelse_mpi.v2.2_MPIG015790.1,CRO_08G000160.1,light harvesting complex of photosystem II 5,photosystem II encoding the light-harvesting chlorophyll a/b binding protein CP26 of the antenna system of the photosynthetic apparatus,Mesophyll,Lhcb5,Leaf,Lee et al 2025,2
AT4G10340,Gelse_mpi.v2.2_MPIG015790.1,CRO_08G000160.1,light harvesting complex of photosystem II 5,photosystem II encoding the light-harvesting chlorophyll a/b binding protein CP26 of the antenna system of the photosynthetic apparatus,Mesophyll,Lhcb5,Leaf,Lee et al 2025,3
AT4G10340,Gelse_mpi.v2.2_MPIG015790.1,CRO_08G000160.1,light harvesting complex of photosystem II 5,photosystem II encoding the light-harvesting chlorophyll a/b binding protein CP26 of the antenna system of the photosynthetic apparatus,Mesophyll,Lhcb5,Leaf,Lee et al 2025,6
AT4G10340,Gelse_mpi.v2.2_MPIG015790.1,CRO_08G000160.1,light harvesting complex of photosystem II 5,photosystem II encoding the light-harvesting chlorophyll a/b binding protein CP26 of the antenna system of the photosynthetic apparatus,Mesophyll,Lhcb5,Leaf,Lee et al 2025,8
AT4G10340,Gelse_mpi.v2.2_MPIG015790.1,CRO_08G000160.1,light harvesting complex of photosystem II 5,photosystem II encoding the light-harvesting chlorophyll a/b binding protein CP26 of the antenna system of the photosynthetic apparatus,Mesophyll,Lhcb5,Leaf,Lee et al 2025,13
AT1G19330,Gelse_mpi.v2.2_MPIG004500.5,CRO_08G001800.2,NA,NA,Epidermis,AT1G19330,Leaf,Lee et al 2025,4
AT1G19330,Gelse_mpi.v2.2_MPIG004500.5,CRO_08G001800.2,NA,NA,Epidermis,AT1G19330,Leaf,Lee et al 2025,9
AT1G19330,Gelse_mpi.v2.2_MPIG004500.5,CRO_08G001800.2,NA,NA,Epidermis,AT1G19330,Leaf,Lee et al 2025,12
AT1G75500,Gelse_mpi.v2.2_MPIG003160.1,CRO_08G002860.1,Walls Are Thin 1,"An Arabidopsis thaliana homolog of Medicago truncatula NODULIN21 (MtN21). The gene encodes a plant-specific, predicted integral membrane protein and is a member of the Plant-Drug/Metabolite Exporter (P-DME) family (Transporter Classification number: TC 2.A.7.3).",Epidermis,WAT1,Leaf,Lee et al 2025,12
AT1G75500,Gelse_mpi.v2.2_MPIG003160.1,CRO_08G002860.1,Walls Are Thin 1,"An Arabidopsis thaliana homolog of Medicago truncatula NODULIN21 (MtN21). The gene encodes a plant-specific, predicted integral membrane protein and is a member of the Plant-Drug/Metabolite Exporter (P-DME) family (Transporter Classification number: TC 2.A.7.3).",Epidermis,WAT1,Leaf,Lee et al 2025,18
AT1G19850,Gelse_mpi.v2.2_MPIG002790.4,CRO_08G003200.6,Transcriptional factor B3 family protein / auxin-responsive factor AUX/IAA-related,"Encodes a transcription factor (IAA24) mediating embryo axis formation and vascular development. Similar to AUXIN RESPONSIVE FACTOR 1 (ARF1) shown to bind to auxin responsive elements (AREs), and to the maize transcriptional activator VIVIPAROUS 1( VP1). In situ hybridization shows expression in provascular tissue of embryos, the emerging shoot primordia, then is restricted to provascular tissue, and in the root central vascular cylinder.",Procambium_XP,ARF5,Stem/Leaf,Li et al 2023; Lee et al 2025,9
AT5G41900,Gelse_mpi.v2.7_MPIG000530.1,CRO_08G004460.1,alpha/beta-Hydrolases superfamily protein,NA,Epidermis,AT5G41900,Leaf,Lee et al 2025,7
AT5G41900,Gelse_mpi.v2.7_MPIG000530.1,CRO_08G004460.1,alpha/beta-Hydrolases superfamily protein,NA,Epidermis,AT5G41900,Leaf,Lee et al 2025,16
AT1G64670,Gelse_mpi.v2.7_MPIG000530.1,CRO_08G004460.1,alpha/beta-Hydrolases superfamily protein,"Encodes a epidermally expressed extracellular protein that likely functions as an alpha-beta hydrolase and is required for normal cuticle formation. Homozygous mutant plants are dwarfed and have abnormal leaves, collapsed cells, reduced numbers of trichomes. The specific role of BDG is unclear: it may function in cutin biosynthesis or as a cross-linking enzyme in the cell wall itself.",Epidermis,BDG1,Leaf,Lee et al 2025,7
AT1G64670,Gelse_mpi.v2.7_MPIG000530.1,CRO_08G004460.1,alpha/beta-Hydrolases superfamily protein,"Encodes a epidermally expressed extracellular protein that likely functions as an alpha-beta hydrolase and is required for normal cuticle formation. Homozygous mutant plants are dwarfed and have abnormal leaves, collapsed cells, reduced numbers of trichomes. The specific role of BDG is unclear: it may function in cutin biosynthesis or as a cross-linking enzyme in the cell wall itself.",Epidermis,BDG1,Leaf,Lee et al 2025,16
AT4G21480,Gelse_mpi.v2.1_MPIG017180.1,CRO_08G009570.1,sugar transporter protein 12,Putative sugar transporter.  Expressed in nematode-induced root syncytia.,Trichome,AT4G21480,Leaf,Lee et al 2025,19
AT4G21620,Gelse_mpi.v2.1_MPIG017550.1,CRO_08G009920.1,glycine-rich protein,NA,Epidermis,AT4G21620,Leaf,Lee et al 2025,20
AT5G45950,Gelse_mpi.v2.1_MPIG019360.1,CRO_08G011640.1,GDSL-like Lipase/Acylhydrolase superfamily protein,NA,Epidermis,AT5G45950,Leaf,Lee et al 2025,1
AT5G45950,Gelse_mpi.v2.1_MPIG019360.1,CRO_08G011640.1,GDSL-like Lipase/Acylhydrolase superfamily protein,NA,Epidermis,AT5G45950,Leaf,Lee et al 2025,7
AT4G18570,Gelse_mpi.v2.1_MPIG019910.2,CRO_08G012150.1,Tetratricopeptide repeat (TPR)-like superfamily protein,NA,Epidermis,AT4G18570,Leaf,Lee et al 2025,10
AT2G34070,Gelse_mpi.v2.1_MPIG019930.1,CRO_08G012170.1,TRICHOME BIREFRINGENCE-LIKE 37,"Encodes a member of the TBL (TRICHOME BIREFRINGENCE-LIKE) gene family containing a plant-specific DUF231 (domain of unknown function) domain. TBL gene family has 46 members, two of which (TBR/AT5G06700 and TBL3/AT5G01360) have been shown to be involved in the synthesis and deposition of secondary wall cellulose, presumably by influencing the esterification state of pectic polymers. A nomenclature for this gene family has been proposed (Volker Bischoff & Wolf Scheible, 2010, personal communication).",Procambium_XP,TBL37,Leaf,Lee et al 2025,12
AT2G34070,Gelse_mpi.v2.1_MPIG019930.1,CRO_08G012170.1,TRICHOME BIREFRINGENCE-LIKE 37,"Encodes a member of the TBL (TRICHOME BIREFRINGENCE-LIKE) gene family containing a plant-specific DUF231 (domain of unknown function) domain. TBL gene family has 46 members, two of which (TBR/AT5G06700 and TBL3/AT5G01360) have been shown to be involved in the synthesis and deposition of secondary wall cellulose, presumably by influencing the esterification state of pectic polymers. A nomenclature for this gene family has been proposed (Volker Bischoff & Wolf Scheible, 2010, personal communication).",Procambium_XP,TBL37,Leaf,Lee et al 2025,19
AT5G17170,Gelse_mpi.v2.1_MPIG000680.1,CRO_08G013170.3,rubredoxin family protein,NA,Mesophyll,ENH1,NA,Lee et al 2025,0
AT5G17170,Gelse_mpi.v2.1_MPIG000680.1,CRO_08G013170.3,rubredoxin family protein,NA,Mesophyll,ENH1,NA,Lee et al 2025,8
AT3G49530,Gelse_mpi.v2.1_MPIG001090.2,CRO_08G013510.1,NAC domain containing protein 62,Transcription factor that serves as a molecular link between cold signals and pathogen resistance  responses.  Undergoes proteolytic processing triggered by cold-induced changes in membrane fluidity.,Cortex,NAC062,Stem,Lee et al 2025,1
AT3G49530,Gelse_mpi.v2.1_MPIG001090.2,CRO_08G013510.1,NAC domain containing protein 62,Transcription factor that serves as a molecular link between cold signals and pathogen resistance  responses.  Undergoes proteolytic processing triggered by cold-induced changes in membrane fluidity.,Cortex,NAC062,Stem,Lee et al 2025,2
AT3G49530,Gelse_mpi.v2.1_MPIG001090.2,CRO_08G013510.1,NAC domain containing protein 62,Transcription factor that serves as a molecular link between cold signals and pathogen resistance  responses.  Undergoes proteolytic processing triggered by cold-induced changes in membrane fluidity.,Cortex,NAC062,Stem,Lee et al 2025,10
AT5G54160,Gelse_mpi.v2.1_MPIG001180.2,CRO_08G013620.1,O-methyltransferase 1,A caffeic acid/5-hydroxyferulic acid O-methyltransferase. Interacts with 14-4-3 proteins in yeast 2 hybrid assay.  AtOMT1 (At5g54160) encodes a flavonol 3-O-methyltransferase that is highly active towards quercetin and myricetin. The substrate specificity identifies the enzyme as flavonol 3-methyltransferase which replaces the former annotation of the gene to encode a caffeic acid/5-hydroxyferulic acid O-methyltransferase,Procambium_XP,OMT1,Leaf,Lee et al 2025,12
AT3G49220,Gelse_mpi.v2.1_MPIG002070.1,CRO_08G014710.1,Plant invertase/pectin methylesterase inhibitor superfamily,NA,Epidermis,AT3G49220,Leaf,Lee et al 2025,3
AT3G49220,Gelse_mpi.v2.1_MPIG002070.1,CRO_08G014710.1,Plant invertase/pectin methylesterase inhibitor superfamily,NA,Epidermis,AT3G49220,Leaf,Lee et al 2025,6
AT3G49220,Gelse_mpi.v2.1_MPIG002070.1,CRO_08G014710.1,Plant invertase/pectin methylesterase inhibitor superfamily,NA,Epidermis,AT3G49220,Leaf,Lee et al 2025,13
AT3G49220,Gelse_mpi.v2.1_MPIG002070.1,CRO_08G014710.1,Plant invertase/pectin methylesterase inhibitor superfamily,NA,Epidermis,AT3G49220,Leaf,Lee et al 2025,18
AT5G53370,Gelse_mpi.v2.1_MPIG002070.1,CRO_08G014710.1,pectin methylesterase PCR fragment F,NA,Trichome,AT5G53370,Leaf,Lee et al 2025,3
AT5G53370,Gelse_mpi.v2.1_MPIG002070.1,CRO_08G014710.1,pectin methylesterase PCR fragment F,NA,Trichome,AT5G53370,Leaf,Lee et al 2025,6
AT5G53370,Gelse_mpi.v2.1_MPIG002070.1,CRO_08G014710.1,pectin methylesterase PCR fragment F,NA,Trichome,AT5G53370,Leaf,Lee et al 2025,13
AT5G53370,Gelse_mpi.v2.1_MPIG002070.1,CRO_08G014710.1,pectin methylesterase PCR fragment F,NA,Trichome,AT5G53370,Leaf,Lee et al 2025,18
AT1G05870,Gelse_mpi.v2.3_MPIG002300.1,CRO_08G016550.1,Protein of unknown function (DUF1685),NA,Epidermis,AT1G05870,Leaf,Lee et al 2025,1
AT1G05870,Gelse_mpi.v2.3_MPIG002300.1,CRO_08G016550.1,Protein of unknown function (DUF1685),NA,Epidermis,AT1G05870,Leaf,Lee et al 2025,7
AT2G02450,Gelse_mpi.v2.4_MPIG004850.1,CRO_08G017260.2,NAC domain containing protein 35,NA,Abaxial epidermal,ANAC034,Leaf,Lee et al 2025,15
AT1G56600,Gelse_mpi.v2.4_MPIG006270.1,CRO_08G018740.1,galactinol synthase 2,NA,Epidermis,GolS2,Leaf,Lee et al 2025,15
AT1G56580,Gelse_mpi.v2.4_MPIG006380.2,CRO_08G018870.1,"Protein of unknown function, DUF538","Encodes SMALLER WITH VARIABLE BRANCHES (SVB), a protein with a conserved domain of unknown function (DUF538).  The trichomes of the SVB mutants are smaller and exhibit branches of variable length and number.",Epidermis,SVB,Leaf,Lee et al 2025,1
AT1G56580,Gelse_mpi.v2.4_MPIG006380.2,CRO_08G018870.1,"Protein of unknown function, DUF538","Encodes SMALLER WITH VARIABLE BRANCHES (SVB), a protein with a conserved domain of unknown function (DUF538).  The trichomes of the SVB mutants are smaller and exhibit branches of variable length and number.",Epidermis,SVB,Leaf,Lee et al 2025,7
AT1G56580,Gelse_mpi.v2.4_MPIG006380.2,CRO_08G018870.1,"Protein of unknown function, DUF538","Encodes SMALLER WITH VARIABLE BRANCHES (SVB), a protein with a conserved domain of unknown function (DUF538).  The trichomes of the SVB mutants are smaller and exhibit branches of variable length and number.",Epidermis,SVB,Leaf,Lee et al 2025,15
AT1G09310,Gelse_mpi.v2.4_MPIG006380.2,CRO_08G018870.1,"Protein of unknown function, DUF538",NA,Epidermis,AT1G09310,Leaf,Lee et al 2025,1
AT1G09310,Gelse_mpi.v2.4_MPIG006380.2,CRO_08G018870.1,"Protein of unknown function, DUF538",NA,Epidermis,AT1G09310,Leaf,Lee et al 2025,7
AT1G09310,Gelse_mpi.v2.4_MPIG006380.2,CRO_08G018870.1,"Protein of unknown function, DUF538",NA,Epidermis,AT1G09310,Leaf,Lee et al 2025,15
AT1G56220,Gelse_mpi.v2.4_MPIG007570.1,CRO_08G020210.1,Dormancy/auxin associated family protein,NA,Trichome,AT1G56220,Leaf,Lee et al 2025,1
AT1G56220,Gelse_mpi.v2.4_MPIG007570.1,CRO_08G020210.1,Dormancy/auxin associated family protein,NA,Trichome,AT1G56220,Leaf,Lee et al 2025,7
AT1G56220,Gelse_mpi.v2.4_MPIG007570.1,CRO_08G020210.1,Dormancy/auxin associated family protein,NA,Trichome,AT1G56220,Leaf,Lee et al 2025,15
AT5G27360,Gelse_mpi.v2.4_MPIG009280.1,CRO_08G022230.6,Major facilitator superfamily protein,"Encodes a sugar-porter family protein that unlike the closely related gene, SFP1, is not induced during leaf senescence.",Epidermis,SFP2,Leaf,Lee et al 2025,1
AT5G27360,Gelse_mpi.v2.4_MPIG009280.1,CRO_08G022230.6,Major facilitator superfamily protein,"Encodes a sugar-porter family protein that unlike the closely related gene, SFP1, is not induced during leaf senescence.",Epidermis,SFP2,Leaf,Lee et al 2025,7
AT1G08920,Gelse_mpi.v2.4_MPIG009280.1,CRO_08G022230.6,ERD (early response to dehydration) six-like 1,"Encodes ESL1, a transporter for monosaccharides.",Trichome,AT1G08920,Leaf,Lee et al 2025,1
AT1G08920,Gelse_mpi.v2.4_MPIG009280.1,CRO_08G022230.6,ERD (early response to dehydration) six-like 1,"Encodes ESL1, a transporter for monosaccharides.",Trichome,AT1G08920,Leaf,Lee et al 2025,7
AT5G17860,Gelse_mpi.v2.8_MPIG004650.2,CRO_08G025340.1,calcium exchanger 7,NA,Mesophyll,CAX7,Leaf,Lee et al 2025,20
AT3G55120,Gelse_mpi.v2.1_MPIG010060.1,CRO_08G028180.1,Chalcone-flavanone isomerase family protein,Catalyzes the conversion of chalcones into flavanones. Required for the accumulation of purple anthocyanins in leaves and stems.,Epidermis,TT5,Leaf,Lee et al 2025,1
AT3G55120,Gelse_mpi.v2.1_MPIG010060.1,CRO_08G028180.1,Chalcone-flavanone isomerase family protein,Catalyzes the conversion of chalcones into flavanones. Required for the accumulation of purple anthocyanins in leaves and stems.,Epidermis,TT5,Leaf,Lee et al 2025,6
AT3G55120,Gelse_mpi.v2.1_MPIG010060.1,CRO_08G028180.1,Chalcone-flavanone isomerase family protein,Catalyzes the conversion of chalcones into flavanones. Required for the accumulation of purple anthocyanins in leaves and stems.,Epidermis,TT5,Leaf,Lee et al 2025,7
AT3G55120,Gelse_mpi.v2.1_MPIG010060.1,CRO_08G028180.1,Chalcone-flavanone isomerase family protein,Catalyzes the conversion of chalcones into flavanones. Required for the accumulation of purple anthocyanins in leaves and stems.,Epidermis,TT5,Leaf,Lee et al 2025,13
AT1G18210,Gelse_mpi.v2.2_MPIG036980.1,CRO_08G031850.1,Calcium-binding EF-hand family protein,NA,Procambium_PP,AT1G18210,Leaf,Lee et al 2025,7
AT1G18210,Gelse_mpi.v2.2_MPIG036980.1,CRO_08G031850.1,Calcium-binding EF-hand family protein,NA,Procambium_PP,AT1G18210,Leaf,Lee et al 2025,20
