p_val,avg_log2FC,pct.1,pct.2,p_val_adj,cluster,gene,Chr,start,end,strand,gene_anno
6.174607155968485e-37,0.542336426848185,0.866,0.733,1.4315209230397335e-32,0,Caacu.v4.8G009160,Chr8,10746198,10747766,-,Ribulose bisphosphate carboxylase (small chain) family protein
1.8904499174206568e-29,0.7381874420698464,0.689,0.536,4.382819088548051e-25,0,Caacu.v4.17G004900,Chr17,9207412,9208342,-,Kunitz family trypsin and protease inhibitor protein
1.5597276075589175e-24,0.6707542917297138,0.591,0.438,3.616072485364594e-20,0,Caacu.v4.3G008170,Chr3,6929395,6931654,-,photosystem II subunit R
4.285102514321594e-22,0.41262021593025544,0.973,0.949,9.934581669203184e-18,0,Caacu.v4.10G003670,Chr10,3723560,3724544,-,Glycine rich protein family domain containing protein
5.289177388860282e-20,0.7888699011217226,0.374,0.229,1.2262428858333677e-15,0,Caacu.v4.14G001610,Chr14,1091226,1094802,-,fructose-bisphosphate aldolase
5.540932205497646e-20,0.5347772733594729,0.624,0.474,1.2846097225225743e-15,0,Caacu.v4.10G012330,Chr10,15433963,15435370,+,photosystem II light harvesting complex gene 2.1
5.716942115165842e-20,0.7064840207609464,0.516,0.37,1.3254158599800488e-15,0,Caacu.v4.17G004840,Chr17,9149208,9150800,-,Kunitz family trypsin and protease inhibitor protein
5.413517071328244e-19,0.7346443474994655,0.429,0.286,1.25506979781674e-14,0,Caacu.v4.20G006500,Chr20,5264980,5266420,-,light-harvesting chlorophyll-protein complex I subunit A4
1.4795616982239821e-18,0.7117628096906352,0.461,0.322,3.43021584116248e-14,0,Caacu.v4.11G009810,Chr11,11857405,11858705,-,photosystem II subunit Q-2
2.320680846173408e-18,0.8658097759296055,0.095,0.051,5.3802664737684294e-14,0,Caacu.v4.17G004890,Chr17,9195932,9196868,+,Kunitz family trypsin and protease inhibitor protein
6.358385510890285e-17,0.5919538411013221,0.57,0.439,1.4741280968448038e-12,0,Caacu.v4.17G004810,Chr17,9129284,9130180,-,Kunitz family trypsin and protease inhibitor protein
6.488308695361894e-17,0.6939063127131511,0.41,0.275,1.5042494879327016e-12,0,Caacu.v4.18G007400,Chr18,6277384,6281793,+,rubisco activase
1.1516938253060232e-16,0.8089289987755848,0.417,0.287,2.6700869645894843e-12,0,Caacu.v4.17G004860,Chr17,9179331,9180373,-,Kunitz family trypsin and protease inhibitor protein
1.7708839631567302e-16,0.54676373656309,0.554,0.431,4.105617380182563e-12,0,Caacu.v4.11G005970,Chr11,7980342,7981695,+,light-harvesting chlorophyll-protein complex II subunit B1
4.467412623313812e-16,0.6154545872383168,0.457,0.324,1.0357249425890741e-11,0,Caacu.v4.4G005070,Chr4,9016266,9017386,-,"photosystem I reaction center subunit PSI-N, chloroplast, putative / PSI-N, putative (PSAN)"
4.943172997144316e-16,0.5875685782188516,0.494,0.363,1.1460252276579381e-11,0,Caacu.v4.14G006720,Chr14,5013149,5014107,+,2Fe-2S ferredoxin-like superfamily protein
6.436992057691698e-16,0.6826283637111854,0.365,0.237,1.4923522386552434e-11,0,Caacu.v4.20G000470,Chr20,377122,380342,+,photosystem I subunit H2
1.4801054599174859e-15,0.773002014048461,0.342,0.223,3.4314764982726995e-11,0,Caacu.v4.2G004340,Chr2,3223502,3224729,-,photosystem II reaction center W
3.261358250610673e-15,0.5732291093311104,0.5,0.37,7.561132968215784e-11,0,Caacu.v4.3G006740,Chr3,5614151,5614827,+,photosystem II subunit X
1.9433637285658844e-14,0.5643439317513539,0.467,0.338,4.5054944683071465e-10,0,Caacu.v4.1G000800,Chr1,1683822,1686670,+,light harvesting complex of photosystem II
2.1686038055413396e-14,0.6390822224856998,0.379,0.254,5.027691062767042e-10,0,Caacu.v4.9G004210,Chr9,8401979,8404887,-,Chlorophyll A-B binding family protein
8.964829178029908e-14,0.540775393071947,0.569,0.456,2.0784059966344536e-9,0,Caacu.v4.10G013180,Chr10,16115559,16117508,-,photosystem I light harvesting complex gene
1.9673411513397348e-13,0.6605593244235433,0.408,0.29,4.561083725266041e-9,0,Caacu.v4.17G005960,Chr17,10577794,10579547,-,photosystem I subunit O
2.2446171366612864e-13,1.0390379727259396,0.192,0.104,5.203920369635527e-9,0,Caacu.v4.8G017990,Chr8,18499805,18509201,-,GRAS family transcription factor
2.5755146210942013e-13,0.5430333542076355,0.469,0.348,5.971073097544797e-9,0,Caacu.v4.14G005790,Chr14,4221461,4223264,-,light harvesting complex photosystem II subunit
2.648278076830781e-13,0.6422867266558341,0.386,0.274,6.139767893324482e-9,0,Caacu.v4.18G009270,Chr18,8113796,8116292,+,photosystem I light harvesting complex gene
3.8240904327001763e-13,0.7170970779198083,0.301,0.191,8.865771259172088e-9,0,Caacu.v4.3G012530,Chr3,10733572,10737304,-,"cytochrome P450, family 72, subfamily A, polypeptide"
4.1882456095391506e-13,0.7016929358222486,0.304,0.195,9.710028621155567e-9,0,Caacu.v4.11G005960,Chr11,7977694,7979096,-,light-harvesting chlorophyll-protein complex II subunit B1
4.2111997181115e-13,1.2183937390028827,0.133,0.061,9.763245426469702e-9,0,Caacu.v4.10G009770,Chr10,12910223,12911232,-,photosystem II family protein
4.294070020302431e-13,0.6325992809722916,0.146,0.088,9.955371935069156e-9,0,Caacu.v4.3G006860,Chr3,5752267,5753197,+,germin
4.4213294094340873e-13,0.47907487664984494,0.578,0.474,1.0250410102831988e-8,0,Caacu.v4.5G012180,Chr5,10478646,10480464,+,light-harvesting chlorophyll-protein complex II subunit B1
6.968811651742133e-13,0.5494638440941157,0.383,0.29,1.615649293339896e-8,0,Caacu.v4.17G004850,Chr17,9166936,9167925,-,Kunitz family trypsin and protease inhibitor protein
9.137829871138342e-13,0.6517087687851602,0.169,0.103,2.118514477324713e-8,0,Caacu.v4.3G006880,Chr3,5763941,5764894,+,germin
1.142704674372579e-12,0.4384574698335948,0.601,0.494,2.6492465170653868e-8,0,Caacu.v4.11G005950,Chr11,7966482,7972944,-,light-harvesting chlorophyll-protein complex II subunit B1
4.437412684660179e-12,0.6126998656189175,0.347,0.241,1.028769756811616e-7,0,Caacu.v4.19G010210,Chr19,12937987,12940169,+,photosystem I light harvesting complex gene
1.0890163105891312e-11,0.6085974845422726,0.335,0.233,2.524775414469842e-7,0,Caacu.v4.15G012410,Chr15,16124581,16127248,+,glyceraldehyde 3-phosphate dehydrogenase A subunit
1.3405526304861017e-11,0.7823797037904514,0.267,0.171,3.107937218518978e-7,0,Caacu.v4.7G013550,Chr7,18462132,18462694,+,photosystem II reaction center W
2.6726752340977216e-11,0.4962931900369836,0.478,0.368,6.196330262732158e-7,0,Caacu.v4.7G012370,Chr7,17480852,17481969,+,photosystem I subunit E-2
4.578166984655089e-11,0.8945423230953078,0.164,0.089,1.061402233722436e-6,0,Caacu.v4.20G001840,Chr20,1326874,1337504,+,Inorganic H pyrophosphatase family protein
6.289533223445606e-11,0.47673076008026927,0.508,0.399,1.4581653825236295e-6,0,Caacu.v4.5G013330,Chr5,12362837,12365960,+,photosystem I subunit K
9.605407744697422e-11,0.5765278319077387,0.314,0.213,2.2269177315306503e-6,0,Caacu.v4.4G018650,Chr4,20889444,20895759,-,carbonic anhydrase
9.744007749911158e-11,0.5329118374347148,0.371,0.268,2.2590507567394028e-6,0,Caacu.v4.2G007140,Chr2,5502559,5503778,-,photosystem I subunit l
1.1899173720072497e-10,1.6522395687378881,0.066,0.023,2.758704435261608e-6,0,Caacu.v4.12G008100,Chr12,13405508,13406452,-,conserved hypothetical protein
1.5164709132110727e-10,0.4497804043087785,0.443,0.338,3.5157861651885508e-6,0,Caacu.v4.5G012080,Chr5,10419828,10420985,+,light-harvesting chlorophyll-protein complex II subunit B1
2.2558371888046335e-10,0.572099348885625,0.362,0.269,5.229932938524662e-6,0,Caacu.v4.7G016230,Chr7,20549277,20549930,-,CP12 domain-containing protein
2.282817260083675e-10,0.6071875453571949,0.192,0.111,5.292483535777992e-6,0,Caacu.v4.1G019690,Chr1,25232692,25235040,+,Single hybrid motif superfamily protein
4.1228814233031856e-10,0.5360008887118175,0.299,0.204,9.558488291786105e-6,0,Caacu.v4.16G010300,Chr16,10329371,10333320,-,"dicarboxylate diiron protein, putative (Crd1)"
6.081057481537947e-10,0.7615769145574229,0.167,0.095,1.4098323665197575e-5,0,Caacu.v4.15G011110,Chr15,15082878,15088734,-,"cytochrome b6f complex subunit (petM), putative"
6.686961370989773e-10,1.0201280121566505,0.12,0.061,1.550305124250269e-5,0,Caacu.v4.4G001230,Chr4,2511655,2512145,-,Scorpion toxin-like knottin superfamily protein
6.924612429791664e-10,0.5199055217865909,0.34,0.242,1.6054021457228995e-5,0,Caacu.v4.5G005550,Chr5,4313460,4314338,-,Photosystem II 5 kD protein
7.011762203663908e-10,0.7489774541931926,0.144,0.078,1.6256069492974405e-5,0,Caacu.v4.2G006890,Chr2,5290203,5293444,+,stomagen
7.73827406604592e-10,0.3654899674254244,0.652,0.545,1.794041459472086e-5,0,Caacu.v4.2G010540,Chr2,11526180,11527345,+,lipid transfer protein
9.581665325886177e-10,0.7050264510381228,0.24,0.158,2.2214132891534512e-5,0,Caacu.v4.12G007680,Chr12,12869435,12871971,+,photosystem II subunit O-2
1.4101799908327557e-9,0.9799809154492407,0.107,0.052,3.269361290746661e-5,0,Caacu.v4.14G004730,Chr14,3296690,3300668,+,peroxisomal NAD-malate dehydrogenase
1.4122955575865757e-9,0.617869015971269,0.269,0.18,3.274266020708717e-5,0,Caacu.v4.9G012910,Chr9,16448241,16449707,-,Cupredoxin superfamily protein
3.479330465595142e-9,0.7825960795723602,0.143,0.079,8.066479751435777e-5,0,Caacu.v4.4G008220,Chr4,12420876,12428170,+,serine transhydroxymethyltransferase
5.226590173390404e-9,0.4675543757472136,0.352,0.255,1.2117326657988313e-4,0,Caacu.v4.16G010940,Chr16,10879439,10882298,-,light harvesting complex photosystem II
5.515217372882163e-9,0.8435353935738781,0.129,0.07,1.2786479957290007e-4,0,Caacu.v4.3G001690,Chr3,1497517,1498453,+,"CAP (Cysteine-rich secretory proteins, Antigen 5, and Pathogenesis-related 1 protein) superfamily protein"
5.8673472369928756e-9,0.679069676082294,0.127,0.067,1.3602857834244282e-4,0,Caacu.v4.19G009140,Chr19,12152863,12160576,+,alanine-2-oxoglutarate aminotransferase
8.78603785484484e-9,0.4678879407325649,0.447,0.358,2.0369550162672277e-4,0,Caacu.v4.8G003050,Chr8,3898196,3901239,+,photosystem II subunit X
1.4321920571474121e-8,0.5034256814690337,0.246,0.163,3.3203940652905603e-4,0,Caacu.v4.10G015290,Chr10,17933967,17936572,-,protochlorophyllide oxidoreductase A
1.908402121882698e-8,0.5683438374818877,0.189,0.117,4.424439479372847e-4,0,Caacu.v4.7G009340,Chr7,14982410,14983911,-,Thylakoid soluble phosphoprotein TSP9 domain containing protein
2.0042729858771936e-8,0.43021894869113275,0.332,0.26,4.6467064904576855e-4,0,Caacu.v4.9G005680,Chr9,10096332,10098164,+,hypothetical protein
2.360093928428354e-8,0.5936356041333888,0.211,0.136,5.471641763668296e-4,0,Caacu.v4.8G011410,Chr8,13127818,13129457,+,light-harvesting chlorophyll-protein complex I subunit A4
2.4330361353409975e-8,0.5838934237107818,0.292,0.207,5.640750976174569e-4,0,Caacu.v4.11G009080,Chr11,11285084,11286775,-,light-harvesting chlorophyll B-binding protein
2.4626991495007858e-08,0.5418407304026469,0.291,0.209,5.709521708202621e-4,0,Caacu.v4.7G008740,Chr7,14528735,14532065,-,rubisco activase
2.608606635172983e-8,0.6152496541010939,0.217,0.142,6.047793622985044e-4,0,Caacu.v4.6G020660,Chr6,20192979,20197299,-,CAAD domains of cyanobacterial aminoacyl-tRNA synthetase domain containing protein
2.9335021326099427e-8,0.5838385689667052,0.102,0.076,6.801031344242891e-4,0,Caacu.v4.9G005690,Chr9,10100708,10102198,+,hypothetical protein
2.9798336178693073e-8,1.6935334505694857,0.043,0.014,6.908446259668202e-4,0,Caacu.v4.9G004110,Chr9,8321322,8325846,-,GDSL-like Lipase/Acylhydrolase superfamily protein
3.584308277876919e-8,0.78444198401337,0.117,0.062,8.309860311429849e-4,0,Caacu.v4.9G014790,Chr9,17681868,17685823,-,glyceraldehyde-3-phosphate dehydrogenase B subunit
4.529419964907533e-8,0.796885245365656,0.13,0.073,0.0010501007246641624,0,Caacu.v4.12G009270,Chr12,14669803,14674856,+,ferredoxin-NADP(+)-oxidoreductase
4.94939088791339e-8,1.8365409552253897,0.032,0.008,0.0011474667834538402,0,Caacu.v4.18G005610,Chr18,4639338,4641081,-,Transcription factor bHLH61
6.167921748117459e-8,0.8158593852790119,0.117,0.063,0.0014299709780835517,0,Caacu.v4.1G038720,Chr1,40200165,40200650,+,conserved hypothetical protein
6.751644825758884e-8,0.7761839904820509,0.159,0.097,0.0015653013364039397,0,Caacu.v4.8G010720,Chr8,12371625,12379879,+,PLC-like phosphodiesterases superfamily protein
8.077337509368698e-8,0.5369906526413586,0.27,0.192,0.001872649928172039,0,Caacu.v4.7G012240,Chr7,17366420,17366752,+,hypothetical protein
8.298587564176094e-8,0.5533157852152888,0.23,0.154,0.0019239445408785855,0,Caacu.v4.2G026240,Chr2,30770203,30771260,+,photosystem I subunit D-1
9.282244457327942e-8,0.9840862158432352,0.076,0.035,0.00215199555498691,0,Caacu.v4.2G025630,Chr2,30251453,30254617,-,glutamine synthetase
1.0001991349480068e-7,1.3928631090383135,0.045,0.016,0.0023188616744634592,0,Caacu.v4.1G020510,Chr1,26062901,26063869,-,oleosin
1.0196171149400871e-7,0.5328539494693518,0.158,0.095,0.002363880319277098,0,Caacu.v4.8G014980,Chr8,16182501,16185087,+,acyl carrier protein
1.1920771111615339e-7,0.6458853288815984,0.14,0.082,0.0027637115745169,0,Caacu.v4.8G000030,Chr8,32137,37470,-,Ribosomal L18p/L5e family protein
1.6556909422581008e-7,0.5671516852682652,0.174,0.109,0.0038385538805311807,0,Caacu.v4.18G013180,Chr18,13278797,13280118,-,photosystem I subunit l
1.9449635880084845e-7,0.6249455088815021,0.163,0.102,0.00450920358243887,0,Caacu.v4.11G010830,Chr11,12582064,12586984,+,Glycine cleavage T-protein family
2.16777918922758e-7,0.6953681249626051,0.155,0.095,0.005025779272305221,0,Caacu.v4.2G017130,Chr2,23175754,23181921,-,2-cysteine peroxiredoxin B
2.2718436855278933e-7,0.5230855839239026,0.351,0.273,0.005267042400527868,0,Caacu.v4.17G004770,Chr17,9069416,9070305,-,Kunitz family trypsin and protease inhibitor protein
2.4992606977045926e-7,0.9932177762289252,0.089,0.045,0.005794286001558327,0,Caacu.v4.14G008310,Chr14,6706521,6712455,-,chloroplast RNA binding
2.581740495740376e-7,1.045596872589486,0.064,0.028,0.005985507165324487,0,Caacu.v4.1G019620,Chr1,25180092,25182266,+,conserved hypothetical protein
3.469637179444254e-7,0.7240939921772257,0.144,0.087,0.008044006836823558,0,Caacu.v4.4G012580,Chr4,16091447,16094550,+,ferredoxin-NADP(+)-oxidoreductase
3.615361952675775e-7,1.3599946975014436,0.042,0.015,0.008381855151083516,0,Caacu.v4.8G016690,Chr8,17499048,17500045,-,conserved hypothetical protein
3.9297480583932507e-7,0.42965898233079614,0.313,0.231,0.009110727898578912,0,Caacu.v4.4G010790,Chr4,14682562,14689278,+,photosystem II subunit O-2
2.843926315917371e-27,0.5384596916285833,0.855,0.746,6.593358770822832e-23,1,Caacu.v4.8G009160,Chr8,10746198,10747766,-,Ribulose bisphosphate carboxylase (small chain) family protein
2.399576369006303e-25,0.7914887946705633,0.683,0.548,5.563177853904213e-21,1,Caacu.v4.17G004900,Chr17,9207412,9208342,-,Kunitz family trypsin and protease inhibitor protein
1.5524933559777688e-22,0.6792592979463192,0.63,0.493,3.599300596498859e-18,1,Caacu.v4.11G005950,Chr11,7966482,7972944,-,light-harvesting chlorophyll-protein complex II subunit B1
7.521427234417615e-17,0.6330191958720599,0.598,0.475,1.7437676900273797e-12,1,Caacu.v4.5G012180,Chr5,10478646,10480464,+,light-harvesting chlorophyll-protein complex II subunit B1
7.778888125503156e-13,0.6653997331581021,0.5,0.384,1.8034574230166518e-8,1,Caacu.v4.17G004840,Chr17,9149208,9150800,-,Kunitz family trypsin and protease inhibitor protein
4.338157273104293e-12,0.65168114921756,0.46,0.359,1.0057583821964993e-7,1,Caacu.v4.14G005790,Chr14,4221461,4223264,-,light harvesting complex photosystem II subunit
4.418179779480733e-12,0.6439794963845324,0.541,0.456,1.0243108000748131e-7,1,Caacu.v4.17G004810,Chr17,9129284,9130180,-,Kunitz family trypsin and protease inhibitor protein
9.467911909489974e-12,0.5452464319133723,0.582,0.496,2.1950406970961555e-7,1,Caacu.v4.10G012330,Chr10,15433963,15435370,+,photosystem II light harvesting complex gene 2.1
1.3183567379350036e-11,0.6254454265698461,0.449,0.344,3.0564782612285127e-7,1,Caacu.v4.5G012080,Chr5,10419828,10420985,+,light-harvesting chlorophyll-protein complex II subunit B1
3.816905915310542e-11,0.3798518344700357,0.817,0.783,8.849114674055961e-7,1,Caacu.v4.17G004780,Chr17,9091006,9091892,-,Kunitz family trypsin and protease inhibitor protein
1.6643630075030891e-10,0.5335487293026349,0.533,0.445,3.8586591965951616e-6,1,Caacu.v4.11G005970,Chr11,7980342,7981695,+,light-harvesting chlorophyll-protein complex II subunit B1
6.84062487150608e-10,0.2938817063817627,0.96,0.955,1.5859304702099694e-5,1,Caacu.v4.10G003670,Chr10,3723560,3724544,-,Glycine rich protein family domain containing protein
7.409198654848443e-9,0.36652924504350803,0.584,0.501,1.717748616140063e-4,1,Caacu.v4.5G007280,Chr5,5597038,5599806,+,Peroxidase superfamily protein
1.0452616031348156e-7,0.42460994706439514,0.487,0.413,0.0024233345007077566,1,Caacu.v4.5G013330,Chr5,12362837,12365960,+,photosystem I subunit K
1.2658144062156664e-7,0.5246325659800366,0.442,0.365,0.002934664119370401,1,Caacu.v4.8G003050,Chr8,3898196,3901239,+,photosystem II subunit X
1.9428522564464574e-7,0.7742160770367548,0.238,0.167,0.004504308671345467,1,Caacu.v4.2G014650,Chr2,20175728,20182442,+,"magnesium-chelatase subunit chlH, chloroplast, putative / Mg-protoporphyrin IX chelatase, putative (CHLH)"
2.345297695450289e-7,0.6577946632480822,0.368,0.296,0.00543733817713195,1,Caacu.v4.18G007400,Chr18,6277384,6281793,+,rubisco activase
5.933329000650594e-166,4.84880327112829,0.298,0.017,1.3755829955108338e-161,2,Caacu.v4.10G008530,Chr10,11438357,11442490,-,Subtilisin-like serine endopeptidase family protein
5.8712922393792005e-146,2.999282179909846,0.442,0.082,1.3612003927776738e-141,2,Caacu.v4.10G008490,Chr10,11368511,11372850,-,Subtilase family protein
2.0646775880640823e-121,4.420878387262723,0.285,0.029,4.7867485201677686e-117,2,Caacu.v4.21G004930,Chr21,6942549,6947960,-,ent-kaurenoic acid hydroxylase
5.102545093707937e-110,2.9761693193159,0.385,0.093,1.1829740545252482e-105,2,Caacu.v4.10G008510,Chr10,11403443,11407413,-,Subtilisin-like serine endopeptidase family protein
3.807262046909412e-96,4.699929887195674,0.198,0.014,8.826756329554781e-92,2,Caacu.v4.13G001350,Chr13,1044396,1047891,+,Walls Are Thin
8.013412143093735e-94,3.8206038144750583,0.217,0.02,1.8578294712548514e-89,2,Caacu.v4.3G001200,Chr3,1190886,1194272,-,NmrA-like negative transcriptional regulator family protein
3.0479399116231218e-83,2.8619707636386273,0.326,0.072,7.066343891107046e-79,2,Caacu.v4.15G009490,Chr15,13946130,13952677,-,HVA22 homologue A
1.1804931190112108e-62,1.9069150132461266,0.453,0.178,2.736855247115591e-58,2,Caacu.v4.4G007970,Chr4,12142809,12144824,-,hypothetical protein
1.1951079256242308e-62,4.323190063454693,0.128,0.008,2.7707382147672167e-58,2,Caacu.v4.1G013510,Chr1,19840622,19843894,-,Subtilase family protein
7.391979978657032e-61,3.0189276232592412,0.209,0.045,1.7137566382518463e-56,2,Caacu.v4.2G002650,Chr2,1883096,1884493,-,glutathione S-transferase
7.354211239444956e-60,2.766051993332521,0.362,0.121,1.7050003337529185e-55,2,Caacu.v4.17G009510,Chr17,13737885,13738822,+,metallothionein 2A
1.4965840534842674e-56,3.4107850421909713,0.055,0.006,3.4696804695979256e-52,2,Caacu.v4.19G001930,Chr19,5009961,5010800,-,low-molecular-weight cysteine-rich
2.766287145401507e-55,2.5804010709718304,0.199,0.036,6.413360117898854e-51,2,Caacu.v4.3G001050,Chr3,1116694,1117643,+,sulfotransferase 4A
9.108983671733794e-55,2.0737873581478583,0.317,0.097,2.111826774454763e-50,2,Caacu.v4.20G000280,Chr20,244404,246357,-,delta tonoplast integral protein
4.042858644250429e-52,2.4624931097378906,0.148,0.027,9.372963480830193e-48,2,Caacu.v4.11G007630,Chr11,9919470,9923594,-,Heavy metal transport/detoxification superfamily protein 
1.0999631015511389e-50,2.59065065201285,0.179,0.032,2.5501544546361605e-46,2,Caacu.v4.5G003830,Chr5,2959038,2967162,+,ELMO/CED-12 family protein
1.3708094217512687e-50,4.069010782817592,0.128,0.016,3.1780845633881414e-46,2,Caacu.v4.19G001920,Chr19,4999138,4999988,-,low-molecular-weight cysteine-rich
7.520675975841712e-50,3.8272347348019693,0.116,0.011,1.7435935182391424e-45,2,Caacu.v4.19G001750,Chr19,4689395,4714252,-,P-loop containing nucleoside triphosphate hydrolases superfamily protein
2.5312386849795425e-49,1.8571579520709198,0.35,0.126,5.868423767256571e-45,2,Caacu.v4.16G008090,Chr16,7890988,7893372,-,dehydration-induced protein (ERD15)
3.8121221136230084e-49,2.8841965809566705,0.158,0.027,8.838023908223583e-45,2,Caacu.v4.3G014140,Chr3,12417126,12434502,-,NB-ARC domain-containing disease resistance protein
4.027854990853136e-49,2.5032726048891023,0.18,0.046,9.338179010793911e-45,2,Caacu.v4.2G002620,Chr2,1863623,1864882,-,glutathione S-transferase phi
9.891482274461306e-49,2.8449695400317476,0.169,0.029,2.2932412505111093e-44,2,Caacu.v4.21G004940,Chr21,6962253,6966807,-,"cytochrome P450, family 88, subfamily A, polypeptide"
3.611682983869454e-48,3.038103041301957,0.156,0.026,8.373325829802941e-44,2,Caacu.v4.11G007640,Chr11,9939663,9951753,-,Heavy metal transport/detoxification superfamily protein 
2.951509895873029e-47,2.687192485551016,0.295,0.101,6.84278054259203e-43,2,Caacu.v4.7G005220,Chr7,11054433,11057115,+,Stress responsive A/B Barrel Domain
9.016578359763496e-42,2.423289819318702,0.185,0.042,2.090403526927569e-37,2,Caacu.v4.19G003350,Chr19,7165493,7167332,-,PLANT CADMIUM RESISTANCE
3.84095621946047e-41,3.251846108519497,0.11,0.013,8.904872899197154e-37,2,Caacu.v4.10G011920,Chr10,15043093,15045846,-,IQ-domain
8.12850446977496e-41,2.6463848124953,0.156,0.03,1.8845124762726265e-36,2,Caacu.v4.6G018130,Chr6,17957304,17977366,-,ELMO/CED-12 family protein
6.074350080095111e-39,2.069281486162575,0.199,0.052,1.4082773225692505e-34,2,Caacu.v4.1G000840,Chr1,1779069,1784724,+,RNA-binding (RRM/RBD/RNP motifs) family protein
5.734162492012154e-38,2.0766746725889917,0.158,0.034,1.3294082321480978e-33,2,Caacu.v4.8G000590,Chr8,684745,696054,+,heavy metal atpase
9.213220988574996e-38,1.4861178955137704,0.513,0.308,2.1359931539912272e-33,2,Caacu.v4.2G020780,Chr2,26355418,26356545,+,metallothionein 2A
1.5321391139998526e-37,3.235942000683302,0.1,0.012,3.552111321897258e-33,2,Caacu.v4.21G006680,Chr21,8723657,8728235,+,NSP-interacting kinase
3.103207736900515e-37,1.8974985383730363,0.299,0.118,7.194476817230155e-33,2,Caacu.v4.4G017470,Chr4,19933345,19934757,-,GAST1 protein homolog
3.262498923678513e-35,2.8927003522802366,0.109,0.015,7.5637775046562645e-31,2,Caacu.v4.18G008230,Chr18,6989964,7001021,-,Protein of unknown function (DUF674)
2.7190392855567403e-34,2.671194168528642,0.116,0.019,6.3038206796347466e-30,2,Caacu.v4.8G013370,Chr8,14796835,14800841,+,Protein of Unknown Function (DUF239)
1.3538210533191848e-33,3.2103424203174953,0.052,0.008,3.1386987300151984e-29,2,Caacu.v4.7G002250,Chr7,6564456,6568937,-,Ankyrin repeat family protein
1.5825487729294122e-32,2.5518230082228066,0.039,0.007,3.668981075159549e-28,2,Caacu.v4.7G002270,Chr7,6597296,6601976,-,Ankyrin repeat family protein
2.475193416126221e-32,2.440436801483364,0.142,0.032,5.738488415947031e-28,2,Caacu.v4.3G003840,Chr3,3290604,3295748,+,plant-specific transcription factor YABBY family protein
7.628964277343084e-32,3.5261408992775394,0.087,0.011,1.7686990780592206e-27,2,Caacu.v4.19G005640,Chr19,9416748,9421078,+,NSP-interacting kinase
6.517049923430242e-31,1.8473663083153808,0.189,0.057,1.5109128542480672e-26,2,Caacu.v4.9G011320,Chr9,15173159,15177765,-,O-Glycosyl hydrolases family 17 protein
8.316366599757372e-31,2.8670593252681296,0.012,0.002,1.928066432487749e-26,2,Caacu.v4.10G008470,Chr10,11331778,11335584,-,Subtilisin-like serine endopeptidase family protein
1.0878794665135784e-30,1.1082395394608135,0.451,0.248,2.52213975516508e-26,2,Caacu.v4.7G009170,Chr7,14839822,14843886,+,RNA-binding (RRM/RBD/RNP motifs) family protein
3.4466969866858024e-30,3.1451900708816547,0.07,0.01,7.990822293932364e-26,2,Caacu.v4.7G002230,Chr7,6541740,6546169,-,Ankyrin repeat family protein
1.0259525111115302e-29,1.5437435993131816,0.279,0.117,2.3785683017609717e-25,2,Caacu.v4.13G003710,Chr13,2746865,2747753,+,Gibberellin-regulated family protein
3.7399695105961453e-29,2.8188303679512288,0.1,0.017,8.670745313366103e-25,2,Caacu.v4.7G005240,Chr7,11072577,11073849,+,Stress responsive A/B Barrel Domain
5.552759416578208e-29,1.3357720015669576,0.137,0.033,1.2873517431394917e-24,2,Caacu.v4.9G011940,Chr9,15631648,15634584,-,Walls Are Thin
7.279917189991168e-29,1.522600749370389,0.259,0.103,1.6877760013275524e-24,2,Caacu.v4.20G003280,Chr20,2416294,2418494,-,Heavy metal transport/detoxification superfamily protein 
1.7086839337841744e-28,2.434509432661642,0.126,0.029,3.96141283208523e-24,2,Caacu.v4.2G014850,Chr2,20475605,20484049,-,seed imbibition
7.984232211918937e-28,2.570206061419014,0.099,0.017,1.8510643960112864e-23,2,Caacu.v4.20G003480,Chr20,2557774,2570808,-,conserved hypothetical protein
1.0132934875201965e-27,3.009025066492934,0.112,0.023,2.3492196214668235e-23,2,Caacu.v4.2G006990,Chr2,5364637,5365810,-,hypothetical protein
1.4250039693723831e-27,4.400653014224733,0.052,0.003,3.303729202592933e-23,2,Caacu.v4.9G015770,Chr9,18502423,18505906,+,IQ-domain
4.5511476672754404e-27,1.6719115258426287,0.209,0.076,1.0551380751811381e-22,2,Caacu.v4.18G011320,Chr18,11462866,11466543,+,pectin methylesterase PCR fragment F
4.934081775456134e-27,3.011958253889736,0.084,0.013,1.1439175188217502e-22,2,Caacu.v4.1G037420,Chr1,39208498,39209636,-,PHD finger protein
1.5409204347684904e-26,1.951702815949015,0.154,0.045,3.5724699359672683e-22,2,Caacu.v4.1G028130,Chr1,32162096,32178941,-,pleiotropic drug resistance
2.4166150593384763e-26,1.1187076832912255,0.544,0.379,5.602680353570324e-22,2,Caacu.v4.5G000100,Chr5,95956,103971,-,Homeodomain-like superfamily protein
2.658498977959397e-26,2.5343179715258097,0.11,0.024,6.163464030501066e-22,2,Caacu.v4.13G002560,Chr13,1883309,1895653,-,"Protein of unknown function, DUF547"
3.4067206400178974e-26,3.1862171479282084,0.062,0.006,7.898141131817493e-22,2,Caacu.v4.11G000650,Chr11,992621,1000357,-,Chaperone DnaJ-domain superfamily protein
9.48560197371275e-26,3.9954723586491028,0.062,0.006,2.199141961585564e-21,2,Caacu.v4.1G008970,Chr1,15455826,15457065,-,hypothetical protein
1.1050387279791072e-25,3.241824528405527,0.07,0.009,2.5619217869467622e-21,2,Caacu.v4.11G011520,Chr11,13088877,13090898,+,hypothetical protein
2.09287519807883e-25,2.924015346843057,0.047,0.006,4.8521218592259596e-21,2,Caacu.v4.15G009480,Chr15,13943723,13944396,-,HVA22 homologue A
3.099638804889994e-25,2.1081903712205468,0.125,0.031,7.186202605256962e-21,2,Caacu.v4.11G007830,Chr11,10142677,10153451,+,Transcriptional factor B3 family protein / auxin-responsive factor AUX/IAA-related
3.1299828148310177e-25,2.8783640207009924,0.045,0.007,7.256552157904231e-21,2,Caacu.v4.3G014100,Chr3,12353534,12369463,-,NB-ARC domain-containing disease resistance protein
6.729599340872477e-25,3.833983390951862,0.051,0.004,1.560190311187875e-20,2,Caacu.v4.14G009600,Chr14,8064055,8070467,-,lipoxygenase
7.079390752145608e-25,3.3049250079973542,0.068,0.009,1.6412859519774377e-20,2,Caacu.v4.18G002120,Chr18,2068353,2077867,+,P-loop containing nucleoside triphosphate hydrolases superfamily protein
7.167555590896467e-25,5.612338424017447,0.039,0.001,1.661726088193437e-20,2,Caacu.v4.2G009110,Chr2,7403826,7410541,+,Glycosyl hydrolase family protein
1.5761212555981297e-24,3.0447906262526576,0.067,0.008,3.654079518978704e-20,2,Caacu.v4.8G002210,Chr8,2885361,2893197,-,sequence-specific DNA binding transcription factors
2.82865166831373e-24,2.5636639957369733,0.09,0.018,6.557946027818552e-20,2,Caacu.v4.17G000730,Chr17,1170434,1174988,-,calmodulin-binding family protein
5.32809363345524e-24,3.0324279374617573,0.081,0.015,1.2352652279802628e-19,2,Caacu.v4.18G010900,Chr18,10916036,10920598,-,spermidine synthase
1.0445936864797703e-23,1.600413169561771,0.217,0.087,2.4217860027346995e-19,2,Caacu.v4.2G014000,Chr2,19203122,19204231,-,dehydration-induced protein (ERD15)
1.6141176471257187e-23,2.498660857261811,0.096,0.02,3.7421703530962663e-19,2,Caacu.v4.1G014400,Chr1,20578990,20582295,+,Dof-type zinc finger DNA-binding family protein
6.63957729867752e-23,1.8073945319512883,0.164,0.056,1.5393196009253962e-18,2,Caacu.v4.4G006740,Chr4,10882577,10885890,+,myo-inositol-1-phosphate synthase
9.963036570920427e-23,2.550969733940527,0.083,0.015,2.3098303986021916e-18,2,Caacu.v4.4G016310,Chr4,19037368,19042335,-,alpha/beta-Hydrolases superfamily protein
1.7684241297529291e-22,2.8042984812600675,0.083,0.016,4.0999145024191905e-18,2,Caacu.v4.21G008760,Chr21,10329516,10330799,+,thioredoxin
1.904970245362076e-22,2.3192857389766637,0.064,0.014,4.416483016847437e-18,2,Caacu.v4.15G009450,Chr15,13935106,13939062,-,RNA recognition motif (RRM)-containing protein
4.74925440440279e-22,1.6105996494834423,0.176,0.064,1.1010671411167429e-17,2,Caacu.v4.6G008240,Chr6,7233124,7234591,-,gamma tonoplast intrinsic protein
5.067059380408173e-22,3.163003829717119,0.076,0.013,1.1747470467538309e-17,2,Caacu.v4.19G006180,Chr19,9874013,9874616,+,hypothetical protein
1.2227397415430542e-21,4.172517063392527,0.048,0.004,2.834799816793417e-17,2,Caacu.v4.20G004570,Chr20,3447231,3448207,-,hypothetical protein
1.3649911282362217e-21,1.3997458082411296,0.25,0.116,3.164595431702856e-17,2,Caacu.v4.19G004990,Chr19,8722698,8744779,+,protein phosphatase 2A  subunit A2
1.956131929103174e-21,2.7123837910165296,0.067,0.01,4.535096264432798e-17,2,Caacu.v4.17G009580,Chr17,13764220,13768131,+,"Protein of unknown function, DUF599"
3.196217173869361e-21,2.3689789493759648,0.084,0.017,7.410109895898726e-17,2,Caacu.v4.20G008470,Chr20,8671338,8676176,+,Auxin efflux carrier family protein
3.2058242351432345e-21,3.352483595187496,0.062,0.009,7.432382906756075e-17,2,Caacu.v4.8G017360,Chr8,17994000,17998536,-,Major facilitator superfamily protein
1.2396358392662512e-20,1.9766132541739878,0.121,0.035,2.873971729754877e-16,2,Caacu.v4.16G005810,Chr16,5316873,5318122,+,hypothetical protein
2.3403637744608493e-20,2.2579835294504385,0.096,0.023,5.425899374710033e-16,2,Caacu.v4.7G006710,Chr7,12701702,12709414,-,RING/U-box superfamily protein
3.059286432716191e-20,1.6048863025959421,0.128,0.04,7.092649665609216e-16,2,Caacu.v4.20G006920,Chr20,5688249,5725168,-,actin binding
3.1057463807655926e-20,1.7162997385369487,0.061,0.016,7.20036240916695e-16,2,Caacu.v4.7G002200,Chr7,6492962,6517779,-,Ankyrin repeat family protein
5.396101191708473e-20,3.272633461318249,0.041,0.004,1.2510321002856924e-15,2,Caacu.v4.14G011770,Chr14,12286650,12288974,+,conserved hypothetical protein
7.935188846118839e-20,1.7317482291260369,0.047,0.014,1.8396941820841916e-15,2,Caacu.v4.18G011140,Chr18,11207068,11211311,-,spermidine synthase
8.674305074822022e-20,4.476592216128171,0.035,0.002,2.0110508885467376e-15,2,Caacu.v4.2G030670,Chr2,34462553,34467637,-,calcium-dependent protein kinase
1.8518152528838037e-19,2.9041434645781186,0.048,0.005,4.293248482285811e-15,2,Caacu.v4.15G007560,Chr15,12288460,12293729,+,Leucine-rich receptor-like protein kinase family protein
2.9764678406705156e-19,2.3832166363624534,0.077,0.016,6.900643041810524e-15,2,Caacu.v4.1G013030,Chr1,19425775,19426800,+,hypothetical protein
6.657854000932046e-19,4.821431888228615,0.031,0.001,1.5435568715760855e-14,2,Caacu.v4.2G012860,Chr2,17779668,17789597,-,NB-ARC domain-containing disease resistance protein
8.917062740846313e-19,2.093811022964441,0.076,0.016,2.0673318258378093e-14,2,Caacu.v4.9G008920,Chr9,13366964,13371270,-,basic helix-loop-helix (bHLH) DNA-binding superfamily protein
9.198445450381417e-19,1.788053467964586,0.121,0.038,2.1325675932164278e-14,2,Caacu.v4.2G021220,Chr2,26664237,26674128,-,transcription factor-related
9.538414313813375e-19,1.7608056346235772,0.112,0.033,2.2113859745144928e-14,2,Caacu.v4.9G013180,Chr9,16644819,16646671,-,Dehydrin domain containing protein
1.2830347546497332e-18,2.4134957098766465,0.071,0.014,2.9745877751799415e-14,2,Caacu.v4.5G005000,Chr5,3864771,3867988,-,myb-like HTH transcriptional regulator family protein
2.277281299055384e-18,3.8839919651728336,0.039,0.003,5.2796489637300026e-14,2,Caacu.v4.15G011840,Chr15,15622630,15628464,-,Glucose-1-phosphate adenylyltransferase family protein
2.5280199736410235e-18,2.716720817461435,0.062,0.01,5.860961506889348e-14,2,Caacu.v4.2G016310,Chr2,22197182,22205242,-,Leucine-rich repeat protein kinase family protein
2.7329321908243083e-18,6.938445249000979,0.026,0,6.336029991207077e-14,2,Caacu.v4.1G014700,Chr1,20833665,20835932,-,Heavy metal transport/detoxification superfamily protein 
3.2726705268290193e-18,1.417373553229596,0.179,0.073,7.587359349400398e-14,2,Caacu.v4.2G025470,Chr2,30157367,30158798,+,conserved hypothetical protein
3.280759743062248e-18,1.5334768089473838,0.164,0.065,7.606113388315515e-14,2,Caacu.v4.13G000420,Chr13,342692,343843,+,Dehydrin family protein
7.091909907057776e-18,4.722387827123711,0.032,0.002,1.6441883928522747e-13,2,Caacu.v4.6G021460,Chr6,20807116,20811246,+,conserved hypothetical protein
1.0879075226706698e-17,2.0045395290606436,0.092,0.024,2.522204800559681e-13,2,Caacu.v4.12G003520,Chr12,3397963,3406613,-,ATP binding cassette subfamily B19
1.3474043378009302e-17,1.162624408164695,0.188,0.08,3.1238222167576766e-13,2,Caacu.v4.12G008270,Chr12,13627025,13630821,+,hypothetical protein
1.447167755618628e-17,1.6570170179730437,0.108,0.033,3.355113724626227e-13,2,Caacu.v4.4G000860,Chr4,1958203,1976004,-,autoinhibited Ca(2+)-ATPase
1.4956858536201816e-17,2.038817784431303,0.108,0.033,3.467598083033029e-13,2,Caacu.v4.21G007820,Chr21,9557403,9564315,+,DHHC-type zinc finger family protein
3.7400230242209415e-17,3.9792956595186872,0.035,0.003,8.670869379353831e-13,2,Caacu.v4.3G015400,Chr3,13924681,13926889,-,Pyridoxal phosphate (PLP)-dependent transferases superfamily protein
5.808366786819569e-17,2.4233786374637565,0.074,0.017,1.346611755856249e-12,2,Caacu.v4.1G023420,Chr1,28473608,28475102,-,brassinosteroid-responsive RING-H2
6.371721290905519e-17,4.930462075657236,0.031,0.002,1.4772198640835357e-12,2,Caacu.v4.1G008870,Chr1,15372651,15380882,+,K+ transporter
7.624568080630493e-17,2.244406589114603,0.089,0.024,1.7676798638133735e-12,2,Caacu.v4.3G005290,Chr3,4423715,4433453,-,Phosphorylase superfamily protein
1.1391099624754322e-16,0.7105403058687383,0.519,0.379,2.640912537003042e-12,2,Caacu.v4.13G001820,Chr13,1361402,1363998,-,hypothetical protein
1.2677913078882649e-16,2.7157731602181934,0.052,0.008,2.9392473682081534e-12,2,Caacu.v4.9G007560,Chr9,11960097,11963800,+,GroES-like zinc-binding dehydrogenase family protein
1.4288017796445318e-16,3.654750494101361,0.036,0.003,3.3125340459278825e-12,2,Caacu.v4.2G020760,Chr2,26343157,26346827,+,Protein of unknown function (DUF3741)
1.451137462962504e-16,3.6150512699944573,0.036,0.003,3.364317094132269e-12,2,Caacu.v4.18G002980,Chr18,2630390,2635585,-,Arabidopsis thaliana protein of unknown function (DUF821)
1.5993461827084344e-16,1.5058054176036935,0.145,0.056,3.707924189991235e-12,2,Caacu.v4.6G002400,Chr6,2310827,2311608,-,"Lipase/lipooxygenase, PLAT/LH2 family protein"
1.822643201229487e-16,2.9317515929096643,0.055,0.01,4.225615997730442e-12,2,Caacu.v4.20G003390,Chr20,2509663,2513418,+,non-specific phospholipase C6
1.97575664694846e-16,2.9138421729097637,0.047,0.006,4.58059421028531e-12,2,Caacu.v4.1G000600,Chr1,1385550,1389098,+,ATP-binding cassette
2.336389904668573e-16,1.9004661351849859,0.086,0.023,5.41668635498362e-12,2,Caacu.v4.2G005270,Chr2,3904130,3912520,-,"HAD superfamily, subfamily IIIB acid phosphatase "
3.2803566984192094e-16,3.256469897321413,0.033,0.003,7.605178969615095e-12,2,Caacu.v4.1G020920,Chr1,26373204,26378143,-,Plant protein of unknown function (DUF828) with plant pleckstrin homology-like region
3.6552865405218273e-16,2.0191562077114926,0.071,0.016,8.474416315545804e-12,2,Caacu.v4.20G005670,Chr20,4447092,4454781,-,BSD domain-containing protein
3.9187659328934615e-16,0.9282803486129447,0.323,0.188,9.085266938820201e-12,2,Caacu.v4.15G011720,Chr15,15543515,15550106,+,"cold, circadian rhythm, and rna binding"
4.699674830221324e-16,2.3827332307891997,0.06,0.012,1.0895726126385119e-11,2,Caacu.v4.8G001910,Chr8,2261560,2262489,-,glutamine dumper
5.040413366626253e-16,2.4049987917754665,0.061,0.012,1.1685694349186304e-11,2,Caacu.v4.7G014780,Chr7,19464081,19470077,+,"oxidoreductase, 2OG-Fe(II) oxygenase family protein"
6.341582934842597e-16,3.7306545252273997,0.031,0.004,1.4702325876139077e-11,2,Caacu.v4.1G001700,Chr1,4474292,4481221,-,Ankyrin repeat family protein
6.78428497470711e-16,1.882273656742431,0.108,0.035,1.5728686285360963e-11,2,Caacu.v4.9G015540,Chr9,18297383,18307860,+,uridine 5'-monophosphate synthase / UMP synthase (PYRE-F) (UMPS)
6.81686467713503e-16,2.357564637974562,0.055,0.01,1.5804219067469855e-11,2,Caacu.v4.15G011330,Chr15,15240753,15245061,-,serine carboxypeptidase-like
1.0093917786052806e-15,2.0597187722185035,0.077,0.019,2.3401738995184827e-11,2,Caacu.v4.6G002850,Chr6,2710422,2714747,+,somatic embryogenesis receptor-like kinase
1.228563848897895e-15,3.243983786273708,0.042,0.005,2.8483024272848797e-11,2,Caacu.v4.18G002990,Chr18,2637433,2639108,+,Copper transport protein family
1.251979462090989e-15,3.231600230299703,0.042,0.005,2.902589184911749e-11,2,Caacu.v4.9G005110,Chr9,9590396,9600462,-,DNAJ heat shock N-terminal domain-containing protein
1.2931596554749394e-15,2.0320695533348365,0.09,0.026,2.998061345253099e-11,2,Caacu.v4.8G017840,Chr8,18402480,18405553,-,profilin
1.5553122379349527e-15,1.9364702927709365,0.065,0.014,3.6058358924283944e-11,2,Caacu.v4.8G002560,Chr8,3302582,3306795,-,"Protein of unknown function, DUF593"
1.6510006647709184e-15,2.55028156648999,0.057,0.011,3.8276799412048974e-11,2,Caacu.v4.6G005200,Chr6,4713073,4717530,+,"Protein of unknown function, DUF593"
1.787416955929134e-15,2.448452649966479,0.057,0.011,4.1439474706261045e-11,2,Caacu.v4.3G017270,Chr3,17159285,17162254,+,hypothetical protein
2.050888974247355e-15,2.406930147435622,0.06,0.012,4.7547809978950686e-11,2,Caacu.v4.21G007540,Chr21,9336513,9339228,-,plasmodesmata callose-binding protein
3.445253203310659e-15,2.0007446310785646,0.081,0.024,7.987475026555432e-11,2,Caacu.v4.14G011740,Chr14,12245690,12249717,+,conserved hypothetical protein
3.5028048526391033e-15,1.5330082553142415,0.124,0.045,8.120902770358498e-11,2,Caacu.v4.9G010750,Chr9,14733820,14742423,-,Xanthine/uracil permease family protein
4.572326788862928e-15,2.4352880232546283,0.067,0.016,1.0600482427299812e-10,2,Caacu.v4.5G001380,Chr5,970650,972674,-,Heavy metal transport/detoxification superfamily protein 
5.516656601476772e-15,4.0963934451445105,0.028,0.002,1.2789816664863748e-10,2,Caacu.v4.9G003700,Chr9,7831676,7835008,+,like AUXIN RESISTANT
6.0270932053344e-15,4.169617193413023,0.026,0.001,1.3973212887247274e-10,2,Caacu.v4.11G016080,Chr11,16964343,16979139,+,2-oxoglutarate (2OG) and Fe(II)-dependent oxygenase superfamily protein
7.893082217328698e-15,3.095549411464991,0.038,0.004,1.8299321812654854e-10,2,Caacu.v4.6G005530,Chr6,5012711,5017858,+,zinc finger protein
9.77214577175527e-15,1.5980480047840275,0.08,0.026,2.2655742757237418e-10,2,Caacu.v4.11G004750,Chr11,5069974,5074173,+,Heavy metal transport/detoxification superfamily protein 
1.2306705278003355e-14,2.5056529286357363,0.051,0.009,2.853186551652298e-10,2,Caacu.v4.6G008600,Chr6,7564380,7566161,-,Heavy metal transport/detoxification superfamily protein 
1.2431623548253653e-14,1.9219813121703837,0.115,0.042,2.882147603427127e-10,2,Caacu.v4.1G013610,Chr1,19907375,19912886,+,UDP-Glycosyltransferase superfamily protein
2.2371901043338007e-14,3.5764456470033883,0.035,0.004,5.186701537887484e-10,2,Caacu.v4.3G009070,Chr3,7692871,7695341,+,conserved hypothetical protein
2.2933562696361277e-14,3.518612081041617,0.035,0.004,5.316917175524398e-10,2,Caacu.v4.21G006480,Chr21,8481847,8484791,+,alpha/beta-Hydrolases superfamily protein
2.876878432760517e-14,2.2505938143213817,0.068,0.017,6.669754958511983e-10,2,Caacu.v4.3G000690,Chr3,836273,840733,+,hypothetical protein
3.885915911701228e-14,1.7859322580739652,0.093,0.03,9.009107449688127e-10,2,Caacu.v4.15G009470,Chr15,13942381,13943916,+,hypothetical protein
4.557688422782631e-14,2.6089581574995617,0.042,0.006,1.0566544839379252e-9,2,Caacu.v4.6G021630,Chr6,20966564,20969663,+,RNA-binding (RRM/RBD/RNP motifs) family protein
4.9279077973939306e-14,2.46238524218758,0.029,0.006,1.142486143747809e-9,2,Caacu.v4.18G008250,Chr18,7003472,7010199,-,Protein of unknown function (DUF674)
4.997739482545926e-14,1.6858007769743995,0.078,0.022,1.1586759216334476e-9,2,Caacu.v4.11G015620,Chr11,16558467,16601314,-,gamma-irradiation and mitomycin c induced
5.0614188900551134e-14,3.0303843086204805,0.039,0.005,1.1734393554703774e-9,2,Caacu.v4.5G012050,Chr5,10390037,10392940,+,purine permease
5.3057492456373786e-14,1.99171250402841,0.089,0.027,1.23008490510857e-9,2,Caacu.v4.21G004470,Chr21,6445464,6447961,-,plasmodesmata-located protein
6.137263852989774e-14,1.5829333739580855,0.08,0.023,1.4228632516771492e-9,2,Caacu.v4.19G009290,Chr19,12233541,12237980,+,Octicosapeptide/Phox/Bem1p family protein
7.951076055328746e-14,2.201334527398798,0.065,0.016,1.8433774726674163e-9,2,Caacu.v4.13G006710,Chr13,5543564,5558460,-,Peroxidase superfamily protein
8.895054775532321e-14,1.3955607524688944,0.14,0.059,2.0622294991594133e-9,2,Caacu.v4.12G007760,Chr12,12949018,12957423,+,BTB/POZ domain-containing protein At3g50780
9.361675221283948e-14,2.70259482456609,0.041,0.006,2.1704107833024705e-9,2,Caacu.v4.17G007460,Chr17,11955863,11958787,+,Heavy metal transport/detoxification superfamily protein 
9.831402181318623e-14,2.254522948383956,0.068,0.018,2.2793122817169096e-9,2,Caacu.v4.7G011430,Chr7,16729061,16736281,+,Cellulose-synthase-like C6
1.0325604599421053e-13,2.9194620155345423,0.038,0.005,2.393888170329777e-9,2,Caacu.v4.18G012180,Chr18,12257567,12260935,-,Heavy metal transport/detoxification superfamily protein 
1.0657905888850112e-13,2.4049687676972256,0.081,0.025,2.47092890127101e-9,2,Caacu.v4.13G012340,Chr13,15541701,15547158,-,S-adenosyl-L-methionine-dependent methyltransferases superfamily protein
1.1917334181025273e-13,1.4710407344130412,0.105,0.037,2.762914756528899e-9,2,Caacu.v4.14G014420,Chr14,15927924,15969083,-,Y-family DNA polymerase H
1.562452506866758e-13,1.866554900109549,0.09,0.029,3.6223898919198916e-9,2,Caacu.v4.15G007550,Chr15,12273686,12280331,-,R-protein L3 B
1.6259955206870382e-13,1.8017703394963784,0.087,0.028,3.769708015160829e-9,2,Caacu.v4.10G015560,Chr10,18126365,18132705,+,Protein of unknown function (DUF300)
2.211774995823215e-13,2.241124340541445,0.052,0.011,5.127779150316542e-9,2,Caacu.v4.11G015600,Chr11,16535489,16537675,-,defective in meristem silencing
2.9653227501064313e-13,5.404072864623745,0.019,0,6.87480426384675e-9,2,Caacu.v4.16G001080,Chr16,1026037,1027209,-,ROTUNDIFOLIA like
3.1804863854328015e-13,2.327337862940849,0.047,0.009,7.373639635987407e-9,2,Caacu.v4.10G008900,Chr10,11888822,11890132,+,hypothetical protein
3.245819263829433e-13,1.8426474301927365,0.067,0.018,7.525107381262158e-9,2,Caacu.v4.6G003920,Chr6,3705158,3709328,-,NSP-interacting kinase
3.4057166903552916e-13,2.685600136456206,0.038,0.005,7.895813574919709e-9,2,Caacu.v4.14G001070,Chr14,792078,793179,-,Disease resistance-responsive (dirigent-like protein) family protein
3.4392713944841004e-13,1.6738902527239685,0.081,0.025,7.973606800971938e-9,2,Caacu.v4.7G013780,Chr7,18642069,18647700,-,hypothetical protein
3.763136410483616e-13,1.1447074194646594,0.234,0.13,8.724455454065215e-9,2,Caacu.v4.11G004520,Chr11,4939925,4949707,-,Heavy metal transport/detoxification superfamily protein 
4.240687832095067e-13,5.7548582871856615,0.02,0.001,9.831610669929204e-9,2,Caacu.v4.7G014820,Chr7,19482378,19486602,-,Major facilitator superfamily protein
4.664101137876748e-13,3.0721401748262562,0.039,0.006,1.0813252078053454e-8,2,Caacu.v4.1G010060,Chr1,16589304,16592925,+,phytochrome-associated protein
4.707278338268786e-13,3.071559802553999,0.031,0.003,1.0913354099442353e-8,2,Caacu.v4.17G006830,Chr17,11266366,11271082,+,Family of unknown function (DUF662) 
6.18629749957819e-13,2.811765769623728,0.036,0.005,1.4342312123022075e-8,2,Caacu.v4.18G005130,Chr18,4212698,4215411,-,methyl esterase
6.429549703747367e-13,1.977248215006255,0.064,0.017,1.4906268033167895e-8,2,Caacu.v4.17G005670,Chr17,10321089,10330964,+,transcription factor-related
7.014256217730441e-13,1.6374291988438583,0.097,0.035,1.6261851615186255e-8,2,Caacu.v4.16G005250,Chr16,4913413,4920520,-,Glycosyl hydrolase family protein
7.56004694544882e-13,1.7450703532264094,0.093,0.032,1.7527212838328546e-8,2,Caacu.v4.2G022830,Chr2,27976706,27978668,-,conserved hypothetical protein
7.993520425101863e-13,1.790592448054362,0.077,0.023,1.8532177753556158e-8,2,Caacu.v4.19G007670,Chr19,11056335,11059481,-,SPFH/Band 7/PHB domain-containing membrane-associated protein family
8.966946309487481e-13,0.91920908860904,0.358,0.246,2.0788968323915777e-8,2,Caacu.v4.5G001700,Chr5,1200461,1204371,-,plasma membrane intrinsic protein 1;4
1.024142371772941e-12,2.0982128666569753,0.064,0.017,2.3743716747183863e-8,2,Caacu.v4.16G003590,Chr16,3452266,3454750,+,TRICHOME BIREFRINGENCE-LIKE
1.2088424479286872e-12,1.2401759729758177,0.156,0.072,2.8025803312778684e-8,2,Caacu.v4.17G003940,Chr17,7960655,7993552,-,P-loop containing nucleoside triphosphate hydrolases superfamily protein
1.244366946067373e-12,3.300301453127559,0.028,0.003,2.8849403277625976e-8,2,Caacu.v4.8G009010,Chr8,10592960,10598132,-,Ribosomal protein S7e family protein
1.2476808461603868e-12,1.447359171801202,0.138,0.064,2.8926232737382406e-8,2,Caacu.v4.11G004790,Chr11,5212807,5214700,+,Heavy metal transport/detoxification superfamily protein 
1.3503442802119803e-12,2.344013327150292,0.044,0.008,3.1306381792434555e-8,2,Caacu.v4.15G006860,Chr15,11554076,11560291,-,Polyketide cyclase/dehydrase and lipid transport superfamily protein
1.4179322203789622e-12,1.7924076534235414,0.083,0.027,3.287334059726586e-8,2,Caacu.v4.3G005310,Chr3,4459227,4464314,+,phytochrome-associated protein
1.48370320327453e-12,2.7109300765115414,0.039,0.006,3.4398175064716706e-8,2,Caacu.v4.10G005310,Chr10,5543566,5547977,+,organic cation/carnitine transporter4
1.725255608576571e-12,1.9918619871023693,0.058,0.014,3.999832602923922e-8,2,Caacu.v4.1G005910,Chr1,10824310,10825489,+,Plant invertase/pectin methylesterase inhibitor superfamily protein
1.8856369725580743e-12,3.460660274788383,0.026,0.002,4.371660757178639e-8,2,Caacu.v4.12G007290,Chr12,12437979,12439645,+,methyl esterase
1.9785032978245517e-12,3.0578418626502994,0.023,0.002,4.586962045676441e-8,2,Caacu.v4.1G011110,Chr1,17554570,17560881,+,lectin protein kinase family protein
2.152748981469161e-12,1.2860028878217444,0.141,0.063,4.990933238638103e-8,2,Caacu.v4.6G001910,Chr6,1829814,1832480,+,homeobox protein
2.1650806868828654e-12,2.0310884849350606,0.062,0.017,5.0195230644692355e-8,2,Caacu.v4.3G011540,Chr3,9706882,9708566,-,hypothetical protein
2.198221033211563e-12,1.706890226767007,0.077,0.024,5.096355643397688e-8,2,Caacu.v4.3G000700,Chr3,843638,874603,+,autoinhibited Ca(2+)-ATPase
2.3676360887872105e-12,1.883222572876474,0.081,0.027,5.4891275082442686e-8,2,Caacu.v4.2G020540,Chr2,26204277,26210089,-,cation/H+ exchanger
2.5020252604860496e-12,1.497562343171917,0.109,0.042,5.800695363910857e-8,2,Caacu.v4.2G029950,Chr2,33647986,33664445,-,RNA binding;abscisic acid binding
2.772138615083532e-12,2.7256212913482276,0.038,0.006,6.426926165209661e-8,2,Caacu.v4.8G019320,Chr8,19595934,19599576,+,D-3-phosphoglycerate dehydrogenase
2.9925561327151496e-12,5.353064149269661,0.017,0,6.937942138086803e-8,2,Caacu.v4.21G008780,Chr21,10337898,10339108,+,thioredoxin
3.236233372454885e-12,3.655217841180177,0.029,0.003,7.502883450699406e-8,2,Caacu.v4.6G017970,Chr6,17795797,17798199,+,Protein of unknown function (DUF581)
3.3349821186129083e-12,2.106696561815702,0.058,0.014,7.731822543792167e-8,2,Caacu.v4.10G002930,Chr10,2921094,2944536,+,kinesin-like protein
3.837168258667834e-12,2.753748595244633,0.039,0.007,8.896090890895507e-8,2,Caacu.v4.15G010330,Chr15,14510178,14511540,+,LOB domain-containing protein
4.100248733380208e-12,5.627875537391594,0.019,0.001,9.506016663468674e-8,2,Caacu.v4.10G000720,Chr10,908330,909646,+,GRAM domain-containing protein / ABA-responsive protein-related
4.252928779869322e-12,2.7706413261045872,0.032,0.004,9.859990083249036e-8,2,Caacu.v4.19G003480,Chr19,7263981,7268486,-,"Protein of unknown function, DUF593"
4.552016239834151e-12,4.897137596765344,0.02,0.001,1.0553394450431495e-7,2,Caacu.v4.5G000450,Chr5,320499,324755,-,laccase
5.693175532421533e-12,3.2440451876499874,0.028,0.003,1.3199058154366081e-7,2,Caacu.v4.3G007570,Chr3,6386604,6389078,-,Homeodomain-like superfamily protein
7.058321359132836e-12,2.2129279767386305,0.054,0.013,1.6364012239013567e-7,2,Caacu.v4.17G005010,Chr17,9338332,9345642,+,Plant L-ascorbate oxidase
7.301736340706405e-12,1.4880392645216762,0.067,0.019,1.692834553229373e-7,2,Caacu.v4.13G007060,Chr13,5983476,6009105,+,ACT-like protein tyrosine kinase family protein
7.529762301249308e-12,2.6859265691011034,0.061,0.016,1.7457000919216397e-7,2,Caacu.v4.6G011580,Chr6,12220700,12226828,+,phloem protein 2-B1
7.812746103610332e-12,2.3174909013753053,0.049,0.01,1.8113070566610194e-7,2,Caacu.v4.3G014370,Chr3,12695869,12718025,+,NB-ARC domain-containing disease resistance protein
7.823466905633851e-12,1.7516867413761847,0.058,0.015,1.813792567402152e-7,2,Caacu.v4.4G016090,Chr4,18900178,18904322,+,NSP-interacting kinase
8.125005110925835e-12,1.975285726508483,0.055,0.014,1.8837011849170457e-7,2,Caacu.v4.10G004260,Chr10,4284817,4286800,-,conserved hypothetical protein
9.253052440189502e-12,3.6485343538467783,0.026,0.003,2.145227677733534e-7,2,Caacu.v4.11G012410,Chr11,13844424,13850465,-,beta glucosidase
9.40973673934167e-12,3.371140502770704,0.026,0.003,2.181553365648973e-7,2,Caacu.v4.2G022390,Chr2,27610512,27613522,-,Thioredoxin superfamily protein
1.0137248621726215e-11,1.707014955475623,0.086,0.03,2.3502197204610056e-7,2,Caacu.v4.19G009630,Chr19,12527072,12529349,-,Pectate lyase family protein
1.1708982536149009e-11,1.9317762825509486,0.061,0.018,2.7146105111807864e-7,2,Caacu.v4.2G021570,Chr2,26948159,26949995,-,Adenine nucleotide alpha hydrolases-like superfamily protein
1.217946255023209e-11,2.616971019121777,0.041,0.008,2.8236865976458076e-7,2,Caacu.v4.18G007560,Chr18,6453874,6456132,+,expansin A4
1.4280634219344904e-11,2.53225999203242,0.032,0.004,3.3108222374129225e-7,2,Caacu.v4.4G010650,Chr4,14568255,14574449,-,TARGET OF MONOPTEROS
1.480758108982743e-11,1.984724923003177,0.055,0.014,3.4329895998655917e-7,2,Caacu.v4.1G003070,Chr1,7048492,7051811,-,ABL interactor-like protein
1.5064502704199223e-11,1.736051400504687,0.081,0.028,3.492554306941548e-7,2,Caacu.v4.8G018460,Chr8,18940248,18941784,+,PRA1 (Prenylated rab acceptor) family protein
1.517389982466314e-11,3.2726956122296227,0.025,0.002,3.5179169353499025e-7,2,Caacu.v4.14G014060,Chr14,15476063,15478347,+,Heavy metal transport/detoxification superfamily protein 
1.6383112964796673e-11,1.7096314421318495,0.084,0.029,3.7982609097584605e-7,2,Caacu.v4.19G004160,Chr19,7915599,7930853,-,phosphatidyl serine synthase family protein
1.715775639242905e-11,2.307835802167806,0.058,0.016,3.977854242020751e-7,2,Caacu.v4.9G005730,Chr9,10177429,10182973,-,VIRE2-interacting protein
1.7557579546372986e-11,1.2540624523466777,0.054,0.022,4.070549242031113e-7,2,Caacu.v4.3G004190,Chr3,3603499,3621763,-,FAD/NAD(P)-binding oxidoreductase
1.8497612905631584e-11,2.3811613269925846,0.048,0.011,4.2884865760416264e-7,2,Caacu.v4.1G014150,Chr1,20413603,20420844,-,basic leucine zipper
1.990834632713908e-11,1.2139103219166543,0.124,0.053,4.6155510124839244e-7,2,Caacu.v4.11G012740,Chr11,14165091,14168783,-,Protein of Unknown Function (DUF239)
2.252549903708975e-11,2.1129547210778883,0.07,0.022,5.222311696758887e-7,2,Caacu.v4.8G005240,Chr8,6824713,6831224,+,Regulator of Vps4 activity in the MVB pathway protein
2.3224519089045744e-11,2.509464554432043,0.033,0.005,5.384372505604365e-7,2,Caacu.v4.20G004930,Chr20,3740096,3744409,-,Protein of Unknown Function (DUF239)
2.654761362145524e-11,3.1413155137421302,0.042,0.009,6.154798741998183e-7,2,Caacu.v4.4G014460,Chr4,17557513,17559655,-,C2H2-like zinc finger protein
2.916802857051228e-11,1.7016146129989276,0.073,0.023,6.762315743787567e-7,2,Caacu.v4.19G010280,Chr19,12975802,12982213,-,squamosa promoter binding protein-like
3.027116780901243e-11,2.3241156952671305,0.051,0.012,7.018067544841442e-7,2,Caacu.v4.2G025870,Chr2,30490311,30495422,+,Aluminium induced protein with YGL and LRDR motifs
3.2146417885611455e-11,2.00836636689313,0.052,0.013,7.452825522600159e-7,2,Caacu.v4.10G002090,Chr10,2185652,2187770,-,SBP (S-ribonuclease binding protein) family protein
3.388321263492097e-11,1.3968920736771369,0.036,0.011,7.855484017280078e-7,2,Caacu.v4.21G004360,Chr21,6308304,6312749,+,Dynein light chain type 1 family protein
3.3970455508222946e-11,1.0354365320454386,0.375,0.273,7.875710405026408e-7,2,Caacu.v4.17G006870,Chr17,11314702,11320589,+,Stress responsive A/B Barrel Domain
3.5054070217918065e-11,1.0143953633226377,0.135,0.063,8.126935639322124e-7,2,Caacu.v4.11G007990,Chr11,10299352,10300533,+,Protein E6
3.896395231278529e-11,1.261529416736526,0.102,0.04,9.033402704196142e-7,2,Caacu.v4.3G004660,Chr3,3934007,3947459,+,Protein phosphatase 2A regulatory B subunit family protein
3.968186270626611e-11,2.9984832232991443,0.036,0.006,9.199843049820735e-7,2,Caacu.v4.14G011750,Chr14,12263870,12266876,-,calmodulin-binding family protein
3.9984042851830214e-11,2.994193298322717,0.036,0.006,9.269900494768317e-7,2,Caacu.v4.15G000590,Chr15,1226259,1233451,-,hypothetical protein
4.072104196853706e-11,4.991602990038971,0.017,0.001,9.440766369985632e-7,2,Caacu.v4.2G013910,Chr2,19036079,19037221,-,hypothetical protein
4.0959229983657724e-11,3.256638299517745,0.026,0.003,9.495987879411207e-7,2,Caacu.v4.10G001960,Chr10,2083981,2086440,+,Transmembrane amino acid transporter family protein
4.279942423312184e-11,4.493271080783157,0.019,0.001,9.922618514206967e-7,2,Caacu.v4.20G009110,Chr20,9653254,9654659,+,hypothetical protein
4.8925461516234725e-11,1.9348006772121153,0.109,0.047,1.134287899792386e-6,2,Caacu.v4.2G017710,Chr2,23689705,23694117,-,alpha carbonic anhydrase
5.526874475871804e-11,1.6899322303126412,0.09,0.035,1.281350578486119e-6,2,Caacu.v4.1G001680,Chr1,4218107,4229577,-,Ankyrin repeat family protein
6.016755849108127e-11,1.5375577697130582,0.089,0.034,1.3949246760572282e-6,2,Caacu.v4.3G018580,Chr3,19735569,19755302,+,polyamine oxidase
6.808884830247966e-11,2.383414824083986,0.041,0.008,1.5785718590446885e-6,2,Caacu.v4.1G003800,Chr1,7892723,7893621,+,Disease resistance-responsive (dirigent-like protein) family protein
6.813976959108079e-11,2.151303406591845,0.026,0.008,1.579752418199617e-6,2,Caacu.v4.11G004800,Chr11,5221160,5223071,+,Heavy metal transport/detoxification superfamily protein 
7.721449883432e-11,1.6451801925726328,0.071,0.023,1.790140940974875e-6,2,Caacu.v4.15G001170,Chr15,1901859,1905319,+,indoleacetic acid-induced protein
7.744411254425287e-11,1.724754398629691,0.07,0.022,1.7954643052259585e-6,2,Caacu.v4.10G013700,Chr10,16536327,16541495,+,"cytochrome P450, family 72, subfamily A, polypeptide"
1.1347208598739076e-10,2.3189166070968423,0.036,0.007,2.630736841531667e-6,2,Caacu.v4.20G009890,Chr20,10611540,10613737,+,Copper transport protein family
1.3027602430302722e-10,1.728302851857648,0.052,0.014,3.020319347441383e-6,2,Caacu.v4.18G012730,Chr18,12781658,12787382,-,Homeodomain-like superfamily protein
1.3765239632082523e-10,1.1802909552100433,0.172,0.091,3.191333156302012e-6,2,Caacu.v4.6G006000,Chr6,5449551,5452579,+,expansin A4
1.4347272016110998e-10,1.3187249686678024,0.105,0.043,3.326271544215174e-6,2,Caacu.v4.1G037130,Chr1,38981840,39006643,-,KU70 homolog
1.5867478767604694e-10,3.1869461412478364,0.026,0.003,3.6787162774814723e-6,2,Caacu.v4.21G005200,Chr21,7255587,7267598,-,lipid phosphate phosphatase
1.6316580320868715e-10,2.7578879694850444,0.026,0.003,3.782835981590203e-6,2,Caacu.v4.15G003030,Chr15,6097390,6102331,-,Leucine-rich receptor-like protein kinase family protein
1.6550324611951764e-10,3.869839460925546,0.022,0.002,3.837027258034897e-6,2,Caacu.v4.3G010000,Chr3,8414982,8415795,+,conserved hypothetical protein
2.418109998844843e-10,2.2672397776389177,0.049,0.013,5.606146221321884e-6,2,Caacu.v4.21G007230,Chr21,9100181,9101094,-,hypothetical protein
2.570089924920686e-10,2.583898113036141,0.031,0.005,5.958496481936119e-6,2,Caacu.v4.19G001700,Chr19,4607506,4637168,-,P-loop containing nucleoside triphosphate hydrolases superfamily protein
2.6635678038655543e-10,2.437527264645601,0.036,0.007,6.175215596481901e-6,2,Caacu.v4.7G008030,Chr7,14003048,14006073,-,conserved hypothetical protein
3.101798957471624e-10,2.4291230505983425,0.038,0.008,7.1912107030022135e-6,2,Caacu.v4.1G029560,Chr1,33337687,33339796,-,UDP-D-glucuronate 4-epimerase
3.237431553870445e-10,3.2055447126865957,0.032,0.005,7.505661314493239e-6,2,Caacu.v4.8G012980,Chr8,14342649,14345156,+,conserved hypothetical protein
3.3409641913908897e-10,3.7413262394758737,0.019,0.001,7.74569138132064e-6,2,Caacu.v4.2G009000,Chr2,7315861,7317474,-,zinc finger (C2H2 type) family protein
3.3516620713893e-10,3.3945501086925924,0.019,0.001,7.770493346308953e-6,2,Caacu.v4.8G013630,Chr8,15010531,15011374,+,hypothetical protein
3.868001783433342e-10,4.894098802888331,0.017,0.001,8.967575334711861e-6,2,Caacu.v4.8G006240,Chr8,7849397,7851124,+,myb domain protein
4.3156173195045545e-10,1.1337519138441925,0.07,0.023,1.0005327193539359e-5,2,Caacu.v4.7G003950,Chr7,9299253,9307405,+,5'-3' exoribonuclease
4.621099212200695e-10,1.7511297712513902,0.064,0.02,1.0713556413566091e-5,2,Caacu.v4.4G015770,Chr4,18669074,18675454,-,hypothetical protein
4.698432791061872e-10,2.651942484435204,0.019,0.004,1.0892846582797844e-5,2,Caacu.v4.5G006110,Chr5,4779621,4785962,-,Inositol monophosphatase family protein
4.885074465334984e-10,1.5414868676840165,0.071,0.025,1.1325556640432628e-5,2,Caacu.v4.13G000810,Chr13,646199,662476,-,DEA(D/H)-box RNA helicase family protein
4.912525483584456e-10,2.2004339936395327,0.033,0.006,1.1389199081142204e-5,2,Caacu.v4.17G005950,Chr17,10560499,10571768,-,conserved hypothetical protein
5.098646503339953e-10,2.834931927848885,0.029,0.004,1.1820702053343347e-5,2,Caacu.v4.10G012280,Chr10,15371752,15375330,-,GRAS family transcription factor
5.106276145473973e-10,2.6252619347145076,0.029,0.004,1.183839061566686e-5,2,Caacu.v4.20G004720,Chr20,3537171,3539085,+,Adenine nucleotide alpha hydrolases-like superfamily protein
5.35150713270005e-10,1.3733127052785707,0.057,0.029,1.2406934136451796e-5,2,Caacu.v4.18G010650,Chr18,10637639,10644768,-,spermidine synthase
5.524746225217844e-10,3.436010496936552,0.026,0.004,1.280857164854505e-5,2,Caacu.v4.7G011980,Chr7,17145572,17151571,-,Phototropic-responsive NPH3 family protein
5.687630214468059e-10,3.1371742362023096,0.026,0.004,1.3186201889222749e-5,2,Caacu.v4.6G006450,Chr6,5754953,5757673,+,nodulin MtN21 /EamA-like transporter family protein
5.72342503134598e-10,0.5733648319212152,0.352,0.24,1.326918859267252e-5,2,Caacu.v4.4G011460,Chr4,15184587,15185936,+,hypothetical protein
5.85660886985694e-10,1.8091643513526847,0.058,0.018,1.357796200387633e-5,2,Caacu.v4.8G006210,Chr8,7813606,7831703,-,WUS-interacting protein
6.219124987819787e-10,2.590199335783217,0.038,0.008,1.4418419371761393e-5,2,Caacu.v4.7G010440,Chr7,15808948,15814325,-,with no lysine (K) kinase
6.511168079589536e-10,1.8121008468363695,0.054,0.015,1.5095492075720381e-5,2,Caacu.v4.19G007500,Chr19,10929026,10931784,+,Homeobox-leucine zipper protein family
6.607250138327935e-10,1.281510275812736,0.103,0.044,1.5318248720699484e-5,2,Caacu.v4.14G010570,Chr14,9752795,9772901,-,N-acetylglucosamine-1-phosphate uridylyltransferase
6.95484867498502e-10,1.9345816645680616,0.057,0.017,1.612412116808527e-5,2,Caacu.v4.10G006580,Chr10,8036525,8044285,+,galacturonosyltransferase
7.338132165450079e-10,1.323440133698432,0.125,0.059,1.7012725612379463e-5,2,Caacu.v4.5G009280,Chr5,7442975,7444486,+,Pollen Ole e 1 allergen and extensin family protein
7.355326555336033e-10,2.1087838024286376,0.042,0.01,1.705258908589106e-5,2,Caacu.v4.2G004300,Chr2,3199273,3200629,-,AUX/IAA transcriptional regulator family protein
8.113912456297424e-10,1.6807637496967969,0.062,0.02,1.881129463867995e-5,2,Caacu.v4.6G004230,Chr6,3942972,3944634,+,allene oxide cyclase
9.382906037197705e-10,2.3462341467759273,0.047,0.012,2.175332935663916e-5,2,Caacu.v4.1G025280,Chr1,29963097,29965847,-,Ggamma-subunit
9.565752094081572e-10,2.325939464849405,0.052,0.015,2.2177239654918717e-5,2,Caacu.v4.20G002990,Chr20,2189131,2193449,-,serine carboxypeptidase-like
9.611410113528622e-10,2.9826971612264117,0.028,0.004,2.2283093207204758e-5,2,Caacu.v4.2G029320,Chr2,33198807,33205530,-,hypothetical protein
9.777139854761723e-10,1.0436124727391936,0.108,0.047,2.2667321039279577e-5,2,Caacu.v4.19G009640,Chr19,12536896,12541877,-,Regulator of chromosome condensation (RCC1) family protein
1.0464774478518077e-9,3.150605653453022,0.033,0.006,2.426153315099631e-5,2,Caacu.v4.7G007130,Chr7,13149330,13151899,-,TARGET OF MONOPTEROS
1.076608647707949e-9,3.0692925735235326,0.025,0.003,2.496009488846109e-5,2,Caacu.v4.15G006560,Chr15,11194707,11197906,-,hypothetical protein
1.08975610838646e-9,2.6678677435165508,0.033,0.006,2.5264905616831686e-5,2,Caacu.v4.14G004400,Chr14,3020561,3021345,-,Phytosulfokine precursor protein (PSK) domain containing protein
1.1085395501825348e-9,1.7200901573422274,0.048,0.013,2.5700380931431887e-5,2,Caacu.v4.10G001370,Chr10,1432374,1444811,+,alpha/beta-Hydrolases superfamily protein
1.147372523747155e-9,1.3515325193956271,0.096,0.04,2.660068459055404e-5,2,Caacu.v4.11G010730,Chr11,12520448,12523172,-,hypothetical protein
1.254221954369733e-9,2.5634940816484195,0.035,0.007,2.907788179010789e-5,2,Caacu.v4.2G025940,Chr2,30526188,30532728,+,conserved hypothetical protein
1.297967750191298e-9,3.9125546603185026,0.02,0.002,3.0092084320435053e-5,2,Caacu.v4.11G008300,Chr11,10580623,10582826,-,Protein of unknown function (DUF506) 
1.324316475423003e-9,1.7120471770391088,0.047,0.012,3.07029531662069e-5,2,Caacu.v4.1G013190,Chr1,19565597,19568026,-,homeobox protein
1.3441989085159984e-9,2.145548602904756,0.042,0.01,3.116390749503491e-5,2,Caacu.v4.14G000980,Chr14,744333,748467,+,like AUXIN RESISTANT
1.3508648195463162e-9,2.3076118471302296,0.033,0.007,3.1318449976361796e-5,2,Caacu.v4.20G005660,Chr20,4436707,4441550,-,O-fucosyltransferase family protein
1.4366074357503034e-9,1.8981357495852127,0.028,0.006,3.330630679043503e-5,2,Caacu.v4.1G029610,Chr1,33377982,33384854,-,Disease resistance protein (TIR-NBS-LRR class) family
1.4526712824006297e-9,2.5086171639160817,0.029,0.005,3.36787310111762e-5,2,Caacu.v4.18G010620,Chr18,10582382,10602389,-,Protein phosphatase 2C family protein
1.4652425818221618e-9,2.5477753191175037,0.029,0.005,3.3970184016965e-5,2,Caacu.v4.9G008670,Chr9,13128483,13132167,+,Leucine-rich repeat transmembrane protein kinase family protein
1.546383098675973e-9,2.1359743131644664,0.036,0.008,3.585134575970376e-5,2,Caacu.v4.3G011800,Chr3,9975775,9978190,+,Basic-leucine zipper (bZIP) transcription factor family protein
1.5589139188614318e-9,10.215757392754853,0.012,0,3.614186029488344e-5,2,Caacu.v4.11G012750,Chr11,14176934,14192305,+,myosin-like protein XIF
1.5775602668858985e-9,2.033420948816014,0.041,0.01,3.6574157227482674e-5,2,Caacu.v4.19G003260,Chr19,7086678,7090586,+,plasmodesmata-located protein
1.6442055133515747e-9,1.7534388160697851,0.038,0.008,3.811926062154291e-5,2,Caacu.v4.18G012060,Chr18,12171285,12174117,+,Late embryogenesis abundant (LEA) hydroxyproline-rich glycoprotein family
2.0242509471809406e-9,1.6280119152151569,0.06,0.019,4.6930233959442924e-5,2,Caacu.v4.2G018520,Chr2,24465169,24477514,+,Pyruvate kinase family protein
2.0666407821799786e-9,2.0354087559624436,0.047,0.012,4.791299989406063e-5,2,Caacu.v4.3G001220,Chr3,1199319,1202284,-,NmrA-like negative transcriptional regulator family protein
2.1920757438038473e-9,2.8455018283245996,0.032,0.006,5.08210840443484e-5,2,Caacu.v4.1G019340,Chr1,24946992,24949518,+,Tetraspanin family protein
2.509912488626836e-9,1.6082962803564105,0.06,0.019,5.8189811136324566e-5,2,Caacu.v4.21G008520,Chr21,10126875,10130612,+,Duplicated homeodomain-like superfamily protein
2.68983154352829e-9,2.697897306927997,0.035,0.007,6.236105450515987e-5,2,Caacu.v4.13G008920,Chr13,7945729,7949214,-,like AUX1
2.8897376119600556e-9,2.362837192478239,0.039,0.009,6.699567679568193e-5,2,Caacu.v4.2G004830,Chr2,3537122,3539703,-,actin depolymerizing factor
2.918099438209718e-9,2.5430759984979265,0.038,0.007,6.76532173754541e-5,2,Caacu.v4.15G002620,Chr15,4650174,4655462,-,Argonaute family protein
3.005686036815464e-9,2.348822950405989,0.035,0.007,6.968382507752973e-5,2,Caacu.v4.3G005060,Chr3,4270060,4275268,+,proline extensin-like receptor kinase
3.0538923858068637e-9,1.7923055414430327,0.048,0.013,7.080144107254633e-5,2,Caacu.v4.2G009970,Chr2,8234359,8236983,+,expansin A4
3.060697279104637e-9,4.895455208002507,0.013,0,7.09592057187619e-5,2,Caacu.v4.4G006840,Chr4,10987848,10990427,+,Haloacid dehalogenase-like hydrolase (HAD) superfamily protein
3.060697279104637e-9,5.030645295429787,0.013,0,7.09592057187619e-5,2,Caacu.v4.10G001160,Chr10,1265383,1269098,+,conserved hypothetical protein
3.1123012930025708e-9,3.0366866658055987,0.041,0.006,7.21555931769716e-5,2,Caacu.v4.14G010040,Chr14,8766959,8769803,-,zinc transporter 1 precursor
3.2138390257269886e-9,1.7810255653033211,0.033,0.007,7.45096439724545e-5,2,Caacu.v4.7G003270,Chr7,8306542,8322963,+,RING-H2 group F2A
3.3886117287167885e-9,3.524628195453754,0.022,0.003,7.856157431857002e-5,2,Caacu.v4.13G006020,Chr13,4889730,4890278,-,Transducin/WD40 repeat-like superfamily protein
3.4088890793275e-9,1.6931360860844604,0.071,0.026,7.903168441512876e-5,2,Caacu.v4.14G009030,Chr14,7406394,7409302,+,phloem protein 2-B15
3.5171007440401625e-9,4.475035135856005,0.016,0.001,8.154046364982713e-5,2,Caacu.v4.8G000880,Chr8,1086759,1092044,+,Double Clp-N motif-containing P-loop nucleoside triphosphate hydrolases superfamily protein
3.5405305165630594e-9,4.253365476866501,0.016,0.001,8.208365949599797e-5,2,Caacu.v4.2G029150,Chr2,33082666,33085538,+,hypothetical protein
3.6107793844228834e-9,1.7008287727220188,0.045,0.013,8.371230924846013e-5,2,Caacu.v4.1G038380,Chr1,39963011,39968623,+,2-isopropylmalate synthase
3.623657871493913e-9,2.760063026799666,0.025,0.004,8.401088409271488e-5,2,Caacu.v4.2G011010,Chr2,14186384,14191232,+,Tautomerase/MIF superfamily protein
3.6876822909099598e-9,5.901815498395554,0.015,0.001,8.549522623245651e-5,2,Caacu.v4.3G014830,Chr3,13272024,13281911,+,glutamate receptor
3.760640222080076e-9,2.8031475788433986,0.029,0.005,8.718668290870448e-5,2,Caacu.v4.5G008540,Chr5,6608720,6616955,-,ARF-GAP domain
4.0873768127592856e-9,1.3278960361633383,0.07,0.025,9.476174402701128e-5,2,Caacu.v4.4G016950,Chr4,19590684,19593311,-,Plant calmodulin-binding protein-related
4.171198347180879e-9,1.1276785334320851,0.084,0.034,9.67050624810415e-5,2,Caacu.v4.17G007200,Chr17,11680390,11701828,-,vacuolar protein sorting
4.693505324156935e-9,1.9048932462846704,0.054,0.017,1.0881422743525438e-4,2,Caacu.v4.20G004150,Chr20,3108075,3110518,+,Pectate lyase family protein
5.283543666933275e-9,0.9681203756948729,0.224,0.142,1.2249367637418105e-4,2,Caacu.v4.13G000490,Chr13,388335,395358,-,Prolyl oligopeptidase family protein
5.5706660309842925e-9,2.837590650621785,0.026,0.004,1.2915032126233983e-4,2,Caacu.v4.9G012530,Chr9,16131754,16134003,+,THAUMATIN-LIKE PROTEIN
5.758043628952182e-9,2.4814608988909193,0.032,0.006,1.3349448349362738e-4,2,Caacu.v4.12G002510,Chr12,2290252,2294291,+,homeobox
6.200113877327186e-9,2.784603069908405,0.02,0.002,1.4374344013195348e-4,2,Caacu.v4.5G010500,Chr5,8490459,8497443,+,Protein of unknown function (DUF640)
6.219915836575311e-9,1.8787517248756842,0.047,0.013,1.44202528755162e-4,2,Caacu.v4.17G007630,Chr17,12104992,12118186,-,Cysteine proteinases superfamily protein
6.382164144498412e-9,1.3540923912275682,0.06,0.02,1.4796409352605118e-4,2,Caacu.v4.9G012330,Chr9,15992155,15995678,+,"Abscisic acid-responsive (TB2/DP1, HVA22) family protein"
6.43124426107365e-9,1.6453779238194974,0.048,0.014,1.491019669487315e-4,2,Caacu.v4.2G002100,Chr2,1496849,1504335,-,Pectin lyase-like superfamily protein
6.469487677319039e-9,1.6621611647344032,0.041,0.01,1.499886023109646e-4,2,Caacu.v4.7G006440,Chr7,12432939,12445356,+,cyclic nucleotide-gated channel
6.5456987036967e-9,2.1169002156303565,0.033,0.007,1.517554787465043e-4,2,Caacu.v4.8G015210,Chr8,16399330,16400730,-,conserved hypothetical protein
7.002377955594321e-9,2.7695548177458154,0.023,0.003,1.6234313052249875e-4,2,Caacu.v4.11G007430,Chr11,9719997,9731940,-,Thiamine pyrophosphate dependent pyruvate decarboxylase family protein
7.20813229039582e-9,1.2593070823108048,0.099,0.044,1.671133390205367e-4,2,Caacu.v4.7G003640,Chr7,8803508,8808105,-,BEL1-like homeodomain
7.273549325599451e-9,1.7158969897688616,0.038,0.009,1.686299675646977e-4,2,Caacu.v4.4G018580,Chr4,20831615,20834743,-,formate dehydrogenase
7.42828133502401e-9,1.0880892490914953,0.208,0.129,1.7221727447119665e-4,2,Caacu.v4.10G013690,Chr10,16527955,16531070,+,"cytochrome P450, family 72, subfamily A, polypeptide"
7.480865653029781e-9,2.973730691984482,0.028,0.005,1.7343638929984243e-4,2,Caacu.v4.17G006020,Chr17,10643157,10652824,+,NAD(P)-binding Rossmann-fold superfamily protein
7.755045920689281e-9,1.6748527558871202,0.047,0.013,1.797929846252603e-4,2,Caacu.v4.17G007760,Chr17,12260860,12266254,+,Zinc finger (C3HC4-type RING finger) family protein
9.18332976154999e-9,1.1735452300321854,0.084,0.035,2.1290631719177495e-4,2,Caacu.v4.8G006110,Chr8,7718298,7722771,-,plant-specific transcription factor YABBY family protein
9.745596391803205e-9,1.8569932139097394,0.052,0.016,2.259419067475655e-4,2,Caacu.v4.9G004220,Chr9,8412594,8420441,+,Plant protein of unknown function (DUF869)
9.756164921330838e-9,3.830426005867918,0.019,0.002,2.2618692753613415e-4,2,Caacu.v4.4G011260,Chr4,15015302,15017650,-,GRAS family transcription factor
1.0086196942775194e-8,3.488235164175526,0.019,0.002,2.338383899213001e-4,2,Caacu.v4.10G011340,Chr10,14431609,14432589,+,Disease resistance-responsive (dirigent-like protein) family protein
1.0528141051196189e-8,1.1462227267821667,0.198,0.12,2.4408442213093244e-4,2,Caacu.v4.14G005820,Chr14,4237748,4245351,+,Bifunctional inhibitor/lipid-transfer protein/seed storage 2S albumin superfamily protein
1.120930195426256e-8,1.123498647863327,0.124,0.062,2.598764565076232e-4,2,Caacu.v4.2G015920,Chr2,21766944,21773195,-,SC35-like splicing factor
1.2480732280663618e-8,2.126899588809554,0.036,0.01,2.893532971949053e-4,2,Caacu.v4.10G008740,Chr10,11697484,11699429,+,O-methyltransferase family protein
1.2801746918836505e-8,1.2879232910444574,0.116,0.058,2.967957005663055e-4,2,Caacu.v4.2G029200,Chr2,33102078,33103693,+,ethylene-responsive element binding protein
1.4229588718914921e-8,1.8111797163665149,0.036,0.009,3.2989878485932355e-4,2,Caacu.v4.11G014470,Chr11,15582770,15589209,+,Arabidopsis thaliana protein of unknown function (DUF821)
1.5072542935725938e-8,1.4267442805641921,0.092,0.039,3.494418354218701e-4,2,Caacu.v4.7G013710,Chr7,18571402,18580033,-,basic helix-loop-helix (bHLH) DNA-binding superfamily protein
1.6148392238958463e-8,2.5740239010787556,0.017,0.002,3.7438432566801297e-4,2,Caacu.v4.19G010440,Chr19,13119638,13123306,-,conserved hypothetical protein
1.7435867166029398e-8,1.950581778975137,0.041,0.012,4.0423314437722555e-4,2,Caacu.v4.18G004380,Chr18,3676821,3681397,-,Leucine-rich repeat protein kinase family protein
1.8739667067692356e-8,1.7685814428787356,0.054,0.018,4.3446044129737956e-4,2,Caacu.v4.3G002570,Chr3,2233988,2237886,-,LJRHL1-like
1.9617386330095437e-8,1.7237589161635243,0.054,0.018,4.548094846769326e-4,2,Caacu.v4.13G001160,Chr13,863482,872456,-,IQ-domain
1.973191901161856e-8,1.5887292357509335,0.054,0.018,4.574648103653647e-4,2,Caacu.v4.8G004930,Chr8,6546609,6550708,+,basic helix-loop-helix (bHLH) DNA-binding superfamily protein
2.1081772183569566e-8,1.8395742392246541,0.049,0.015,4.887598063038768e-4,2,Caacu.v4.7G002630,Chr7,7351269,7357305,+,Myb/SANT-like DNA-binding domain containing protein
2.1914594887072947e-8,1.3467994489997621,0.08,0.033,5.080679678618992e-4,2,Caacu.v4.3G008480,Chr3,7192988,7202808,-,RNA-binding KH domain-containing protein
2.301433237527431e-8,4.780951101347465,0.016,0.001,5.335642817883596e-4,2,Caacu.v4.11G000370,Chr11,633692,644294,-,Aldolase-type TIM barrel family protein
2.3063581125436857e-8,1.334031126678239,0.068,0.026,5.347060648121281e-4,2,Caacu.v4.8G002920,Chr8,3752515,3756319,+,homology to ABI1
2.3078150684020723e-8,1.1386531570460114,0.179,0.106,5.350438454583365e-4,2,Caacu.v4.5G011350,Chr5,9333909,9362509,+,Leucine-rich repeat transmembrane protein kinase
2.3187065604076497e-8,1.9073391472812462,0.052,0.017,5.375689289649095e-4,2,Caacu.v4.5G010020,Chr5,8054824,8057717,+,hypothetical protein
2.3343547283592234e-8,3.935850843716123,0.016,0.001,5.411968002228024e-4,2,Caacu.v4.2G019790,Chr2,25623385,25623948,-,conserved hypothetical protein
2.595727402548192e-8,2.3310938696301466,0.031,0.006,6.017934410067729e-4,2,Caacu.v4.18G007680,Chr18,6545220,6547017,+,conserved hypothetical protein
2.785280478871597e-8,1.3263423486999728,0.096,0.044,6.457394262215911e-4,2,Caacu.v4.2G018990,Chr2,24953529,24960418,+,CHY-type/CTCHY-type/RING-type Zinc finger protein
3.043001685447821e-8,6.799887211152644,0.012,0,7.054895107542228e-4,2,Caacu.v4.10G000730,Chr10,912726,914301,+,GRAM domain-containing protein / ABA-responsive protein-related
3.0588435088432846e-8,5.599777501748761,0.012,0,7.091622790902271e-4,2,Caacu.v4.2G005940,Chr2,4600405,4607481,+,Phototropic-responsive NPH3 family protein
3.061234862314215e-8,4.982783939076419,0.015,0.001,7.097166904789276e-4,2,Caacu.v4.2G002660,Chr2,1899109,1904944,+,glutathione S-transferase
3.082756363429368e-8,5.023849179386249,0.012,0,7.147062352974647e-4,2,Caacu.v4.15G007540,Chr15,12266310,12270894,-,conserved hypothetical protein
3.1541524503240306e-8,1.8206143073521746,0.042,0.012,7.312587040831232e-4,2,Caacu.v4.7G006870,Chr7,12864223,12870316,-,Seven transmembrane MLO family protein
3.3699175409910864e-8,1.4119974858638116,0.048,0.015,7.812816827033734e-4,2,Caacu.v4.8G010680,Chr8,12340770,12348507,+,hypothetical protein
3.402404179775287e-8,1.9724490674342854,0.067,0.026,7.888133850391026e-4,2,Caacu.v4.3G013700,Chr3,11927880,11931449,+,Auxin-responsive family protein
3.435357264628272e-8,1.7801088426959597,0.062,0.023,7.964532282314185e-4,2,Caacu.v4.1G013250,Chr1,19617517,19620403,-,cinnamyl-alcohol dehydrogenase
3.559679752974972e-8,4.250444350235874,0.013,0.001,8.252761539297175e-4,2,Caacu.v4.10G006300,Chr10,7345199,7346747,+,hypothetical protein
3.6933142561217484e-8,2.2869518485288793,0.039,0.011,8.562579771392661e-4,2,Caacu.v4.2G001790,Chr2,1274111,1277344,+,Heat shock protein DnaJ with tetratricopeptide repeat
3.73859275678008e-8,1.394082155247423,0.084,0.036,8.667553447318938e-4,2,Caacu.v4.5G012950,Chr5,11522952,11533178,+,CBL-interacting protein kinase
4.03451038390185e-8,0.9453817510693634,0.126,0.065,9.353608874038048e-4,2,Caacu.v4.1G014450,Chr1,20616829,20621818,-,Yippee family putative zinc-binding protein
4.1374667626972776e-8,3.861304408400052,0.019,0.002,9.592302942637368e-4,2,Caacu.v4.1G028820,Chr1,32888292,32897976,-,small ubiquitin-like modifier
4.1661643347094456e-8,3.254021475409238,0.019,0.002,9.658835393590379e-4,2,Caacu.v4.1G028670,Chr1,32768307,32769278,+,hypothetical protein
4.22413960535602e-8,3.5064800963273326,0.019,0.002,9.793245261057397e-4,2,Caacu.v4.2G027050,Chr2,31384175,31386033,+,EF hand calcium-binding protein family
4.290296907335983e-8,3.143474281027699,0.019,0.002,9.946624349967744e-4,2,Caacu.v4.9G009360,Chr9,13728473,13729640,+,LOB domain-containing protein
4.3125712953799636e-8,2.9424306052413853,0.019,0.002,9.998265291208909e-4,2,Caacu.v4.11G012670,Chr11,14105010,14105945,-,conserved hypothetical protein
4.341857936747765e-8,1.2860031914054095,0.074,0.03,0.0010066163440556018,2,Caacu.v4.1G036420,Chr1,38415470,38432859,+,calmodulin binding;transcription regulators
4.349932008784738e-8,2.6872040099585637,0.022,0.003,0.0010084882369166537,2,Caacu.v4.21G000660,Chr21,633466,641266,-,Major facilitator superfamily protein
4.360382251660781e-8,1.8388822172982313,0.051,0.017,0.0010109110212250356,2,Caacu.v4.3G015430,Chr3,13983054,13985337,-,SPARK domain containing protein
4.381661601935099e-8,0.8334786891104096,0.199,0.124,0.0010158444257926333,2,Caacu.v4.18G006580,Chr18,5527132,5529725,+,plasma membrane intrinsic protein 1;4
4.66398715641465e-8,1.9228628523999753,0.038,0.01,0.0010812987823431725,2,Caacu.v4.8G017860,Chr8,18414928,18422004,-,Aldolase-type TIM barrel family protein
4.779992374670732e-8,2.0697175010222533,0.026,0.008,0.0011081934321436624,2,Caacu.v4.2G021530,Chr2,26927937,26929200,-,Adenine nucleotide alpha hydrolases-like superfamily protein
4.9732583354398554e-8,2.5408379389577904,0.028,0.005,0.001153000212488376,2,Caacu.v4.10G013820,Chr10,16615342,16623266,-,Nodulin MtN3 family protein
5.073451793171086e-8,1.4694894480771439,0.067,0.026,0.0011762290637287846,2,Caacu.v4.16G007510,Chr16,7172428,7191568,+,villin
5.3925620680456646e-8,2.1413614264453473,0.042,0.012,0.0012502115898557068,2,Caacu.v4.2G016390,Chr2,22289287,22296187,+,double-stranded-RNA-binding protein
5.483758416272502e-8,2.4115363364086093,0.029,0.006,0.001271354551228617,2,Caacu.v4.21G009260,Chr21,10732833,10738066,-,nucleobase-ascorbate transporter
5.5017717957859693e-8,2.409294203424722,0.031,0.007,0.001275530773135019,2,Caacu.v4.2G029920,Chr2,33599535,33610149,+,basic helix-loop-helix (bHLH) DNA-binding superfamily protein
5.5262724161079833e-8,1.8735013898077169,0.042,0.012,0.001281210996950475,2,Caacu.v4.2G025720,Chr2,30325888,30336242,+,REF4-related
5.596696315560957e-8,1.5268388275947997,0.068,0.028,0.0012975380737996524,2,Caacu.v4.11G012300,Chr11,13754455,13759205,-,Leucine-rich repeat (LRR) family protein
5.760096288773959e-8,1.9709679750241338,0.029,0.006,0.0013354207235893548,2,Caacu.v4.6G001580,Chr6,1524744,1528569,-,conserved hypothetical protein
5.763633783524277e-8,2.112903468253713,0.031,0.007,0.0013362408563722685,2,Caacu.v4.21G010170,Chr21,11406180,11411513,-,Protein of Unknown Function (DUF239)
5.820532139111423e-8,2.10301030543034,0.029,0.006,0.0013494321711315924,2,Caacu.v4.3G000610,Chr3,761074,765901,+,Double Clp-N motif-containing P-loop nucleoside triphosphate hydrolases superfamily protein
6.032972345763221e-8,5.199409269017195,0.015,0,0.001398684308641745,2,Caacu.v4.10G008460,Chr10,11291915,11297283,-,Subtilisin-like serine endopeptidase family protein
6.165521539179511e-8,2.961258236831929,0.023,0.004,0.0014294145136433778,2,Caacu.v4.8G003310,Chr8,4635714,4637572,-,Eukaryotic aspartyl protease family protein
6.171154826427225e-8,1.0305208343977168,0.092,0.042,0.0014307205349588879,2,Caacu.v4.3G005770,Chr3,4855756,4858722,+,profilin
6.219176064697714e-8,3.6015629508199143,0.023,0.004,0.001441853778839518,2,Caacu.v4.4G017880,Chr4,20278831,20279793,+,thioredoxin
6.350715036655483e-8,2.753154654111106,0.023,0.004,0.0014723497740982072,2,Caacu.v4.5G000420,Chr5,302086,304033,-,Dof-type zinc finger DNA-binding family protein
6.433712155786243e-8,2.77421454270441,0.023,0.004,0.0014915918261974826,2,Caacu.v4.16G010220,Chr16,10246032,10249678,+,conserved hypothetical protein
7.134356897166093e-8,4.036215473745401,0.017,0.002,0.001654029303038987,2,Caacu.v4.11G010270,Chr11,12153994,12155247,+,NTF2-like
7.198516614970687e-8,3.6129824940004105,0.017,0.002,0.001668904092014804,2,Caacu.v4.1G033230,Chr1,36026881,36033028,+,sulfate transporter 3;1
7.367958398381044e-8,3.29931483592374,0.017,0.002,0.0017081874750806613,2,Caacu.v4.5G005070,Chr5,3926159,3930434,+,O-fucosyltransferase family protein
7.643150044617453e-8,1.2713491576118678,0.07,0.028,0.0017719879063441103,2,Caacu.v4.20G003330,Chr20,2458948,2473941,+,FIST C domain containing protein
7.948106442897796e-8,2.1348462448462957,0.038,0.01,0.001842688997721425,2,Caacu.v4.1G015740,Chr1,21827161,21840804,-,Galactosyltransferase family protein
8.193274773094791e-8,1.3522132307233994,0.051,0.017,0.0018995288233942963,2,Caacu.v4.1G018800,Chr1,24483407,24490744,+,E2F/DP family winged-helix DNA-binding domain
8.429169160329735e-8,2.8462564316813483,0.025,0.004,0.001954218578130846,2,Caacu.v4.12G007210,Chr12,12342347,12347646,+,SKU5  similar
8.469860034537729e-8,1.8293701893192926,0.044,0.013,0.001963652350407227,2,Caacu.v4.16G002180,Chr16,1944271,1950674,+,serine carboxypeptidase-like
8.532938000481347e-8,2.621481101628219,0.025,0.004,0.0019782763460315955,2,Caacu.v4.7G005540,Chr7,11423290,11427324,-,Serine carboxypeptidase S28 family protein
9.467804570040024e-8,1.5656973966838101,0.052,0.018,0.002195015811518079,2,Caacu.v4.16G006410,Chr16,5940429,5946465,-,fatty acid desaturase
9.779117764234303e-8,1.7635430740746614,0.058,0.021,0.002267190662460081,2,Caacu.v4.6G017590,Chr6,17457746,17462592,+,Leucine-rich repeat protein kinase family protein
9.878271106954682e-8,1.4729019382268869,0.083,0.036,0.0022901783734363733,2,Caacu.v4.6G003460,Chr6,3281328,3291617,-,transporter associated with antigen processing protein
1.0425327644398896e-7,1.2871337976490258,0.07,0.028,0.00241700796107744,2,Caacu.v4.16G006570,Chr16,6082537,6090800,+,squamosa promoter binding protein-like
1.0616261190587158e-7,1.9349824182531699,0.026,0.008,0.0024612739944257266,2,Caacu.v4.3G014170,Chr3,12479518,12492491,-,NB-ARC domain-containing disease resistance protein
1.0744004249563907e-7,1.1172620518091967,0.077,0.033,0.0024908899452188962,2,Caacu.v4.18G009230,Chr18,8081006,8087974,-,RING/U-box superfamily protein
1.1090861614206756e-7,2.6545117927686923,0.042,0.012,0.002571305356637694,2,Caacu.v4.15G000690,Chr15,1376084,1384671,-,NAD(P)-linked oxidoreductase superfamily protein
1.1259911233798163e-7,1.9436810697796836,0.036,0.011,0.002610497820443766,2,Caacu.v4.9G005520,Chr9,9935318,9941210,-,Ankyrin repeat family protein
1.1921349083438092e-7,3.973982872633684,0.016,0.002,0.0027638455715042875,2,Caacu.v4.6G020420,Chr6,20024818,20026743,+,Heavy metal transport/detoxification superfamily protein 
1.19601647699187e-7,2.5455281146596387,0.029,0.006,0.0027728446002579514,2,Caacu.v4.9G009370,Chr9,13733003,13742828,-,Family of unknown function (DUF566) 
1.207823140930304e-7,4.269028557196611,0.016,0.002,0.0028002171699328168,2,Caacu.v4.17G003910,Chr17,7931619,7933161,+,transmembrane protein G1P-related
1.2123422553998658e-7,3.223957608335323,0.016,0.002,0.0028106942849190487,2,Caacu.v4.1G031230,Chr1,34599427,34608894,-,glycolipid transfer protein
1.2762799990089461e-7,1.9675947393968398,0.039,0.011,0.0029589275497023406,2,Caacu.v4.16G006860,Chr16,6354256,6365893,-,Mur ligase middle domain containing protein
1.317169224108215e-7,1.9470363053120825,0.031,0.007,0.003053725129172486,2,Caacu.v4.9G010650,Chr9,14642453,14646937,+,"Protein of unknown function, DUF547"
1.32902588474975e-7,1.9311264430048694,0.042,0.013,0.0030812136112038204,2,Caacu.v4.15G010380,Chr15,14546842,14563113,+,conserved hypothetical protein
1.3461538909192496e-7,2.2547868828104862,0.039,0.011,0.003120923180707188,2,Caacu.v4.4G014190,Chr4,17335339,17337432,+,oxidative stress
1.3592682485166573e-7,1.6543201210652567,0.061,0.023,0.0031513275073610184,2,Caacu.v4.3G008980,Chr3,7629421,7635446,+,nudix hydrolase homolog
1.3784905472698587e-7,1.2703904004509718,0.064,0.025,0.0031958924847904405,2,Caacu.v4.19G008760,Chr19,11856332,11860357,-,NHL domain-containing protein
1.5065947501727828e-7,1.3001348217067155,0.067,0.027,0.0034928892688005798,2,Caacu.v4.1G016420,Chr1,22397771,22401356,-,"Protein of unknown function, DUF642"
1.5271111500502136e-7,1.468352424878836,0.07,0.029,0.003540454490276415,2,Caacu.v4.15G007920,Chr15,12621497,12629291,-,potassium transport 2/3
1.576728371353583e-7,2.7490191917117586,0.019,0.003,0.003655487056146147,2,Caacu.v4.11G002100,Chr11,2907297,2916705,+,KDPG and KHG aldolase domain containing protein
1.6135110167189956e-7,1.2628064982379277,0.06,0.022,0.0037407639411613197,2,Caacu.v4.9G012150,Chr9,15817010,15833036,+,Regulator of chromosome condensation (RCC1) family protein
1.6167062894762353e-7,1.787987019217522,0.036,0.011,0.003748171861521704,2,Caacu.v4.9G005100,Chr9,9585065,9588989,+,F-box/RNI-like superfamily protein
1.641095790359302e-7,1.2335781365387364,0.039,0.011,0.0038047164803690055,2,Caacu.v4.1G014800,Chr1,20944741,20950600,-,Eukaryotic aspartyl protease family protein
1.6935725882428972e-7,2.682155222771897,0.023,0.004,0.003926378688582333,2,Caacu.v4.16G007730,Chr16,7447124,7454720,+,MIF4G domain-containing protein / MA3 domain-containing protein
1.7717669527933424e-7,1.2322311112810755,0.083,0.037,0.004107664503356085,2,Caacu.v4.14G000990,Chr14,750679,751944,-,glycine-rich protein 2B
1.8903234438070414e-7,4.102209811552905,0.015,0.001,0.004382525872122245,2,Caacu.v4.1G036350,Chr1,38370370,38370897,+,C2H2 and C2HC zinc fingers superfamily protein
1.8977723897988957e-7,3.198221980364539,0.015,0.001,0.00439979550850976,2,Caacu.v4.18G013100,Chr18,13195399,13197757,+,Auxin efflux carrier family protein
1.9052497052553478e-7,3.618663611596836,0.015,0.001,0.004417130916663998,2,Caacu.v4.12G006430,Chr12,11279306,11281855,+,Leucine-rich repeat protein kinase family protein
1.9699668332339206e-7,2.872306426404652,0.015,0.001,0.004567171106169521,2,Caacu.v4.7G008060,Chr7,14021880,14023482,-,Cyclin-dependent protein kinase inhibitor SMR3
2.0165592560017502e-7,2.7699675090001046,0.025,0.005,0.004675190979114458,2,Caacu.v4.21G001130,Chr21,1089631,1094636,+,like AUXIN RESISTANT
2.0244447773201235e-7,2.7523254619573483,0.025,0.005,0.0046934727717389746,2,Caacu.v4.16G000970,Chr16,923236,927726,+,Protein of unknown function (DUF604)
2.1090628036463115e-7,2.17585099724021,0.025,0.005,0.004889651203973609,2,Caacu.v4.13G003960,Chr13,2946736,2947665,+,conserved hypothetical protein
2.1172976187312337e-7,2.4464647400584503,0.025,0.005,0.004908742799266492,2,Caacu.v4.2G029390,Chr2,33232157,33233479,-,MLP-like protein
2.1366332010526539e-7,2.2052046417865587,0.025,0.004,0.0049535704133204725,2,Caacu.v4.13G002440,Chr13,1803717,1810060,-,Transmembrane amino acid transporter family protein
2.1884173646977937e-7,2.3187277507628434,0.032,0.008,0.005073626818315365,2,Caacu.v4.21G000380,Chr21,440557,443234,+,flavin-dependent monooxygenase
2.2441378011019571e-7,1.5115512017333517,0.07,0.029,0.005202809078074778,2,Caacu.v4.19G003730,Chr19,7532528,7537666,+,Auxin efflux carrier family protein
2.369060629374879e-7,0.6801956702863432,0.276,0.191,0.005492430163142719,2,Caacu.v4.18G009410,Chr18,8294379,8297820,-,plasma membrane intrinsic protein 2;5
2.4396676351774983e-7,2.4587312881705436,0.028,0.006,0.005656125445395512,2,Caacu.v4.6G006140,Chr6,5553644,5555271,+,hypothetical protein
2.4514117639208235e-7,1.5294578594491133,0.031,0.007,0.005683353033474037,2,Caacu.v4.10G008730,Chr10,11691825,11693533,+,Trans-resveratrol di-O-methyltransferase
2.486898529655568e-7,2.4851109380958296,0.029,0.007,0.005765625551153469,2,Caacu.v4.13G000560,Chr13,433345,439362,-,mechanosensitive channel of small conductance-like
2.501424598145179e-7,2.127213781647204,0.026,0.005,0.005799302788339783,2,Caacu.v4.2G016720,Chr2,22669441,22684268,+,ABC-2 type transporter family protein
2.575077550721657e-7,1.837223556798294,0.026,0.005,0.00597005979359309,2,Caacu.v4.15G004310,Chr15,8934277,8936950,-,histidine-containing phosphotransmitter
2.6032758098696587e-7,2.4896203591558725,0.02,0.003,0.006035434637601817,2,Caacu.v4.21G000950,Chr21,902673,903054,-,hypothetical protein
2.62577143134533e-7,1.8079410392662916,0.028,0.006,0.006087588486431013,2,Caacu.v4.1G021610,Chr1,27036659,27040937,+,Leucine-rich repeat protein kinase family protein
2.629967894115969e-7,2.018303421267677,0.029,0.007,0.006097317565718462,2,Caacu.v4.15G007490,Chr15,12231704,12235015,+,Glycinamide ribonucleotide (GAR) synthetase
2.6937609014469594e-7,4.116088401498283,0.013,0.001,0.006245215273914631,2,Caacu.v4.14G001190,Chr14,881814,882850,+,hypothetical protein
2.739536199516904e-7,0.9956785569197669,0.112,0.058,0.006351340724959991,2,Caacu.v4.2G007720,Chr2,6043746,6055684,-,DEA(D/H)-box RNA helicase family protein
2.813654639442309e-7,3.8719726280901177,0.016,0.002,0.00652317691608305,2,Caacu.v4.1G011080,Chr1,17529496,17535671,+,cysteine-rich RLK (RECEPTOR-like protein kinase)
2.847385940687724e-7,1.350216116158749,0.071,0.03,0.006601379564890419,2,Caacu.v4.1G018150,Chr1,23971283,23974051,+,heat shock transcription factor A2
2.8710650368908396e-7,1.4569765566924762,0.06,0.023,0.006656277181527723,2,Caacu.v4.6G006720,Chr6,5990041,5995221,+,arginine/serine-rich zinc knuckle-containing protein
2.9113877843705133e-7,2.8284550270572613,0.017,0.002,0.006749761439284598,2,Caacu.v4.20G009750,Chr20,10487605,10492422,+,Protein of unknown function (DUF1666)
2.9388996751205236e-7,1.475193392695129,0.038,0.011,0.006813545006799422,2,Caacu.v4.2G014880,Chr2,20540581,20542775,+,Remorin family protein
2.945682527362776e-7,0.9203281578149911,0.17,0.103,0.00682927037143786,2,Caacu.v4.10G011570,Chr10,14659598,14665413,-,Major facilitator superfamily protein
3.069518294125556e-7,5.659979684456125,0.01,0,0.007116371213100689,2,Caacu.v4.6G004770,Chr6,4340108,4344129,-,MATE efflux family protein
3.077376939230364e-7,5.634614204857385,0.01,0,0.007134590695911676,2,Caacu.v4.15G011380,Chr15,15265088,15269464,-,alpha/beta-Hydrolases superfamily protein
3.1010696079541063e-7,5.050535184562943,0.01,0,0.0071895197790808,2,Caacu.v4.12G011160,Chr12,16333277,16336787,-,RING/FYVE/PHD zinc finger superfamily protein
3.1249383498122615e-7,4.402565640424735,0.01,0,0.007244857070204747,2,Caacu.v4.8G006970,Chr8,8528946,8529266,-,serine-rich protein-related
3.1249383498122615e-7,4.264099746513021,0.01,0,0.007244857070204747,2,Caacu.v4.11G001240,Chr11,1845410,1853163,+,myosin heavy chain-related
3.1515115286642313e-7,2.0265735907002584,0.025,0.007,0.007306464328055154,2,Caacu.v4.6G011610,Chr6,12279445,12290694,+,F-box family protein
3.296348063534317e-7,4.3683007582610465,0.012,0.001,0.00764225335049796,2,Caacu.v4.13G005320,Chr13,4324098,4326587,-,purine permease
3.3265711232058955e-7,4.061557097808295,0.012,0.001,0.007712322492040548,2,Caacu.v4.13G009560,Chr13,8882602,8883969,+,sulfotransferase 2A
3.364726273201082e-7,2.6037317211804503,0.012,0.001,0.007800781391789389,2,Caacu.v4.6G014260,Chr6,13050778,13056436,-,O-acetyltransferase family protein
3.437873441218374e-7,1.6591244569716506,0.049,0.017,0.007970365786120679,2,Caacu.v4.5G009170,Chr5,7336577,7341297,+,phosphoglycerate/bisphosphoglycerate mutase family protein
3.4403558976586113e-7,2.0141962779460862,0.035,0.01,0.007976121113131724,2,Caacu.v4.3G010800,Chr3,8979854,8985225,-,"Protein of unknown function, DUF538"
3.471555872438821e-7,1.1599607134833696,0.086,0.04,0.008048455134662163,2,Caacu.v4.15G012190,Chr15,15937631,15965383,-,ARF GTPase-activating protein
3.726236116078203e-7,1.4793993866700297,0.06,0.023,0.008638905811515706,2,Caacu.v4.4G006770,Chr4,10912907,10914573,+,Pollen Ole e 1 allergen and extensin family protein
3.7734088434653795e-7,2.0212749415509608,0.042,0.013,0.008748271062690136,2,Caacu.v4.18G009200,Chr18,8054278,8060858,+,serine carboxypeptidase-like
3.8630317737259767e-7,2.37167696644534,0.029,0.008,0.008956052864206305,2,Caacu.v4.5G006180,Chr5,4807739,4813254,-,Inositol monophosphatase family protein
4.036046645074542e-7,1.2879696531631428,0.077,0.035,0.009357170541940818,2,Caacu.v4.12G010000,Chr12,15397836,15412559,-,MUTL protein homolog
4.0423756561442275e-7,1.6505725950915626,0.051,0.018,0.009371843721204778,2,Caacu.v4.13G006250,Chr13,5114192,5123175,-,Eukaryotic aspartyl protease family protein
4.138769856895936e-7,1.5652513240847565,0.039,0.012,0.009595324036227537,2,Caacu.v4.5G009850,Chr5,7881510,7887472,+,vascular plant one zinc finger protein
0,5.6164661332926,0.684,0.027,0,3,Caacu.v4.6G016440,Chr6,16277986,16280610,+,Bifunctional inhibitor/lipid-transfer protein/seed storage 2S albumin superfamily protein
0,5.628170178451024,0.684,0.027,0,3,Caacu.v4.6G016450,Chr6,16289756,16292378,+,Bifunctional inhibitor/lipid-transfer protein/seed storage 2S albumin superfamily protein
5.980037862307295e-304,5.079581528348876,0.812,0.069,1.3864119779973233e-299,3,Caacu.v4.6G016460,Chr6,16319925,16321536,+,lipid transfer protein
5.019585677662767e-187,6.745290471993879,0.328,0.008,1.1637407435093358e-182,3,Caacu.v4.6G010800,Chr6,10501860,10507286,+,GDSL-like Lipase/Acylhydrolase superfamily protein
1.307360005941584e-171,3.56187193386682,0.93,0.254,3.0309834377749684e-167,3,Caacu.v4.8G008780,Chr8,10338416,10339130,+,Bifunctional inhibitor/lipid-transfer protein/seed storage 2S albumin superfamily protein
1.9800285160070824e-165,3.5246939279917666,0.805,0.158,4.59049811151082e-161,3,Caacu.v4.7G004480,Chr7,10016595,10019943,-,Pollen Ole e 1 allergen and extensin family protein
4.5410390970375987e-159,5.516560790950665,0.301,0.01,1.0527945042571968e-154,3,Caacu.v4.8G000170,Chr8,225399,228364,-,"cytochrome P450, family 716, subfamily A, polypeptide"
5.071721614873372e-138,5.140300148979028,0.242,0.006,1.1758279391922425e-133,3,Caacu.v4.11G000280,Chr11,508052,514976,+,lupeol synthase
2.687244237756966e-123,3.1988266030398007,0.625,0.113,6.23010704081575e-119,3,Caacu.v4.1G036200,Chr1,38284393,38285577,-,MLP-like protein
2.743998817324735e-116,2.8229877003429187,0.758,0.193,6.361686858085665e-112,3,Caacu.v4.17G006080,Chr17,10731308,10736476,-,Pollen Ole e 1 allergen and extensin family protein
3.602788304052559e-116,2.7158178091651903,0.773,0.206,8.352704404115453e-112,3,Caacu.v4.21G009310,Chr21,10761831,10763739,+,MLP-like protein
9.619399216738853e-116,3.593853286224956,0.391,0.038,2.230161514408736e-111,3,Caacu.v4.1G023260,Chr1,28355271,28358366,-,"cytochrome P450, family 86, subfamily A, polypeptide"
2.9881803218908815e-112,4.7321634724554436,0.457,0.061,6.92779725827182e-108,3,Caacu.v4.10G009800,Chr10,12949321,12950078,+,hypothetical protein
1.4292610967754223e-110,4.770035084760713,0.27,0.015,3.313598926764139e-106,3,Caacu.v4.3G000340,Chr3,427126,429212,-,Phospholipase A2 family protein
5.238605988687049e-106,4.672586928477146,0.23,0.01,1.2145184124172056e-101,3,Caacu.v4.18G001560,Chr18,1525284,1527760,-,"cytochrome P450, family 77, subfamily A, polypeptide"
1.504771206329044e-89,4.472942250643483,0.207,0.01,3.4886615647532557e-85,3,Caacu.v4.1G013670,Chr1,19997674,20002192,+,alpha/beta-Hydrolases superfamily protein
5.333130305864583e-89,3.8190004861496005,0.336,0.038,1.236432930111645e-84,3,Caacu.v4.1G009450,Chr1,15971854,15974705,-,BURP domain-containing protein
4.762173875013887e-86,2.898399479326147,0.484,0.088,1.1040623911832196e-81,3,Caacu.v4.8G014060,Chr8,15419524,15421230,+,GDSL-like Lipase/Acylhydrolase superfamily protein
9.806826748862803e-85,3.8453822275449245,0.348,0.044,2.2736147134563523e-80,3,Caacu.v4.14G001120,Chr14,818242,821267,-,proline-rich protein
2.962182281688071e-78,1.730434352752387,0.949,0.547,6.8675234018656245e-74,3,Caacu.v4.16G012270,Chr16,13018974,13020027,+,lipid transfer protein
5.927701373040195e-73,3.4516016315469806,0.293,0.035,1.3742782863256388e-68,3,Caacu.v4.2G005660,Chr2,4325068,4345448,+,Li-tolerant lipase
1.2910007837142208e-72,5.058274868261165,0.156,0.007,2.9930562169630493e-68,3,Caacu.v4.21G001330,Chr21,1276521,1278099,+,plasma membrane intrinsic protein 1B
1.2625710982900364e-70,3.146229063210152,0.289,0.035,2.9271448342756204e-66,3,Caacu.v4.8G017900,Chr8,18442570,18445812,-,GDSL-like Lipase/Acylhydrolase superfamily protein
4.360320471873033e-67,2.887847849534442,0.254,0.028,1.010896698199044e-62,3,Caacu.v4.13G002060,Chr13,1543123,1544512,-,thaumatin-like protein
7.993258399908144e-67,1.5357146484221618,0.922,0.554,1.8531570274347041e-62,3,Caacu.v4.13G006820,Chr13,5685450,5686811,-,ABA/WDS induced protein domain containing protein
1.2726232974908509e-62,2.6138683832805176,0.406,0.083,2.9504498529027888e-58,3,Caacu.v4.10G011840,Chr10,14946277,14950372,-,GDSL-like Lipase/Acylhydrolase superfamily protein
1.1070554952458683e-61,2.6254812704068016,0.355,0.063,2.566597460178021e-57,3,Caacu.v4.18G002620,Chr18,2337162,2339228,+,HXXXD-type acyl-transferase family protein
2.2928090440289476e-58,2.3972780607325577,0.43,0.097,5.315648487676713e-54,3,Caacu.v4.15G012500,Chr15,16179918,16182808,-,Major facilitator superfamily protein
3.722764596613706e-58,2.386873573594065,0.492,0.133,8.630857440789216e-54,3,Caacu.v4.15G006200,Chr15,10898638,10899123,+,"Protein of unknown function, DUF538"
5.558070849900415e-55,4.850547148998154,0.109,0.004,1.2885831458409124e-50,3,Caacu.v4.12G010200,Chr12,15617327,15621941,+,hydroxy methylglutaryl CoA reductase
2.779139546544002e-51,2.957267953929874,0.277,0.046,6.443157124707614e-47,3,Caacu.v4.20G001550,Chr20,1079737,1082470,-,phosphatidic acid phosphatase-related / PAP2-related
1.6768969030571875e-49,2.5435005658309757,0.336,0.07,3.887717780047784e-45,3,Caacu.v4.6G020170,Chr6,19781568,19785129,+,glycerol-3-phosphate acyltransferase
2.3166557302148856e-46,3.4325813548009974,0.148,0.013,5.370934644930191e-42,3,Caacu.v4.12G011520,Chr12,16619672,16623620,-,glycerol-3-phosphate acyltransferase
3.2168638421510677e-43,5.606013634795992,0.086,0.003,7.457977131643035e-39,3,Caacu.v4.2G013390,Chr2,18365204,18373579,+,disease resistance family protein / LRR family protein
3.838302723889018e-43,6.4944619996672905,0.07,0.001,8.8987210350643e-39,3,Caacu.v4.7G012330,Chr7,17431032,17433334,-,GDSL-like Lipase/Acylhydrolase superfamily protein
5.7258499634804e-43,1.6388092500188698,0.855,0.554,1.3274810555332958e-38,3,Caacu.v4.2G010540,Chr2,11526180,11527345,+,lipid transfer protein
1.0726918176405879e-41,2.9936114709765365,0.164,0.019,2.486928710017939e-37,3,Caacu.v4.7G010700,Chr7,16033179,16051669,+,Leucine-rich repeat protein kinase family protein
4.4300060359995674e-41,2.4458851485294453,0.289,0.061,1.0270525993861396e-36,3,Caacu.v4.8G005810,Chr8,7488622,7493037,+,receptor like protein
2.2640611933718033e-39,4.138167009139656,0.117,0.009,5.248999470713189e-35,3,Caacu.v4.2G027710,Chr2,31921620,31922286,-,hypothetical protein
3.008308132010983e-39,3.5351388239799335,0.141,0.014,6.974461573254263e-35,3,Caacu.v4.5G011290,Chr5,9277778,9281017,+,NOD26-like intrinsic protein 1;2
2.9570313581835567e-36,3.875342585338614,0.094,0.006,6.855581500812758e-32,3,Caacu.v4.3G016550,Chr3,15370186,15373085,-,O-acyltransferase (WSD1-like) family protein
3.197575884986467e-36,3.5140395806278866,0.121,0.011,7.413259931752625e-32,3,Caacu.v4.14G000470,Chr14,328956,333005,-,Protein kinase protein with adenine nucleotide alpha hydrolases-like domain
1.0758784203794973e-35,1.098490267917855,0.875,0.61,2.4943165298078264e-31,3,Caacu.v4.16G005440,Chr16,5034863,5036062,-,hypothetical protein
1.5737385105583284e-35,2.6437149448010255,0.188,0.029,3.6485553628784284e-31,3,Caacu.v4.8G008790,Chr8,10338869,10347490,-,ATP binding microtubule motor family protein
1.0507741409999524e-34,3.04087652694406,0.133,0.015,2.4361147684942896e-30,3,Caacu.v4.3G016560,Chr3,15373126,15380810,-,O-acyltransferase (WSD1-like) family protein
1.0791013160107818e-34,4.515710688395181,0.086,0.005,2.5017884910393964e-30,3,Caacu.v4.3G001960,Chr3,1716697,1722728,-,Fatty acid hydroxylase superfamily
5.706234132998844e-33,1.8358043556856052,0.414,0.14,1.322933321394452e-28,3,Caacu.v4.2G024580,Chr2,29515481,29518437,-,Chalcone and stilbene synthase family protein
1.2259175366743039e-32,4.031655460780455,0.086,0.006,2.842167217025706e-28,3,Caacu.v4.4G011070,Chr4,14877614,14879577,+,"cytochrome P450, family 716, subfamily A, polypeptide"
1.071668905725878e-31,3.1371583042023987,0.141,0.019,2.4845571910348757e-27,3,Caacu.v4.10G012690,Chr10,15751577,15758487,+,acetoacetyl-CoA thiolase
6.031676777451461e-31,3.8713576924674244,0.078,0.004,1.3983839440843468e-26,3,Caacu.v4.2G013320,Chr2,18313829,18317332,+,disease resistance family protein / LRR family protein
7.001311979355416e-31,3.504977404771967,0.078,0.005,1.6231841692937597e-26,3,Caacu.v4.2G014040,Chr2,19260727,19263652,+,IQ-domain
1.1924317711480671e-30,1.9783298513152192,0.254,0.06,2.764533818229679e-26,3,Caacu.v4.6G007220,Chr6,6404134,6405593,+,conserved hypothetical protein
2.4256003014805718e-29,5.992446741487949,0.043,0.001,5.623511738952558e-25,3,Caacu.v4.1G025990,Chr1,30404923,30412007,+,Long-chain fatty alcohol dehydrogenase family protein
3.3126361917704024e-28,1.9922612039910037,0.301,0.088,7.680015747000502e-24,3,Caacu.v4.14G005220,Chr14,3755029,3759225,+,beta carbonic anhydrase
3.506502990933174e-28,1.6937881932538268,0.043,0.009,8.129476534179471e-24,3,Caacu.v4.2G013330,Chr2,18319431,18325028,+,disease resistance family protein / LRR family protein
9.747697721428064e-28,4.143682385990029,0.074,0.005,2.2599062397358825e-23,3,Caacu.v4.1G026660,Chr1,30958346,30965743,+,ABC-2 type transporter family protein
4.547291217585199e-27,2.4923265190508204,0.184,0.036,1.0542439958849525e-22,3,Caacu.v4.11G009600,Chr11,11714959,11721129,+,S-locus lectin protein kinase family protein
5.689044101376647e-27,1.6052078432300354,0.352,0.116,1.318947984463162e-22,3,Caacu.v4.15G008650,Chr15,13224291,13240033,+,sulfate transporter 1;3
9.631585732294391e-27,4.455763642611257,0.02,0.001,2.2329868361751317e-22,3,Caacu.v4.15G000920,Chr15,1626839,1628794,-,Mannose-binding lectin superfamily protein
1.0526977799233965e-26,7.9761630221752,0.047,0.001,2.4405745329744023e-22,3,Caacu.v4.15G000930,Chr15,1642243,1643335,-,Mannose-binding lectin superfamily protein
1.0825501407495827e-26,8.175695241801428,0.043,0.001,2.5097842463138325e-22,3,Caacu.v4.15G000860,Chr15,1530725,1532752,-,Mannose-binding lectin superfamily protein
1.0825501407495827e-26,8.175695241801428,0.043,0.001,2.5097842463138325e-22,3,Caacu.v4.15G000870,Chr15,1546200,1548211,-,Mannose-binding lectin superfamily protein
2.2825875893402988e-26,1.8883198331512014,0.355,0.125,5.291951067126548e-22,3,Caacu.v4.9G006000,Chr9,10509398,10512430,+,hypothetical protein
6.906368542948234e-26,2.450029708646159,0.176,0.035,1.6011724829971186e-21,3,Caacu.v4.20G011470,Chr20,12403190,12407191,-,Cytochrome P450 superfamily protein
9.465768602787882e-26,5.704416371726146,0.043,0.001,2.1945437928703426e-21,3,Caacu.v4.15G000910,Chr15,1608695,1609701,-,Mannose-binding lectin superfamily protein
9.921625763756158e-25,1.8004745170831011,0.383,0.149,2.3002297170692277e-20,3,Caacu.v4.18G000160,Chr18,249254,252786,-,GDSL-like Lipase/Acylhydrolase superfamily protein
1.850846876203073e-24,2.160956269553713,0.219,0.056,4.291003397789205e-20,3,Caacu.v4.6G016490,Chr6,16336521,16339932,-,Chalcone-flavanone isomerase family protein
6.959331406791159e-24,0.7167573639237279,0.988,0.954,1.6134513933504624e-19,3,Caacu.v4.10G003670,Chr10,3723560,3724544,-,Glycine rich protein family domain containing protein
3.9714554476567914e-23,2.704471284612614,0.117,0.018,9.207422309847506e-19,3,Caacu.v4.10G012880,Chr10,15915070,15919924,+,Exostosin family protein
6.505932891345732e-23,4.365127983059002,0.051,0.003,1.5083354815295945e-18,3,Caacu.v4.5G006930,Chr5,5365832,5368342,-,Peroxidase family protein
1.1285135281592803e-22,2.908284191689666,0.094,0.012,2.6163457636844754e-18,3,Caacu.v4.11G007400,Chr11,9688294,9697004,-,hypothetical protein
2.6916402594778845e-22,2.9699967386350377,0.094,0.012,6.2402987775735275e-18,3,Caacu.v4.12G008300,Chr12,13661128,13668141,+,Sec14p-like phosphatidylinositol transfer family protein
4.07441624659684e-22,1.7125177554540447,0.277,0.09,9.446126626110114e-18,3,Caacu.v4.7G015160,Chr7,19742949,19747045,+,conserved hypothetical protein
5.077666114735733e-22,3.5444894870029975,0.094,0.012,1.1772061120403324e-17,3,Caacu.v4.5G009910,Chr5,7920174,7923408,-,GDSL-like Lipase/Acylhydrolase superfamily protein
1.0993618613993453e-21,7.5515308530715854,0.035,0.001,2.5487605394682422e-17,3,Caacu.v4.15G000890,Chr15,1577704,1578809,-,Mannose-binding lectin superfamily protein
2.0481095029194268e-21,0.9531260556540779,0.738,0.503,4.748337071568399e-17,3,Caacu.v4.5G007280,Chr5,5597038,5599806,+,Peroxidase superfamily protein
4.826357497437803e-21,4.114491075047,0.055,0.004,1.1189427222059801e-16,3,Caacu.v4.16G000250,Chr16,327869,332137,-,HXXXD-type acyl-transferase family protein
8.687774258564586e-21,2.9114787520070795,0.082,0.01,2.0141735841056137e-16,3,Caacu.v4.11G007270,Chr11,9421186,9424091,+,GDSL-like Lipase/Acylhydrolase superfamily protein
1.2334153806668511e-20,3.697756336987707,0.051,0.003,2.859550218538028e-16,3,Caacu.v4.8G018960,Chr8,19321310,19323117,-,Dormancy/auxin associated family protein
1.987145431107412e-20,1.6494828238880455,0.293,0.104,4.606997967479424e-16,3,Caacu.v4.14G006360,Chr14,4661624,4663006,+,plantacyanin
2.1548004958443242e-20,3.1109447845225464,0.086,0.011,4.995689469565481e-16,3,Caacu.v4.14G001100,Chr14,805084,810968,-,Pollen Ole e 1 allergen and extensin family protein
2.5698277912924997e-20,2.328108880016777,0.117,0.02,5.957888751332531e-16,3,Caacu.v4.7G009680,Chr7,15209169,15213011,-,fatty acid desaturase
3.4016379598660797e-20,1.017079235342496,0.199,0.055,7.886357446153519e-16,3,Caacu.v4.3G015850,Chr3,14429683,14430485,-,hypothetical protein
4.2553875892599126e-20,2.6347325170671345,0.148,0.033,9.86569058694018e-16,3,Caacu.v4.2G025100,Chr2,29923510,29928760,-,conserved hypothetical protein
5.907719936551053e-20,7.005806079584337,0.027,0,1.3696457900899963e-15,3,Caacu.v4.1G019720,Chr1,25251594,25253645,-,HXXXD-type acyl-transferase family protein
6.77816851233726e-20,1.8859076846680205,0.266,0.091,1.5714505879002704e-15,3,Caacu.v4.1G022220,Chr1,27531397,27536411,-,Glucose-methanol-choline (GMC) oxidoreductase family protein
1.1663762528141772e-19,2.534288045851967,0.109,0.019,2.7041267045243885e-15,3,Caacu.v4.5G008110,Chr5,6238929,6250144,-,S-locus lectin protein kinase family protein
2.485908879922123e-19,2.1090853970974996,0.191,0.052,5.76333114721145e-15,3,Caacu.v4.9G005990,Chr9,10508409,10509303,+,ABA/WDS induced protein domain containing protein
3.1513368918498487e-19,3.3514740645968217,0.09,0.013,7.30605945006469e-15,3,Caacu.v4.6G009480,Chr6,8648367,8649194,+,Copper transport protein family
3.5717055636681026e-19,5.696947426558706,0.039,0.001,8.280642178808129e-15,3,Caacu.v4.18G009540,Chr18,8544557,8549670,+,phenylalanine ammonia-lyase
3.87209421208339e-19,4.438477629770323,0.039,0.002,8.977063221294131e-15,3,Caacu.v4.14G012070,Chr14,12939227,12941331,+,Eukaryotic aspartyl protease family protein
6.325818801412795e-19,2.4818779720531836,0.102,0.017,1.4665778309195425e-14,3,Caacu.v4.10G008930,Chr10,11949650,11950775,+,erf domain protein
1.2954224077359173e-18,2.3050876727628404,0.113,0.021,3.003307310094951e-14,3,Caacu.v4.1G027170,Chr1,31313030,31317668,+,aldehyde dehydrogenase 3F1
1.7295781133192082e-18,1.4675336993089185,0.262,0.09,4.0098538979192524e-14,3,Caacu.v4.7G002580,Chr7,7128197,7145471,+,Bifunctional inhibitor/lipid-transfer protein/seed storage 2S albumin superfamily protein
2.545007526290597e-18,2.0802667445536205,0.184,0.05,5.900345448952121e-14,3,Caacu.v4.5G004310,Chr5,3311958,3323217,-,Fatty acid hydroxylase superfamily
4.560321371083199e-18,5.322378090586307,0.051,0.002,1.0572649066719289e-13,3,Caacu.v4.14G012300,Chr14,13288341,13289865,+,histidinol dehydrogenase
4.8782688330304205e-18,4.883977204424427,0.043,0.002,1.1309778462497727e-13,3,Caacu.v4.14G012320,Chr14,13337044,13338579,+,histidinol dehydrogenase
5.321133177732947e-18,1.1502898760615383,0.391,0.172,1.2336515159256064e-13,3,Caacu.v4.17G008270,Chr17,12829087,12830027,+,conserved hypothetical protein
6.976367339339066e-18,2.772542104086975,0.109,0.02,1.6174010039523692e-13,3,Caacu.v4.7G011710,Chr7,16942404,16949453,-,Vacuolar iron transporter (VIT) family protein
7.222482734608583e-18,3.1993783160197307,0.062,0.006,1.6744603971916538e-13,3,Caacu.v4.10G010160,Chr10,13264067,13266126,-,3-ketoacyl-CoA synthase
8.175521298037902e-18,1.587118639482218,0.23,0.075,1.8954128577371072e-13,3,Caacu.v4.7G013680,Chr7,18556000,18557556,+,AUX/IAA transcriptional regulator family protein
8.413516688803691e-18,1.302272001096522,0.273,0.099,1.950589709132248e-13,3,Caacu.v4.1G008850,Chr1,15344344,15349220,-,"Protein of unknown function, DUF642"
1.0148476185016439e-17,1.605119587790096,0.133,0.029,2.352822718734211e-13,3,Caacu.v4.14G013510,Chr14,14783656,14791156,-,vamp/synaptobrevin-associated protein 27-2
1.3995778610061608e-17,2.8367436641698287,0.086,0.013,3.2447813129566834e-13,3,Caacu.v4.8G005420,Chr8,7051702,7054029,+,alpha/beta-Hydrolases superfamily protein
1.6608839192310442e-17,4.213782102965248,0.047,0.003,3.850593278345253e-13,3,Caacu.v4.21G001180,Chr21,1118160,1120297,-,Pollen Ole e 1 allergen and extensin family protein
1.893837027051603e-17,3.3475016857493958,0.047,0.003,4.3906717635164367e-13,3,Caacu.v4.8G006050,Chr8,7650437,7651885,-,Integrase-type DNA-binding superfamily protein
2.6285050382388674e-17,1.575222260810318,0.234,0.078,6.09392608065299e-13,3,Caacu.v4.2G020510,Chr2,26165372,26177541,-,NAD(P)-binding Rossmann-fold superfamily protein
3.6734425701544375e-17,3.1213345630594094,0.059,0.006,8.516509254646047e-13,3,Caacu.v4.11G016060,Chr11,16956878,16958397,-,RING/U-box superfamily protein
4.9614344028034656e-17,3.8411961664610867,0.043,0.003,1.1502589519459555e-12,3,Caacu.v4.1G004420,Chr1,8693916,8699038,+,Protein of unknown function (DUF3741)
5.999435627602259e-17,9.77648755660441,0.012,0,1.3909091559033078e-12,3,Caacu.v4.18G009600,Chr18,8644884,8649375,+,phenylalanine ammonia-lyase
6.183617922867751e-17,5.438327671048935,0.023,0,1.4336099792376596e-12,3,Caacu.v4.8G001640,Chr8,1978773,1982330,+,GDSL-like Lipase/Acylhydrolase superfamily protein
3.3040759893692593e-16,2.569922743601543,0.129,0.03,7.66016977375369e-12,3,Caacu.v4.10G011260,Chr10,14378060,14379319,+,hypothetical protein
3.736130541004187e-16,3.320582825642372,0.066,0.008,8.661845046264106e-12,3,Caacu.v4.6G019320,Chr6,19120154,19122430,+,alpha/beta-Hydrolases superfamily protein
4.1236494540933534e-16,1.8194562308148718,0.164,0.045,9.56026889437003e-12,3,Caacu.v4.21G004750,Chr21,6764776,6766919,-,myb domain protein
6.580866557374074e-16,1.3311947977886334,0.277,0.108,1.5257081026616054e-11,3,Caacu.v4.5G011350,Chr5,9333909,9362509,+,Leucine-rich repeat transmembrane protein kinase
1.0148959421689333e-15,1.7486282272853202,0.184,0.056,2.352934752324455e-11,3,Caacu.v4.1G035060,Chr1,37405526,37408511,+,conserved hypothetical protein
1.12976825029111e-15,2.091242057799765,0.137,0.034,2.619254711474909e-11,3,Caacu.v4.4G008820,Chr4,13004036,13004983,+,phytosulfokine 2 precursor
3.181860023192224e-15,2.2397820576176675,0.102,0.02,7.376824277768852e-11,3,Caacu.v4.1G037770,Chr1,39450960,39458713,+,pfkB-like carbohydrate kinase family protein
1.2243312817322534e-14,1.5812986664503597,0.191,0.062,2.838489643568056e-10,3,Caacu.v4.13G011920,Chr13,13625578,13631672,-,3-ketoacyl-CoA synthase
1.2330254390942452e-14,1.0572983978545678,0.5,0.292,2.858646177996098e-10,3,Caacu.v4.6G020760,Chr6,20259215,20259487,-,conserved hypothetical protein
1.6413555511737537e-14,2.768010004101125,0.059,0.007,3.8053187098412307e-10,3,Caacu.v4.2G014050,Chr2,19270104,19274203,+,IQ-domain
2.5233279240511993e-14,1.9327229078747166,0.137,0.04,5.8500834591203e-10,3,Caacu.v4.14G005450,Chr14,3920890,3931270,+,white-brown complex homolog protein
3.91739134275065e-14,4.851239372580412,0.031,0.002,9.082080089033107e-10,3,Caacu.v4.12G011790,Chr12,16834429,16835633,-,mini zinc finger
5.321705870588065e-14,1.2250928886087413,0.352,0.169,1.233784289037137e-9,3,Caacu.v4.1G000360,Chr1,968460,972278,+,acyl-CoA-binding protein
5.968782220637837e-14,6.248696727943005,0.02,0,1.383802470032676e-9,3,Caacu.v4.10G012930,Chr10,15947955,15948981,+,Heavy metal transport/detoxification superfamily protein 
6.007912210095914e-14,5.623002102599788,0.02,0,1.3928743667886367e-9,3,Caacu.v4.21G010810,Chr21,11901912,11903618,+,HXXXD-type acyl-transferase family protein
7.313855032122226e-14,2.7407414729331245,0.047,0.005,1.6956441506472167e-9,3,Caacu.v4.5G011660,Chr5,9761598,9766440,+,senescence-related gene
9.38016913793383e-14,1.3899843057254806,0.23,0.088,2.174698412938579e-9,3,Caacu.v4.1G034950,Chr1,37336060,37339044,-,acyl carrier protein
1.106917687331264e-13,1.0348845910795545,0.375,0.186,2.5662779663088023e-9,3,Caacu.v4.14G013460,Chr14,14749927,14754990,+,hypothetical protein
1.4865137786501612e-13,1.795889525001572,0.16,0.05,3.4463335444225336e-9,3,Caacu.v4.4G010120,Chr4,14083351,14085294,-,ralf-like
1.885920898235637e-13,2.2537562293753135,0.082,0.015,4.372319010469501e-9,3,Caacu.v4.6G016120,Chr6,15892490,15893310,-,hypothetical protein
2.1308031975512832e-13,1.7813318121926671,0.137,0.038,4.940054133202895e-9,3,Caacu.v4.5G008810,Chr5,6886805,6893242,-,alpha-galactosidase
2.8975611562634967e-13,1.7179578725331126,0.172,0.056,6.717705784681291e-9,3,Caacu.v4.4G017110,Chr4,19691242,19696943,+,WRKY DNA-binding protein
2.963638601304404e-13,2.3071682782745926,0.105,0.025,6.87089973326413e-9,3,Caacu.v4.4G004160,Chr4,7524427,7528453,+,D-3-phosphoglycerate dehydrogenase
3.0329341721467475e-13,1.463794898618729,0.234,0.093,7.031554584705019e-9,3,Caacu.v4.2G029820,Chr2,33514714,33521611,+,ATP citrate lyase subunit B
3.339588665356291e-13,0.9634089767501908,0.43,0.225,7.742502361762025e-9,3,Caacu.v4.13G006090,Chr13,4945910,4948801,-,Pollen Ole e 1 allergen and extensin family protein
3.443581999253924e-13,1.5000511941323855,0.23,0.09,7.983600507070297e-9,3,Caacu.v4.6G015070,Chr6,14432786,14441449,-,SGNH hydrolase-type esterase superfamily protein
4.0974433737855915e-13,2.339354834135915,0.098,0.022,9.499512717784515e-9,3,Caacu.v4.15G009890,Chr15,14208759,14212764,+,FAD/NAD(P)-binding oxidoreductase family protein
4.305804652860827e-13,2.62085625759924,0.074,0.013,9.982577507192542e-9,3,Caacu.v4.8G002240,Chr8,2933587,2940320,-,Fatty acid hydroxylase superfamily
4.634852622721851e-13,4.024686734769682,0.031,0.002,1.0745442320518339e-8,3,Caacu.v4.4G018660,Chr4,20901936,20903647,-,Protein of unknown function (DUF1645)
5.669229085092894e-13,2.9837057753867118,0.062,0.01,1.3143540710879365e-8,3,Caacu.v4.13G001470,Chr13,1129749,1132743,-,"TRAM, LAG1 and CLN8 (TLC) lipid-sensing domain containing protein"
6.150340332832761e-13,1.4777418477729156,0.227,0.089,1.4258949027639473e-8,3,Caacu.v4.21G008830,Chr21,10364706,10368416,-,Glutathione S-transferase family protein
6.212650186031767e-13,1.4367415099520078,0.199,0.072,1.440340819129605e-8,3,Caacu.v4.1G030990,Chr1,34410662,34412832,-,hypothetical protein
9.559691406150573e-13,2.5102751910198435,0.078,0.015,2.2163188556019487e-8,3,Caacu.v4.15G002200,Chr15,3637477,3646678,+,hypothetical protein
1.2910461719548822e-12,1.8114464906914487,0.129,0.035,2.993161445060199e-8,3,Caacu.v4.14G005460,Chr14,3943127,3947229,+,white-brown complex homolog protein
1.3245398141015731e-12,1.5818335626488202,0.152,0.047,3.070813105013087e-8,3,Caacu.v4.3G011020,Chr3,9184996,9189431,+,membrane-associated mannitol-induced
1.3691299966341506e-12,6.557872125897008,0.027,0.001,3.174190984196615e-8,3,Caacu.v4.15G000880,Chr15,1564424,1566391,-,Mannose-binding lectin superfamily protein
1.415965289872991e-12,1.1912434555196185,0.301,0.14,3.282773928041542e-8,3,Caacu.v4.21G011100,Chr21,12132314,12135059,-,glycosylphosphatidylinositol-anchored lipid protein transfer
2.5810129180600033e-12,1.6495180887919927,0.125,0.035,5.983820349230311e-8,3,Caacu.v4.6G009110,Chr6,8034862,8045468,-,pleiotropic drug resistance
4.592827228716833e-12,2.272742933379071,0.066,0.012,1.0648010647057105e-7,3,Caacu.v4.14G004870,Chr14,3417895,3429724,-,fatty acid amide hydrolase
4.891632671712335e-12,2.6748767753938933,0.098,0.023,1.1340761186097879e-7,3,Caacu.v4.2G013420,Chr2,18384591,18391410,+,receptor like protein
7.378058440941689e-12,1.0551717129212972,0.383,0.201,1.7105290689479213e-7,3,Caacu.v4.14G002200,Chr14,1505614,1508798,-,"cold, circadian rhythm, and rna binding"
1.244662876361791e-11,2.0687198404850604,0.098,0.024,2.8856264125571764e-7,3,Caacu.v4.8G014320,Chr8,15609361,15615247,+,Leucine-rich repeat protein kinase family protein
2.4531789346856855e-11,2.6574527020158896,0.051,0.007,5.687450042175293e-7,3,Caacu.v4.5G011170,Chr5,9215925,9218072,+,plant U-box
2.5055714752074144e-11,3.233590340194765,0.039,0.004,5.80891690812087e-7,3,Caacu.v4.9G012620,Chr9,16222785,16230976,+,P-glycoprotein
3.072509351045532e-11,1.2876448662053783,0.156,0.053,7.123305679463961e-7,3,Caacu.v4.1G022360,Chr1,27688301,27695979,-,MBOAT (membrane bound O-acyl transferase) family protein
3.716877962630617e-11,1.8474961189435362,0.141,0.046,8.617209868562823e-7,3,Caacu.v4.4G001010,Chr4,2183090,2194543,-,fatty acid amide hydrolase
3.832313273236787e-11,1.252786595244058,0.133,0.043,8.884835092672166e-7,3,Caacu.v4.2G018390,Chr2,24366808,24374309,-,Nucleotide-diphospho-sugar transferases superfamily protein
3.9594718696712e-11,1.9576250495060523,0.105,0.028,9.17963958264571e-7,3,Caacu.v4.10G001300,Chr10,1372776,1374141,-,conserved hypothetical protein
5.125024075770431e-11,2.017168044067671,0.074,0.015,1.1881855817266168e-6,3,Caacu.v4.19G003750,Chr19,7557547,7558784,-,hypothetical protein
5.550429150465537e-11,3.1110254757987756,0.047,0.006,1.2868114942439301e-6,3,Caacu.v4.21G005810,Chr21,7805315,7806668,-,3-ketoacyl-CoA synthase
6.79423492290528e-11,2.564867327985214,0.059,0.01,1.5751754245263602e-6,3,Caacu.v4.2G001820,Chr2,1296948,1301712,-,alpha/beta-Hydrolases superfamily protein
8.311253283542632e-11,1.1829476930455942,0.246,0.11,1.926880961256524e-6,3,Caacu.v4.5G014080,Chr5,15027986,15032162,+,hypothetical protein
8.416159634914337e-11,2.232277814423499,0.066,0.013,1.95120244975854e-6,3,Caacu.v4.6G004660,Chr6,4276266,4281858,-,Protein kinase family protein
9.74074673316078e-11,2.2464839174281996,0.082,0.019,2.258294722615995e-6,3,Caacu.v4.21G005950,Chr21,7917993,7924535,+,Major facilitator superfamily protein
1.0339138740351116e-10,9.863586963178335,0.012,0,2.397025925563003e-6,3,Caacu.v4.15G008470,Chr15,13103408,13106189,+,Peroxidase superfamily protein
1.3284049964829938e-10,2.567107474692771,0.066,0.013,3.079774143846173e-6,3,Caacu.v4.4G020410,Chr4,22019229,22020282,+,conserved hypothetical protein
1.383308259902209e-10,1.838444930956757,0.102,0.028,3.207061869757281e-6,3,Caacu.v4.4G017320,Chr4,19839686,19840764,+,expansin A5
1.4789965420166415e-10,2.457764215793409,0.062,0.012,3.4289055830113815e-6,3,Caacu.v4.11G007820,Chr11,10126469,10127255,+,"Protein of unknown function, DUF599"
1.7146024674884428e-10,1.1395855797915326,0.219,0.092,3.975134360625206e-6,3,Caacu.v4.13G006120,Chr13,4969949,4972682,+,Protein of unknown function (DUF581)
1.7349979026860428e-10,0.8946968072516046,0.258,0.117,4.022419137587322e-6,3,Caacu.v4.1G016260,Chr1,22232448,22235233,-,Cysteine proteinases superfamily protein
1.8591863087523793e-10,2.046752711942778,0.086,0.021,4.3103375382115165e-6,3,Caacu.v4.1G026350,Chr1,30685612,30689054,+,conserved hypothetical protein
1.9138704292184534e-10,1.2807755515582588,0.137,0.055,4.437117203100063e-6,3,Caacu.v4.5G011370,Chr5,9376073,9386914,+,Leucine-rich repeat transmembrane protein kinase
1.9665678518660703e-10,2.1959061353673954,0.086,0.021,4.559290907766297e-6,3,Caacu.v4.20G005150,Chr20,3926870,3933360,-,HCO3- transporter family
2.3608003934579004e-10,2.353594431576272,0.066,0.013,5.473279632192796e-6,3,Caacu.v4.16G007830,Chr16,7547829,7555366,-,6-phosphogluconate dehydrogenase family protein
2.3910766196267624e-10,2.3426842841213484,0.066,0.013,5.543472034942686e-6,3,Caacu.v4.1G003390,Chr1,7332937,7334786,-,conserved hypothetical protein
2.582026239374822e-10,1.4367105219297873,0.105,0.03,5.986169633366588e-6,3,Caacu.v4.13G001080,Chr13,800695,809594,-,Plant protein of unknown function (DUF869)
2.5936205841581507e-10,3.165625418296217,0.039,0.005,6.013049962312257e-6,3,Caacu.v4.1G014630,Chr1,20785409,20790535,-,alpha/beta-Hydrolases superfamily protein
2.7060430954198187e-10,4.628898922107354,0.02,0.001,6.273690312421308e-6,3,Caacu.v4.2G017400,Chr2,23394341,23395867,+,F-box family protein
2.745222764814987e-10,4.212131598377821,0.02,0.001,6.364524457947065e-6,3,Caacu.v4.7G011610,Chr7,16859649,16863792,+,"cytochrome P450, family 82, subfamily C, polypeptide"
4.6380655809174996e-10,2.94171620386384,0.035,0.004,1.0752891242799132e-5,3,Caacu.v4.15G000660,Chr15,1332780,1338758,+,HXXXD-type acyl-transferase family protein
4.822811237576194e-10,2.0890987528104565,0.066,0.014,1.118120557319665e-5,3,Caacu.v4.1G005270,Chr1,9723769,9730237,+,hydroxymethylglutaryl-CoA synthase / HMG-CoA synthase / 3-hydroxy-3-methylglutaryl coenzyme A synthase
5.833733840838351e-10,3.054167116540961,0.027,0.002,1.3524928536599634e-5,3,Caacu.v4.2G013310,Chr2,18306888,18307226,+,hypothetical protein
5.833733840838351e-10,3.054167116540961,0.027,0.002,1.3524928536599634e-5,3,Caacu.v4.2G013400,Chr2,18373756,18374094,+,hypothetical protein
6.49419950326153e-10,1.7824079253294396,0.117,0.037,1.5056152128361531e-5,3,Caacu.v4.7G016450,Chr7,20663778,20671463,-,AMP-dependent synthetase and ligase family protein
7.372842310707637e-10,2.433178002898149,0.09,0.02,1.7093197613144585e-5,3,Caacu.v4.11G004780,Chr11,5177498,5196455,+,hypothetical protein
8.318269555559789e-10,1.6617944961096895,0.137,0.047,1.9285076137609813e-5,3,Caacu.v4.15G006380,Chr15,11035869,11036737,+,hypothetical protein
1.2446612637683073e-9,2.2281519946309714,0.051,0.009,2.8856226739204434e-5,3,Caacu.v4.14G003990,Chr14,2717861,2720411,+,Leucine-rich repeat (LRR) family protein
1.2497449016806804e-9,1.4372370475585345,0.016,0.004,2.8974085800564896e-5,3,Caacu.v4.14G005470,Chr14,3954885,3958847,+,white-brown complex homolog protein
1.284943121347596e-9,1.2954825673127353,0.176,0.073,2.9790121325322667e-5,3,Caacu.v4.2G027100,Chr2,31425075,31428039,+,indole-3-acetic acid inducible
1.387418065172791e-9,2.253032129702335,0.059,0.012,3.216590042296599e-5,3,Caacu.v4.14G009750,Chr14,8208648,8211496,+,Leucine-rich repeat protein kinase family protein
1.5159630965591027e-9,1.9637198710240016,0.094,0.026,3.514608843062624e-5,3,Caacu.v4.16G002320,Chr16,2071819,2073390,-,alpha/beta-Hydrolases superfamily protein
1.751531258661383e-9,1.819082275370604,0.09,0.023,4.06075007008055e-5,3,Caacu.v4.21G008820,Chr21,10358239,10363942,-,Glutathione S-transferase family protein
2.7271339186285027e-9,1.4947870016492941,0.07,0.016,6.322587276948321e-5,3,Caacu.v4.1G022560,Chr1,27858668,27859345,+,osmotin
2.767120776874215e-9,1.8749449677976417,0.098,0.029,6.415292809105181e-5,3,Caacu.v4.4G015560,Chr4,18464893,18471124,-,3-ketoacyl-CoA synthase
2.9256885467251126e-9,3.370316946016286,0.027,0.003,6.782916326727502e-5,3,Caacu.v4.1G010650,Chr1,17132968,17134021,-,Thioredoxin superfamily protein
3.015200025146469e-9,1.369578036360421,0.164,0.066,6.990439738299573e-5,3,Caacu.v4.14G008360,Chr14,6739770,6740638,-,"Protein of unknown function, DUF538"
3.1295692326855143e-9,2.6018727256033163,0.047,0.008,7.255593309058097e-5,3,Caacu.v4.2G001960,Chr2,1390380,1391061,+,conserved hypothetical protein
3.4090805169311192e-9,1.6200673479173697,0.078,0.02,7.903612270453107e-5,3,Caacu.v4.15G005240,Chr15,9959727,9961684,+,Rubber elongation factor protein (REF)
3.418037744332865e-9,1.6522279071998711,0.059,0.012,7.924378706461314e-5,3,Caacu.v4.5G008130,Chr5,6264318,6291317,-,receptor kinase
3.6306185648002857e-9,1.136212273533439,0.207,0.092,8.417226080632983e-5,3,Caacu.v4.9G003730,Chr9,7870723,7876798,-,flavonol synthase
3.919979337245049e-9,1.6683353528809408,0.094,0.027,9.088080095468922e-5,3,Caacu.v4.21G002850,Chr21,4425292,4429996,-,purple acid phosphatase
4.440480054178587e-9,2.2131631606531514,0.055,0.011,1.0294808957607635e-4,3,Caacu.v4.4G008400,Chr4,12578336,12581495,+,Zinc finger (C3HC4-type RING finger) family protein
4.860360849283114e-9,2.631704893730899,0.039,0.006,1.1268260592977972e-4,3,Caacu.v4.11G016050,Chr11,16952848,16956790,-,conserved hypothetical protein
5.254058593760737e-9,1.7586555200624532,0.082,0.022,1.2181009443774892e-4,3,Caacu.v4.2G006570,Chr2,5095490,5097564,+,UDP-Glycosyltransferase superfamily protein
5.362476657051886e-9,1.663604528231501,0.141,0.052,1.2432365881709094e-4,3,Caacu.v4.9G016060,Chr9,18655609,18657143,-,Heavy metal transport/detoxification superfamily protein 
5.95059736512414e-9,1.883747280765526,0.074,0.019,1.3795864931303808e-4,3,Caacu.v4.17G004300,Chr17,8443443,8445740,-,C2 calcium/lipid-binding plant phosphoribosyltransferase family protein
6.841868254743725e-9,1.2231369640993182,0.266,0.137,1.586218736179785e-4,3,Caacu.v4.1G012990,Chr1,19392123,19395263,-,BAX inhibitor
8.171838648400798e-9,3.109715871146325,0.031,0.003,1.894559072245241e-4,3,Caacu.v4.13G007940,Chr13,6727526,6731471,-,wall associated kinase
8.642432642672272e-9,1.7881249351552904,0.102,0.032,2.0036615838771394e-4,3,Caacu.v4.10G014320,Chr10,17056465,17058240,-,Curculin-like (mannose-binding) lectin family protein
1.1446084893286156e-8,1.4355772012216201,0.133,0.049,2.6536603216594624e-4,3,Caacu.v4.17G003540,Chr17,7325399,7333775,+,NAD(P)-binding Rossmann-fold superfamily protein
1.2120219398643567e-8,1.296574359211578,0.191,0.086,2.8099516653815244e-4,3,Caacu.v4.13G006810,Chr13,5665061,5674005,-,cellulose synthase A2
1.2298302927761309e-8,3.644357581237389,0.023,0.002,2.851238550772182e-4,3,Caacu.v4.11G011410,Chr11,13040829,13043799,-,acyl-CoA sterol acyl transferase
1.2557484126766316e-8,1.139379289427711,0.172,0.072,2.9113271199495024e-4,3,Caacu.v4.7G005350,Chr7,11214237,11220527,-,cellulose synthase-like A02
1.315456480015529e-8,1.3811613988823792,0.105,0.034,3.049754303268002e-4,3,Caacu.v4.19G007850,Chr19,11189540,11190937,-,Glutathione S-transferase family protein
1.3621302983112195e-8,1.0355383517420793,0.266,0.137,3.157962883604731e-4,3,Caacu.v4.13G003710,Chr13,2746865,2747753,+,Gibberellin-regulated family protein
1.5049702300939997e-8,0.7990239164898627,0.414,0.261,3.489122981449929e-4,3,Caacu.v4.10G006550,Chr10,7878377,7880103,+,protodermal factor
1.5115095326895734e-8,1.1830565059788323,0.176,0.075,3.504283700587507e-4,3,Caacu.v4.20G000140,Chr20,125982,144645,-,pleiotropic drug resistance
1.5347073577888793e-8,1.7088703002271157,0.105,0.035,3.558065538297738e-4,3,Caacu.v4.1G016030,Chr1,22083086,22089964,-,DUF4050 domain containing protein
1.7427267030281875e-8,1.018113193614259,0.234,0.113,4.04033758830055e-4,3,Caacu.v4.8G010330,Chr8,12004537,12009566,-,O-fucosyltransferase family protein
1.7789135408835313e-8,1.6318210760105736,0.094,0.029,4.124233153184379e-4,3,Caacu.v4.16G010250,Chr16,10270914,10281016,+,Serine hydrolase (FSH1) domain containing protein
2.326351019525719e-8,1.4857752059446054,0.125,0.045,5.393412203668427e-4,3,Caacu.v4.2G031480,Chr2,35111810,35119219,+,Plant stearoyl-acyl-carrier-protein desaturase family protein
2.695638282919177e-8,2.7545058950753307,0.035,0.005,6.24956779511982e-4,3,Caacu.v4.1G018040,Chr1,23889243,23890459,+,Late embryogenesis abundant (LEA) hydroxyproline-rich glycoprotein family
3.139348399576889e-8,1.7961942774185105,0.121,0.044,7.278265329579059e-4,3,Caacu.v4.12G003820,Chr12,3805566,3810926,-,conserved hypothetical protein
3.3289453432372094e-8,1.5402585035684755,0.105,0.035,7.717826883761146e-4,3,Caacu.v4.12G008560,Chr12,13855735,13865403,-,Phosphatidic acid phosphatase (PAP2) family protein
3.395293760209443e-8,2.1072664357680986,0.062,0.015,7.871649053669572e-4,3,Caacu.v4.2G020380,Chr2,26049402,26051487,+,F-box family protein
4.049693481143762e-8,1.7153080812996788,0.066,0.017,9.388809366683697e-4,3,Caacu.v4.20G000390,Chr20,305777,310257,-,AMP-dependent synthetase and ligase family protein
4.087030358909557e-8,1.6934227654867176,0.102,0.034,9.475371184095916e-4,3,Caacu.v4.9G005840,Chr9,10317311,10320533,+,Duplicated homeodomain-like superfamily protein
4.209280183631492e-8,2.271846894565203,0.066,0.015,9.758795177731252e-4,3,Caacu.v4.15G006810,Chr15,11510618,11525778,+,Leucine-rich repeat protein kinase family protein
4.4239578636399116e-8,3.2061344712712447,0.027,0.003,0.001025650391106277,3,Caacu.v4.11G010610,Chr11,12424194,12426715,-,Peroxidase superfamily protein
5.0281618345476255e-8,1.9705610323043135,0.078,0.022,0.0011657290397215215,3,Caacu.v4.3G001360,Chr3,1278747,1289996,+,P450 reductase
5.445209529627197e-8,1.6744938186579494,0.082,0.024,0.0012624173773487695,3,Caacu.v4.10G011580,Chr10,14669980,14674452,-,glycosyl hydrolase 9B8
6.794858120009124e-8,2.447788889452555,0.035,0.005,0.0015753199065429153,3,Caacu.v4.16G006460,Chr16,5980010,5986817,+,NAD(P)-binding Rossmann-fold superfamily protein
6.862845613333843e-8,2.5141556116179684,0.035,0.005,0.001591082126995318,3,Caacu.v4.8G003650,Chr8,5389444,5395806,-,beta galactosidase
7.501996761858846e-8,1.825622499394806,0.102,0.034,0.0017392629292693547,3,Caacu.v4.5G009430,Chr5,7545738,7547174,-,dormancy-associated protein-like
7.959980654702699e-8,1.0739476873285163,0.121,0.044,0.0018454419149862738,3,Caacu.v4.5G002030,Chr5,1438475,1443194,+,Remorin family protein
8.253059318266155e-8,1.5411839344858962,0.047,0.009,0.0019133892723468254,3,Caacu.v4.5G003200,Chr5,2395813,2398273,-,cyclin p3;2
8.422483400615716e-8,1.2320390469929399,0.129,0.049,0.0019526685515987474,3,Caacu.v4.1G019020,Chr1,24683892,24690367,-,homeobox-7
8.861290483628052e-8,1.9980451703075564,0.07,0.019,0.0020544015857243275,3,Caacu.v4.16G011600,Chr16,11877294,11881874,+,TRICHOME BIREFRINGENCE-LIKE
9.413291863216887e-8,3.9256555921856124,0.016,0.001,0.002182377585568203,3,Caacu.v4.8G015520,Chr8,16666010,16669695,-,Integrase-type DNA-binding superfamily protein
9.454498051054105e-8,3.7200962900445163,0.016,0.001,0.0021919308281563837,3,Caacu.v4.12G006910,Chr12,11954118,11955605,+,conserved hypothetical protein
1.1227143216031272e-7,1.0931891919160874,0.195,0.093,0.00260290088320469,3,Caacu.v4.18G011750,Chr18,11876990,11882483,-,Major facilitator superfamily protein
1.1318287542600353e-7,2.2152437619884764,0.051,0.011,0.002624031783876466,3,Caacu.v4.13G005850,Chr13,4713337,4715271,-,conserved hypothetical protein
1.1866108752258423e-7,1.1377970906125554,0.203,0.099,0.002751038653123593,3,Caacu.v4.6G006000,Chr6,5449551,5452579,+,expansin A4
1.3140616934256396e-7,1.5957299810245456,0.074,0.021,0.0030465206300380027,3,Caacu.v4.1G036930,Chr1,38804735,38807379,-,hypothetical protein
1.3197299542031532e-7,2.1281447845211776,0.078,0.023,0.0030596619258245906,3,Caacu.v4.1G030100,Chr1,33749319,33753442,-,NAD(P)-linked oxidoreductase superfamily protein
1.485799900813776e-7,2.372847535264304,0.027,0.003,0.0034446784900466583,3,Caacu.v4.10G001940,Chr10,2053405,2054767,-,SAUR-like auxin-responsive protein family 
1.5927734708235454e-7,1.6239856449669596,0.098,0.033,0.003692686014757308,3,Caacu.v4.9G012730,Chr9,16326314,16329449,+,cinnamyl alcohol dehydrogenase
1.6150063607648757e-7,2.047372175106732,0.035,0.006,0.003744230746797288,3,Caacu.v4.7G009380,Chr7,15006632,15007789,+,zinc finger (C2H2 type) family protein
1.8388620973385373e-7,2.4805865921370875,0.055,0.013,0.004263217886469665,3,Caacu.v4.1G036380,Chr1,38381551,38385317,-,myb domain protein
1.944224285912324e-7,2.760964478522352,0.055,0.011,0.004507489584459132,3,Caacu.v4.21G005830,Chr21,7834141,7836101,+,3-ketoacyl-CoA synthase
2.3430502919715267e-7,3.5818751940335805,0.023,0.003,0.005432127796906787,3,Caacu.v4.2G006800,Chr2,5232851,5234970,+,"AGC (cAMP-dependent, cGMP-dependent and protein kinase C) kinase family protein"
2.418929833406385e-7,3.107473410851891,0.023,0.003,0.005608046925769363,3,Caacu.v4.5G006340,Chr5,4905423,4906431,-,hypothetical protein
2.4756001771464936e-7,2.860404784815878,0.023,0.003,0.00573943145069643,3,Caacu.v4.7G010230,Chr7,15658175,15660857,+,Major facilitator superfamily protein
2.750319726341125e-7,2.942332932131994,0.02,0.002,0.006376341253549264,3,Caacu.v4.1G013780,Chr1,20114104,20116171,+,early nodulin-like protein
2.944466947727861e-7,1.5976837771267434,0.07,0.02,0.006826452171612272,3,Caacu.v4.9G010420,Chr9,14518452,14523167,+,conserved hypothetical protein
3.558190910427751e-7,1.004116536694752,0.145,0.061,0.008249309806735699,3,Caacu.v4.9G015600,Chr9,18348457,18350898,-,annexin
3.8040211762768524e-7,3.225664212195592,0.027,0.004,0.008819242695080255,3,Caacu.v4.1G002960,Chr1,6930886,6939616,+,hypothetical protein
3.860818006070577e-7,3.008859499906357,0.027,0.004,0.008950920465274025,3,Caacu.v4.14G009090,Chr14,7474338,7479160,+,alpha/beta-Hydrolases superfamily protein
4.140094759079739e-7,2.23589489578914,0.031,0.005,0.009598395689450466,3,Caacu.v4.5G000230,Chr5,202271,204088,-,SAUR-like auxin-responsive protein family 
3.17937772105556e-153,3.5719834314299606,0.739,0.108,7.3710693084952105e-149,4,Caacu.v4.16G001350,Chr16,1266499,1269300,+,Histone superfamily protein
6.063069757550542e-146,3.476110481065402,0.719,0.106,1.4056620925905176e-141,4,Caacu.v4.14G009410,Chr14,7761597,7762448,+,histone H2A
1.1112568578803161e-138,3.7133552129020746,0.611,0.075,2.576337899309725e-134,4,Caacu.v4.5G005170,Chr5,4018731,4019872,+,Histone superfamily protein
1.3475789561232558e-129,3.8015035232315992,0.567,0.068,3.124227051876156e-125,4,Caacu.v4.4G005670,Chr4,9718208,9719190,+,Histone superfamily protein
3.768411235405931e-123,3.4860411054809477,0.557,0.068,8.73668460816511e-119,4,Caacu.v4.18G008000,Chr18,6770823,6771747,+,Histone superfamily protein
1.3518286625611753e-111,3.081231756047237,0.901,0.295,3.134079571281829e-107,4,Caacu.v4.7G007310,Chr7,13391305,13393543,-,hypothetical protein
3.1096465485266446e-104,3.446930155594573,0.463,0.054,7.209404558104172e-100,4,Caacu.v4.7G007830,Chr7,13853046,13854012,+,Histone superfamily protein
6.1714211764901136e-102,3.9051883012281308,0.369,0.033,1.4307822855574678e-97,4,Caacu.v4.1G032180,Chr1,35319466,35320583,-,winged-helix DNA-binding transcription factor family protein
4.320791780636416e-93,2.9313455112850146,0.734,0.183,1.0017323664227467e-88,4,Caacu.v4.18G001890,Chr18,1901614,1902533,-,Histone superfamily protein
1.2106851053403797e-87,3.5559293994442664,0.414,0.052,2.8068523482211362e-83,4,Caacu.v4.2G020440,Chr2,26111948,26113329,-,histone H2A
4.914544662588319e-87,2.958185647765423,0.724,0.185,1.1393880345744758e-82,4,Caacu.v4.7G007480,Chr7,13574697,13575015,+,hypothetical protein
2.3691945981257087e-86,3.0529352705683013,0.631,0.136,5.492740756294643e-82,4,Caacu.v4.7G007470,Chr7,13574231,13574674,+,Histone superfamily protein
3.8132879833411316e-85,3.5799864217436745,0.31,0.027,8.84072686057808e-81,4,Caacu.v4.11G012350,Chr11,13790240,13790650,-,Histone superfamily protein
6.383841256211061e-76,2.7509420723092575,0.626,0.152,1.4800297568399723e-71,4,Caacu.v4.2G020550,Chr2,26215758,26216746,-,Histone superfamily protein
4.2694730423580735e-75,3.4794071355109484,0.335,0.038,9.898346301402957e-71,4,Caacu.v4.1G013500,Chr1,19836454,19837970,-,Histone superfamily protein
5.457836348765053e-72,2.575664615323106,0.709,0.209,1.2653447790976899e-67,4,Caacu.v4.17G009180,Chr17,13522656,13523482,+,Histone superfamily protein
1.0976922590951747e-69,3.035701559510872,0.443,0.076,2.544889733486253e-65,4,Caacu.v4.4G014760,Chr4,17841829,17843296,-,high mobility group A
1.3206487266758562e-67,3.172463842978762,0.394,0.061,3.061792007925305e-63,4,Caacu.v4.16G002960,Chr16,2913257,2922838,+,Histone superfamily protein
3.888184658154329e-61,3.5924090078774147,0.266,0.029,9.014367311464996e-57,4,Caacu.v4.5G009830,Chr5,7874042,7874842,-,Histone superfamily protein
1.9014833270826123e-56,4.3418166050493685,0.177,0.013,4.408398945508329e-52,4,Caacu.v4.2G003060,Chr2,2235220,2235733,-,Histone superfamily protein
1.447226454728671e-55,3.245484702503068,0.36,0.051,3.3552498126429504e-51,4,Caacu.v4.6G008330,Chr6,7322306,7323301,+,Histone superfamily protein
9.463470363320266e-54,4.694961960586923,0.148,0.009,2.1940109690321704e-49,4,Caacu.v4.7G014930,Chr7,19563003,19563739,+,gamma histone variant H2AX
4.7936514632697485e-50,2.9980234692316134,0.355,0.066,1.1113601552444585e-45,4,Caacu.v4.21G004290,Chr21,6229604,6230771,+,high mobility group A
5.632958848005663e-48,2.1848262000091854,0.67,0.266,1.305945179321633e-43,4,Caacu.v4.6G006280,Chr6,5654369,5655123,+,Histone superfamily protein
1.142432341997751e-47,2.7298273333177914,0.35,0.066,2.648615141687586e-43,4,Caacu.v4.10G005220,Chr10,5407993,5408983,-,Histone superfamily protein
1.7773195524665492e-43,2.8564654062732604,0.3,0.054,4.120537650438448e-39,4,Caacu.v4.6G006420,Chr6,5726913,5731020,+,histone H2A
6.358526072553101e-42,2.8413431067848207,0.305,0.058,1.474160684660711e-37,4,Caacu.v4.14G013680,Chr14,15049030,15050016,-,gamma histone variant H2AX
7.0500078043144635e-40,2.765654152256073,0.246,0.039,1.6344738093522652e-35,4,Caacu.v4.17G007290,Chr17,11757020,11757891,-,Histone superfamily protein
3.107522708008529e-37,2.586457932510966,0.315,0.067,7.204480646246974e-33,4,Caacu.v4.6G005210,Chr6,4721551,4722906,+,high mobility group A
5.774208674357456e-35,2.681588814688629,0.232,0.039,1.3386925390630327e-30,4,Caacu.v4.1G002690,Chr1,6571410,6575901,+,Histone superfamily protein
8.319927452658014e-35,3.7699544195339323,0.133,0.014,1.928891980624234e-30,4,Caacu.v4.18G007980,Chr18,6755248,6756085,+,Histone superfamily protein
1.4239826887248885e-33,2.247810664113104,0.217,0.052,3.3013614655397813e-29,4,Caacu.v4.16G012380,Chr16,13143704,13149494,-,Histone superfamily protein
3.27159104619961e-33,2.316165057090683,0.325,0.079,7.584856681509176e-29,4,Caacu.v4.8G008020,Chr8,9414773,9415419,+,Histone superfamily protein
3.2185039393232907e-32,2.2036822659177377,0.429,0.137,7.461779532927117e-28,4,Caacu.v4.7G013480,Chr7,18416110,18417329,-,winged-helix DNA-binding transcription factor family protein
3.8333600484443973e-32,1.5943260527213754,0.611,0.257,8.88726193631349e-28,4,Caacu.v4.12G009920,Chr12,15316464,15318669,+,high mobility group B3
1.709772290749327e-30,3.332091641169045,0.133,0.015,3.96393607887324e-26,4,Caacu.v4.2G015840,Chr2,21664666,21680905,-,chromomethylase
1.4394961925468084e-29,1.8118706720001447,0.409,0.128,3.3373279728005204e-25,4,Caacu.v4.3G010600,Chr3,8837268,8838552,-,histone H2A
2.3639669088466832e-29,2.9905693756223846,0.163,0.023,5.48062088147015e-25,4,Caacu.v4.12G004510,Chr12,5651589,5652384,-,Histone superfamily protein
2.146083950966738e-26,2.859188504786066,0.202,0.04,4.975481031921285e-22,4,Caacu.v4.17G009190,Chr17,13527042,13529989,-,histone H2A
9.069009680738697e-25,2.04936530449734,0.33,0.1,2.1025592043824595e-20,4,Caacu.v4.2G004440,Chr2,3291095,3292610,+,histone H1-3
1.574931232468687e-24,3.367704599877897,0.094,0.009,3.651320569355404e-20,4,Caacu.v4.15G012610,Chr15,16250748,16257002,-,Zinc finger (C3HC4-type RING finger) family protein
3.475109416129499e-24,2.671755704398051,0.138,0.02,8.056693670354631e-20,4,Caacu.v4.2G001950,Chr2,1384491,1388192,+,winged-helix DNA-binding transcription factor family protein
9.539452981001365e-22,2.511705263433716,0.172,0.035,2.2116267791153562e-17,4,Caacu.v4.6G003220,Chr6,3074762,3081340,-,ribonucleotide reductase
3.5274861391976236e-20,2.6331277119001175,0.118,0.018,8.17812386511577e-16,4,Caacu.v4.10G000240,Chr10,289923,291714,-,high-mobility group box
1.3546457243637496e-18,2.685184598783461,0.113,0.018,3.1406106473649174e-14,4,Caacu.v4.4G009750,Chr4,13771551,13776470,+,end binding protein 1C
2.4964521633345064e-17,3.6794948521392117,0.044,0.002,5.787774695474719e-13,4,Caacu.v4.14G003850,Chr14,2614678,2618500,-,Cyclin A3;1
3.103278358955841e-17,11.357101439381896,0.02,0,7.194640547403222e-13,4,Caacu.v4.6G009310,Chr6,8395524,8401646,+,hypothetical protein
6.524397805927774e-17,2.9741166146215674,0.079,0.01,1.5126163873262951e-12,4,Caacu.v4.11G010450,Chr11,12295868,12310917,+,binding;calmodulin binding
3.434494454117882e-16,2.785436764369019,0.108,0.019,7.962531942426897e-12,4,Caacu.v4.16G004110,Chr16,3826920,3840540,+,P-loop containing nucleoside triphosphate hydrolases superfamily protein
3.993648914382059e-16,3.2785363594237174,0.084,0.012,9.258875643103365e-12,4,Caacu.v4.10G012230,Chr10,15329468,15331846,+,Thymidine kinase
4.76681827092337e-16,2.031892286353491,0.02,0.002,1.105139147930874e-11,4,Caacu.v4.17G002540,Chr17,5413830,5423188,+,titan9
2.312637682500037e-15,2.3818600380648443,0.128,0.027,5.361619203108086e-11,4,Caacu.v4.2G004260,Chr2,3160080,3163367,-,histone H2A
9.45386603296481e-15,3.4774837066028716,0.069,0.007,2.1917843010825617e-10,4,Caacu.v4.17G002600,Chr17,5512279,5529624,+,titan9
1.1217016573001544e-14,1.430972040870218,0.291,0.11,2.600553122284678e-10,4,Caacu.v4.14G012500,Chr14,13570200,13574287,-,winged-helix DNA-binding transcription factor family protein
1.5682136454899755e-14,2.1108778824181433,0.094,0.016,3.6357465157039593e-10,4,Caacu.v4.20G003490,Chr20,2577739,2579990,-,Ferritin/ribonucleotide reductase-like family protein
3.928558502146664e-14,3.846001040844806,0.034,0.002,9.107970031376827e-10,4,Caacu.v4.17G002490,Chr17,5355512,5357452,+,titan9
5.2286789726132214e-14,1.1494801220992032,0.498,0.276,1.2122169330106493e-9,4,Caacu.v4.6G001940,Chr6,1883429,1885683,+,Histone superfamily protein
8.463261518618124e-14,1.685003101636171,0.266,0.102,1.9621225504764257e-9,4,Caacu.v4.4G013460,Chr4,16762175,16765911,+,high mobility group B2
9.451682819767152e-14,6.867517107668972,0.02,0,2.1912781449348163e-9,4,Caacu.v4.10G005210,Chr10,5398830,5399292,+,histone H2A
1.5080305602605917e-13,2.1343990782652997,0.108,0.022,3.4962180509081558e-9,4,Caacu.v4.7G013760,Chr7,18635314,18638116,+,histone H2A
5.883617562672272e-13,1.797012438729777,0.182,0.056,1.3640578957299396e-8,4,Caacu.v4.12G009010,Chr12,14433750,14435115,-,histone H1-3
8.113011310530047e-13,2.1976281865157996,0.123,0.029,1.8809205422332863e-8,4,Caacu.v4.2G005220,Chr2,3861394,3870070,+,breast cancer associated RING
1.9405923223764614e-12,2.1709354268024548,0.118,0.028,4.499069240197588e-8,4,Caacu.v4.4G002250,Chr4,3773860,3781187,+,Protein kinase protein with adenine nucleotide alpha hydrolases-like domain
1.0748880787246937e-11,1.8379364494293136,0.133,0.036,2.4920205217153297e-7,4,Caacu.v4.2G030020,Chr2,33696093,33701556,+,hypothetical protein
1.135725370061793e-11,1.9179359774637317,0.133,0.036,2.6330656979512607e-7,4,Caacu.v4.17G001280,Chr17,2005456,2031681,-,chromomethylase
1.3889487525704277e-11,2.994358128170718,0.059,0.008,3.2201387879592795e-7,4,Caacu.v4.2G023530,Chr2,28620677,28627745,+,putative recombination initiation defect
1.6801215600970057e-11,1.9149749878455604,0.094,0.02,3.895193824928898e-7,4,Caacu.v4.15G010610,Chr15,14736046,14744743,-,chromomethylase
1.8996472341244762e-11,3.6032566872613008,0.039,0.004,4.4041421475941856e-7,4,Caacu.v4.2G022570,Chr2,27766041,27769349,-,ARM repeat superfamily protein
2.3054118464542867e-11,3.3943306318709365,0.044,0.005,5.344866824819619e-7,4,Caacu.v4.20G010680,Chr20,11607792,11611171,-,DP-E2F-like
3.9320796697196934e-11,3.568905174023767,0.034,0.003,9.116133506278138e-7,4,Caacu.v4.5G001360,Chr5,948939,953812,+,RING/U-box superfamily protein
4.00554106663064e-11,1.8118484445417684,0.123,0.033,9.286446408876476e-7,4,Caacu.v4.15G011040,Chr15,15029999,15032307,-,cold-regulated 413-plasma membrane
4.069971569384876e-11,3.328587861555764,0.034,0.003,9.435822086461897e-7,4,Caacu.v4.1G002570,Chr1,6423838,6426142,+,Glutaredoxin family protein
5.469400456076892e-11,2.125436071728884,0.103,0.025,1.2680258017368666e-6,4,Caacu.v4.18G005140,Chr18,4223305,4227625,+,Kinase interacting (KIP1-like) family protein
7.397208702089625e-11,3.340658711021173,0.039,0.004,1.7149688654924587e-6,4,Caacu.v4.3G004970,Chr3,4195931,4200799,-,ubiquitin-conjugating enzyme
2.315394168066974e-10,2.5822374674434965,0.044,0.005,5.368009839246473e-6,4,Caacu.v4.12G011380,Chr12,16495328,16505130,+,Transducin/WD40 repeat-like superfamily protein
2.455025208191846e-10,3.907417872481908,0.039,0.004,5.691730442671976e-6,4,Caacu.v4.4G015980,Chr4,18834592,18842725,-,zinc finger (C3HC4-type RING finger) family protein / BRCT domain-containing protein
3.3987257611714824e-10,4.858496440145866,0.03,0.002,7.879605804699965e-6,4,Caacu.v4.13G006590,Chr13,5403111,5404850,-,conserved hypothetical protein
3.595350075582028e-10,3.8288071999911866,0.03,0.002,8.335459615229374e-6,4,Caacu.v4.19G007950,Chr19,11241952,11248147,-,conserved hypothetical protein
4.3982108990766507e-10,1.1878846021603993,0.163,0.054,1.0196812148419307e-5,4,Caacu.v4.17G004480,Chr17,8683517,8694169,+,lipoxygenase
4.937352775289795e-10,0.7856870399197771,0.537,0.327,1.1446758674231862e-5,4,Caacu.v4.14G004470,Chr14,3078922,3082021,+,tubulin alpha-2 chain
5.122790116695961e-10,2.497453263926165,0.059,0.01,1.1876676606547915e-5,4,Caacu.v4.1G018170,Chr1,23981424,23987308,-,IQ-domain
5.247167448621875e-10,4.315014069634419,0.015,0,1.2165033012884955e-5,4,Caacu.v4.16G005050,Chr16,4640000,4645413,-,hypothetical protein
6.097382992656574e-10,2.42267780926458,0.069,0.013,1.4136172730175e-5,4,Caacu.v4.6G017750,Chr6,17619695,17641375,-,structural maintenance of chromosomes
8.647858343967216e-10,2.990242175971139,0.039,0.004,2.0049194784653593e-5,4,Caacu.v4.6G007030,Chr6,6239706,6244944,+,hypothetical protein
9.378153932756008e-10,2.3758103726419555,0.039,0.004,2.174231207770153e-5,4,Caacu.v4.2G028720,Chr2,32727566,32737714,+,flowering promoting factor
1.5783638360163191e-9,2.673803801269466,0.049,0.007,3.6592787174202345e-5,4,Caacu.v4.8G008450,Chr8,9945307,9951952,-,5'-3' exonuclease family protein
1.700282313702153e-9,2.6088456843373553,0.059,0.01,3.9419345160870713e-5,4,Caacu.v4.15G007860,Chr15,12553848,12569494,+,DNA helicase (RECQl4A)
2.0259384481116844e-9,2.9768581981782063,0.015,0.001,4.696935698102129e-5,4,Caacu.v4.2G011070,Chr2,14393372,14395476,-,"tocopherol cyclase, chloroplast / vitamin E deficient 1 (VTE1) / sucrose export defective 1 (SXD1)"
2.40399395512907e-9,9.248855661430692,0.01,0,5.573419585571236e-5,4,Caacu.v4.14G012450,Chr14,13512690,13516541,-,Fanconi anaemia protein FancD2 nuclease domain containing protein
2.560765202984624e-9,2.636171424241606,0.054,0.009,5.936878046599553e-5,4,Caacu.v4.8G002450,Chr8,3150221,3168821,-,SET domain group
2.9278333256983167e-9,3.453538746854287,0.025,0.002,6.787888782298977e-5,4,Caacu.v4.12G010910,Chr12,16133930,16139773,+,NAD(P)-linked oxidoreductase superfamily protein
1.4987934831198395e-8,3.658887105642319,0.039,0.005,3.474802811265036e-4,4,Caacu.v4.20G004550,Chr20,3436209,3444029,-,P-loop containing nucleoside triphosphate hydrolases superfamily protein
1.6355969542483364e-8,2.3332236827567163,0.059,0.011,3.791967978729343e-4,4,Caacu.v4.21G008330,Chr21,9978659,9987517,-,sphingoid base hydroxylase
2.6160231437516755e-8,0.49723922503872764,0.7,0.491,6.064988056473884e-4,4,Caacu.v4.5G012180,Chr5,10478646,10480464,+,light-harvesting chlorophyll-protein complex II subunit B1
2.7009049433678605e-8,2.357337539032176,0.064,0.014,6.261778020704048e-4,4,Caacu.v4.10G003110,Chr10,3104642,3122578,-,conserved hypothetical protein
4.422413845102886e-8,2.5484007130110866,0.049,0.009,0.0010252924258486531,4,Caacu.v4.11G009820,Chr11,11861037,11870234,+,kinesin
4.575312222723842e-8,1.5405588358039783,0.118,0.038,0.0010607403857162954,4,Caacu.v4.8G014700,Chr8,15957859,15966245,+,DEK domain-containing chromatin associated protein
4.921809467867682e-8,5.626714711546114,0.015,0.001,0.0011410723070304433,4,Caacu.v4.2G025530,Chr2,30181914,30183613,+,hypothetical protein
4.950822637871497e-8,4.886876854208177,0.015,0.001,0.001147798720364128,4,Caacu.v4.1G031500,Chr1,34816221,34824294,+,actin depolymerizing factor
8.027370778620141e-8,2.7904863731899647,0.039,0.006,0.0018610656413152935,4,Caacu.v4.9G011260,Chr9,15119396,15124183,-,conserved hypothetical protein
9.457574240625553e-8,1.0014897900311053,0.34,0.188,0.0021926440119466283,4,Caacu.v4.4G007470,Chr4,11654902,11656728,-,Histone superfamily protein
9.524656862158821e-8,3.532513178744172,0.025,0.002,0.002208196446922901,4,Caacu.v4.7G016910,Chr7,21016305,21021530,-,conserved hypothetical protein
9.731069091511586e-8,3.3906826624617508,0.025,0.002,0.0022560510581760462,4,Caacu.v4.21G007830,Chr21,9565974,9568302,+,conserved hypothetical protein
1.209449693419674e-7,2.4195419025218383,0.044,0.007,0.002803988169224172,4,Caacu.v4.3G000220,Chr3,268233,278246,-,ARM repeat superfamily protein
1.6622656294425764e-7,3.446560515553008,0.02,0.001,0.003853796635299669,4,Caacu.v4.1G037280,Chr1,39122330,39126325,+,hypothetical protein
3.0792017773649544e-7,2.108255884284643,0.064,0.015,0.00713882140064291,4,Caacu.v4.1G035340,Chr1,37669120,37673596,+,conserved hypothetical protein
3.2021120892638323e-7,1.521667018928373,0.153,0.062,0.007423776667749269,4,Caacu.v4.12G010500,Chr12,15885845,15892372,-,NAD(P)-binding Rossmann-fold superfamily protein
3.3170168881153387e-7,1.4484674071311223,0.103,0.033,0.007690171953406601,4,Caacu.v4.9G014680,Chr9,17593876,17611000,-,RAD3-like DNA-binding helicase protein
3.4941964982076943e-7,2.1545386238366344,0.025,0.005,0.008100945161444719,4,Caacu.v4.13G011650,Chr13,12665460,12678912,-,"myosin, putative"
3.9854582528834227e-7,1.852079279325848,0.025,0.002,0.009239886413484928,4,Caacu.v4.1G037050,Chr1,38893813,38902932,-,O-acetyltransferase family protein
1.6712678120264843e-215,5.2297792538368375,0.58,0.033,3.874667295402201e-211,5,Caacu.v4.18G012530,Chr18,12553462,12556737,-,Transducin family protein / WD-40 repeat family protein
1.5795934674510855e-159,4.808881053229379,0.42,0.022,3.6621294949385967e-155,5,Caacu.v4.9G014530,Chr9,17461129,17464731,-,CYCLIN B2;4
6.141675813093602e-156,5.245411236500634,0.346,0.013,1.4238861205076207e-151,5,Caacu.v4.10G008980,Chr10,12044294,12050431,+,targeting protein for XKLP2
4.557440229822247e-153,5.905461831706941,0.293,0.007,1.0565969428819897e-148,5,Caacu.v4.10G002680,Chr10,2679970,2680947,-,conserved hypothetical protein
1.5586589062140123e-147,4.860305323761989,0.457,0.032,3.613594808166566e-143,5,Caacu.v4.4G012690,Chr4,16200991,16205950,+,hypothetical protein
2.7298085579612578e-135,4.329423706911648,0.468,0.038,6.32878816077738e-131,5,Caacu.v4.1G024540,Chr1,29332613,29335391,+,HMG (high mobility group) box protein
5.883088148465392e-133,3.962515297871928,0.495,0.045,1.3639351563402165e-128,5,Caacu.v4.17G002710,Chr17,5759404,5762610,+,ubiquitin-conjugating enzyme19
3.954293030678452e-130,5.205639709392907,0.324,0.015,9.167632962324924e-126,5,Caacu.v4.12G009190,Chr12,14567237,14569072,-,Chalcone-flavanone isomerase family protein
2.7822871042349164e-117,4.335554122636943,0.447,0.041,6.450454422458231e-113,5,Caacu.v4.6G017450,Chr6,17305358,17312373,-,hypothetical protein
2.048071337907871e-114,4.599076912305966,0.33,0.02,4.7482485898056083e-110,5,Caacu.v4.3G016770,Chr3,15601292,15604168,+,Reticulon family protein
1.6039476456761516e-107,4.685141219460064,0.309,0.018,3.7185922217355897e-103,5,Caacu.v4.4G020650,Chr4,22166476,22168490,+,zinc finger (C3HC4-type RING finger) family protein
1.1628631101397279e-104,3.4484400676356017,0.612,0.099,2.695981834547945e-100,5,Caacu.v4.1G007650,Chr1,13896725,13898382,-,early nodulin-like protein
8.750347942027568e-98,3.8715384395187895,0.436,0.048,2.0286806668796715e-93,5,Caacu.v4.5G015340,Chr5,21238733,21241109,-,cyclin-dependent kinase B2;2
2.4326532255353986e-94,4.533310650919945,0.271,0.016,5.639863238081268e-90,5,Caacu.v4.10G000970,Chr10,1147034,1147660,-,Putative membrane lipoprotein
4.772067645710756e-88,4.0848801391512035,0.287,0.02,1.1063561629815818e-83,5,Caacu.v4.16G006370,Chr16,5903764,5907450,-,conserved hypothetical protein
4.297241366183829e-86,3.783943743111499,0.303,0.024,9.96272438336059e-82,5,Caacu.v4.7G015990,Chr7,20383399,20387973,+,cellulose synthase-like D5
6.183149229667885e-84,4.406964751637762,0.202,0.012,1.4335013174062025e-79,5,Caacu.v4.7G001510,Chr7,5147996,5152170,-,Cyclin family protein
9.67339722870951e-72,4.833146058949943,0.191,0.01,2.242680413504013e-67,5,Caacu.v4.20G009300,Chr20,9909480,9914731,-,ATP binding microtubule motor family protein
2.4051859301937723e-71,4.5409192507608935,0.213,0.013,5.5761830605612416e-67,5,Caacu.v4.2G012610,Chr2,17378178,17381916,-,Cyclin family protein
2.565112867806113e-71,3.726715511452273,0.277,0.025,5.946957672721693e-67,5,Caacu.v4.10G003530,Chr10,3534656,3543242,+,Kinesin motor family protein
3.352268501680726e-71,5.115624382857082,0.138,0.005,7.771899294296595e-67,5,Caacu.v4.7G001530,Chr7,5176319,5177202,-,Cyclin B1;4
1.234898751727322e-69,4.119113318040091,0.223,0.015,2.8629892660046238e-65,5,Caacu.v4.3G011520,Chr3,9688164,9689696,-,early nodulin-like protein
1.2362265445996004e-69,3.4706540835638102,0.378,0.052,2.8660676209997134e-65,5,Caacu.v4.1G038640,Chr1,40135632,40136677,-,conserved hypothetical protein
7.611653491284755e-69,3.166597161788114,0.516,0.105,1.7646857454194576e-64,5,Caacu.v4.10G003160,Chr10,3189579,3190879,-,hypothetical protein
1.1409087517979465e-68,4.68151843798486,0.186,0.01,2.645082850168359e-64,5,Caacu.v4.2G028910,Chr2,32871101,32872387,+,ARM repeat superfamily protein
8.815406397301155e-68,3.7474928490674655,0.245,0.02,2.0437638191502997e-63,5,Caacu.v4.3G000460,Chr3,539598,567735,-,pumilio
4.892171334463616e-67,4.415323403044044,0.16,0.007,1.1342010021820449e-62,5,Caacu.v4.4G012520,Chr4,16042838,16044780,-,Chalcone-flavanone isomerase family protein
4.930301728314397e-63,3.906847090094823,0.261,0.026,1.1430411526924096e-58,5,Caacu.v4.6G003290,Chr6,3178090,3179544,+,hydroxyproline-rich glycoprotein family protein
1.606059423892426e-62,3.5772641844177553,0.239,0.023,3.7234881683522e-58,5,Caacu.v4.1G038630,Chr1,40133609,40134181,-,conserved hypothetical protein
2.727842454800089e-62,5.4581384253752105,0.149,0.006,6.324229947208527e-58,5,Caacu.v4.8G016780,Chr8,17573435,17578572,-,conserved hypothetical protein
8.15777265227484e-60,5.579961423814678,0.133,0.004,1.891298011703399e-55,5,Caacu.v4.2G001300,Chr2,939084,949496,+,Preprotein translocase SecA family protein
8.15777265227484e-60,5.579961423814678,0.133,0.004,1.891298011703399e-55,5,Caacu.v4.2G001510,Chr2,1070716,1080308,+,Preprotein translocase SecA family protein
2.9909654329101525e-58,4.13009127420998,0.218,0.019,6.934254259658898e-54,5,Caacu.v4.18G002790,Chr18,2467695,2473636,-,ATP binding microtubule motor family protein
1.3168146407094146e-57,3.960251346001124,0.186,0.013,3.052903063020707e-53,5,Caacu.v4.13G009460,Chr13,8773144,8777648,+,forkhead-associated (FHA) domain-containing protein 
1.5619617295460293e-57,4.233308071371074,0.181,0.012,3.6212520737795144e-53,5,Caacu.v4.15G004810,Chr15,9544832,9547790,-,cyclin family
2.0836302744127964e-56,5.383824146349957,0.133,0.006,4.830688428198627e-52,5,Caacu.v4.4G013320,Chr4,16641677,16644533,-,Cyclin B2;3
5.655201359096897e-56,3.2593462055362163,0.277,0.033,1.3111018830930244e-51,5,Caacu.v4.5G014400,Chr5,17864688,17867175,+,SEC14 cytosolic factor family protein / phosphoglyceride transfer family protein
6.874696340166568e-56,4.898917138545975,0.149,0.008,1.5938295995042172e-51,5,Caacu.v4.18G000370,Chr18,478645,480685,+,Protein JASON
7.069302511947439e-55,3.978468119518186,0.181,0.013,1.6389470943698943e-50,5,Caacu.v4.1G029930,Chr1,33573798,33587127,+,"phragmoplast-associated kinesin-related protein, putative"
2.553534558473104e-54,3.1761045387770426,0.319,0.047,5.920114520364044e-50,5,Caacu.v4.16G010240,Chr16,10258539,10266262,-,ubiquitin-conjugating enzyme
4.689304037738252e-52,3.6681866497781,0.213,0.02,1.0871682481092363e-47,5,Caacu.v4.14G011570,Chr14,12035981,12044741,+,SNF7 family protein
2.5337520825483664e-51,4.394384445729578,0.17,0.012,5.874250828180132e-47,5,Caacu.v4.1G017620,Chr1,23535343,23542279,-,ataurora1
2.133713607860275e-50,3.7146189093490705,0.181,0.014,4.946801628463261e-46,5,Caacu.v4.9G013450,Chr9,16839918,16841268,+,conserved hypothetical protein
2.577370312427871e-50,2.843227226930689,0.452,0.104,5.975375332332776e-46,5,Caacu.v4.4G017590,Chr4,20026304,20028501,-,tubulin alpha-2 chain
4.753543765433471e-49,3.838426799456535,0.197,0.018,1.102061586578096e-44,5,Caacu.v4.8G007080,Chr8,8628735,8631758,-,hypothetical protein
1.009454915632822e-48,3.893713437977463,0.17,0.013,2.3403202764031347e-44,5,Caacu.v4.1G032080,Chr1,35248779,35250432,-,syntaxin  of plants
1.3582140761684514e-47,4.281703185081017,0.133,0.007,3.1488835141889376e-43,5,Caacu.v4.12G009810,Chr12,15200277,15205172,-,Cyclin B2;3
4.414326470515767e-46,2.5888633895625963,0.383,0.078,1.0234174489243754e-41,5,Caacu.v4.5G013150,Chr5,11840455,11846398,+,Early-responsive to dehydration stress protein (ERD4)
1.0086461126586254e-44,3.5488315841426115,0.186,0.018,2.338445147587757e-40,5,Caacu.v4.2G012620,Chr2,17439497,17442467,-,Cyclin family protein
3.2559287634660664e-43,4.342955435957034,0.101,0.004,7.548545245219729e-39,5,Caacu.v4.14G002120,Chr14,1453960,1455758,+,syntaxin of plants
3.874581561562521e-42,4.742552418459413,0.112,0.006,8.982829892326548e-38,5,Caacu.v4.20G001090,Chr20,794183,798296,+,conserved hypothetical protein
4.1565965164421564e-42,3.6127198600803707,0.186,0.02,9.636653363719496e-38,5,Caacu.v4.8G004960,Chr8,6561430,6565779,+,RHO-related protein from plants
5.477390851445556e-41,4.37766495961644,0.128,0.009,1.2698782949991375e-36,5,Caacu.v4.6G017460,Chr6,17312833,17314631,-,hypothetical protein
1.0003832960039155e-39,3.3140060108187006,0.16,0.015,2.3192886334554776e-35,5,Caacu.v4.2G005240,Chr2,3877389,3879773,+,conserved hypothetical protein
3.301402046676029e-39,5.109206491471318,0.085,0.003,7.653970505013707e-35,5,Caacu.v4.1G027680,Chr1,31742909,31793532,+,callose synthase
4.0037248860698265e-39,3.1409674830787755,0.239,0.036,9.282235775864286e-35,5,Caacu.v4.10G013740,Chr10,16564976,16567473,-,Carbohydrate-binding X8 domain superfamily protein
9.977308451525344e-39,3.7573459077173945,0.149,0.013,2.3131391914016356e-34,5,Caacu.v4.2G020790,Chr2,26358459,26363676,-,ATP binding microtubule motor family protein
2.2262294652514373e-38,2.7263542978059276,0.245,0.038,5.161290392238932e-34,5,Caacu.v4.18G005770,Chr18,4781308,4785435,+,inflorescence meristem receptor-like kinase
5.962292740977908e-38,3.0478504948599863,0.266,0.046,1.3822979490683183e-33,5,Caacu.v4.7G005680,Chr7,11626822,11628290,+,cyclin-dependent kinase-subunit
7.442197309789494e-38,4.190377583609422,0.106,0.006,1.7253990243015964e-33,5,Caacu.v4.1G026570,Chr1,30905813,30907233,+,ubiquitin-conjugating enzyme19
2.193986024212107e-37,3.5584068371523987,0.144,0.013,5.0865371985333486e-33,5,Caacu.v4.5G008530,Chr5,6594842,6598027,-,Protein of unknown function (DUF761)
6.737283254772749e-37,2.391716952021696,0.378,0.092,1.5619717497865143e-32,5,Caacu.v4.4G009440,Chr4,13522323,13524824,+,hypothetical protein
1.3198593330326946e-35,5.691493181121116,0.074,0.002,3.059961877702999e-31,5,Caacu.v4.19G008600,Chr19,11722204,11724686,+,Plant protein of unknown function (DUF936)
1.7358601443543945e-35,4.214414594176766,0.117,0.009,4.024418158671228e-31,5,Caacu.v4.14G009800,Chr14,8262925,8268403,+,P-loop containing nucleoside triphosphate hydrolases superfamily protein
1.7563776241804493e-35,4.603548152518012,0.09,0.004,4.071985883899954e-31,5,Caacu.v4.12G009650,Chr12,15097528,15103215,-,Regulator of Vps4 activity in the MVB pathway protein
9.403330090167208e-35,4.403431964733093,0.117,0.009,2.1800680481043657e-30,5,Caacu.v4.4G016850,Chr4,19497599,19506715,-,TPX2 (targeting protein for Xklp2) protein family
1.8189111765498503e-34,3.059937050410766,0.191,0.026,4.216963671713173e-30,5,Caacu.v4.1G009580,Chr1,16107481,16119545,+,Homeodomain-like protein
2.6067550886908724e-34,2.8765580141869687,0.239,0.042,6.043500997620919e-30,5,Caacu.v4.5G004210,Chr5,3228455,3236349,+,DYNAMIN-like 1E
2.9905185772094644e-34,4.259871987716856,0.09,0.005,6.933218269402423e-30,5,Caacu.v4.19G009770,Chr19,12638418,12639762,-,DNA-binding HORMA family protein
5.761970486825794e-34,3.137388436291831,0.218,0.034,1.3358552376656922e-29,5,Caacu.v4.9G007640,Chr9,12069848,12071155,+,hypothetical protein
6.98994445453112e-34,3.926296449515119,0.117,0.009,1.6205487223384948e-29,5,Caacu.v4.3G007320,Chr3,6140574,6151542,+,ATP binding microtubule motor family protein
1.920592440630285e-32,3.9393016681454203,0.117,0.01,4.452701514357253e-28,5,Caacu.v4.7G005630,Chr7,11560940,11570594,-,Ring/U-Box superfamily protein
3.0517691973516955e-32,3.5766061612464117,0.133,0.013,7.075221707140171e-28,5,Caacu.v4.8G009690,Chr8,11433327,11441714,+,ATP binding microtubule motor family protein
2.2340698511922336e-31,4.2081583135883776,0.096,0.006,5.179467543004074e-27,5,Caacu.v4.12G007640,Chr12,12770496,12782467,-,hypothetical protein
5.30503431275569e-30,3.9006989560931715,0.112,0.01,1.2299191550692792e-25,5,Caacu.v4.4G013170,Chr4,16556031,16560224,-,Regulator of Vps4 activity in the MVB pathway protein
6.38007432527102e-30,3.442254692121571,0.128,0.013,1.4791564315708334e-25,5,Caacu.v4.6G001270,Chr6,1257273,1264351,-,Di-glucose binding protein with Kinesin motor domain
1.0811890968675491e-29,3.787330118434657,0.138,0.016,2.506628802177726e-25,5,Caacu.v4.16G010470,Chr16,10491084,10493358,+,hypothetical protein
6.922758477983427e-29,3.5811655310136286,0.144,0.017,1.6049723255356777e-24,5,Caacu.v4.15G010610,Chr15,14736046,14744743,-,chromomethylase
1.5137158838750124e-28,3.319551661963919,0.149,0.019,3.5093989051758285e-24,5,Caacu.v4.13G008240,Chr13,7146352,7153363,-,Cyclin A1;1
1.9333818848839873e-28,4.233941372837734,0.09,0.006,4.482352561915036e-24,5,Caacu.v4.2G003600,Chr2,2639371,2642083,-,conserved hypothetical protein
3.6550352908854846e-28,3.854622311128015,0.112,0.01,8.473833818388907e-24,5,Caacu.v4.18G003860,Chr18,3305361,3309881,+,Microtubule associated protein (MAP65/ASE1) family protein
1.058602227761418e-27,3.317057845663001,0.197,0.034,2.4542634048420715e-23,5,Caacu.v4.1G015110,Chr1,21215277,21216445,-,early nodulin-like protein
2.096636946399203e-27,4.6010566292800785,0.074,0.004,4.8608430965319126e-23,5,Caacu.v4.21G007670,Chr21,9448054,9452061,+,soluble N-ethylmaleimide-sensitive factor adaptor protein
3.524550771955206e-27,3.4004839685705432,0.144,0.018,8.171318509700949e-23,5,Caacu.v4.1G022390,Chr1,27708622,27712088,-,GRAS family transcription factor
9.002525912115267e-27,3.1765253734624546,0.16,0.023,2.0871456074648035e-22,5,Caacu.v4.10G008420,Chr10,11225860,11234898,-,plasmodesmata callose-binding protein
2.4502681678266283e-26,3.6846438229391003,0.101,0.009,5.680701720289255e-22,5,Caacu.v4.10G013260,Chr10,16164937,16170804,+,Di-glucose binding protein with Kinesin motor domain
5.594137010360945e-26,3.614586282772024,0.112,0.012,1.2969447244820816e-21,5,Caacu.v4.3G007830,Chr3,6634149,6635370,-,conserved hypothetical protein
8.493434935957127e-26,2.8502917905431957,0.154,0.023,1.9691179555523e-21,5,Caacu.v4.9G012610,Chr9,16218608,16220194,+,hypothetical protein
1.2628729912890285e-25,2.4252303340559505,0.261,0.074,2.9278447430044837e-21,5,Caacu.v4.1G038620,Chr1,40117083,40133586,-,O-acetylserine (thiol) lyase B
3.09614069107093e-25,3.0119112943944435,0.144,0.02,7.178092578178845e-21,5,Caacu.v4.7G016050,Chr7,20408873,20419116,-,importin alpha isoform
3.200659171708986e-25,3.310908146494758,0.17,0.028,7.420408223690114e-21,5,Caacu.v4.10G003830,Chr10,3848171,3850093,-,O-Glycosyl hydrolases family 17 protein
1.0907121458631068e-24,3.352576577168564,0.106,0.011,2.528707038969027e-20,5,Caacu.v4.6G008980,Chr6,7868747,7873345,+,"Beta-D-glucosyl crocetin beta-1,6-glucosyltransferase"
6.664248793499636e-24,2.8059040030818547,0.165,0.028,1.5450394402849554e-19,5,Caacu.v4.2G021780,Chr2,27078049,27080576,-,tubulin beta
6.846589148111606e-24,3.1920567686305756,0.096,0.009,1.5873132280981947e-19,5,Caacu.v4.1G037710,Chr1,39408465,39411169,+,Calcium-binding EF-hand family protein
6.912166706804479e-24,4.00519354337112,0.08,0.006,1.6025167293055504e-19,5,Caacu.v4.8G015510,Chr8,16660235,16663956,+,tubby like protein
1.551111122142872e-23,4.371544472436883,0.064,0.004,3.596096025576035e-19,5,Caacu.v4.10G000230,Chr10,287166,289589,+,Leucine-rich repeat (LRR) family protein
1.6104909135966228e-23,3.669253376293519,0.085,0.007,3.73376213408241e-19,5,Caacu.v4.15G010080,Chr15,14325282,14328583,+,conserved hypothetical protein
1.835407842213915e-23,1.3422689121182465,0.665,0.358,4.255209541388741e-19,5,Caacu.v4.21G000870,Chr21,850909,852629,-,plasma membrane intrinsic protein
2.6295958691747865e-23,4.263881234848706,0.053,0.002,6.096455063094825e-19,5,Caacu.v4.10G009020,Chr10,12069987,12070869,+,targeting protein for XKLP2
4.1765150292454046e-23,5.386912278720526,0.043,0.001,9.682832443802546e-19,5,Caacu.v4.13G000230,Chr13,227578,230746,+,CYCLIN B2;4
4.767830477136167e-23,3.6441177849890245,0.08,0.006,1.105373817819249e-18,5,Caacu.v4.10G000460,Chr10,563186,570457,-,Zinc-finger domain of monoamine-oxidase A repressor R1
5.0495613041031423e-23,3.041493688671031,0.165,0.029,1.1706902927432726e-18,5,Caacu.v4.2G009300,Chr2,7580071,7584123,+,tubulin beta
6.641098895392959e-23,3.050712446009937,0.154,0.026,1.5396723679079036e-18,5,Caacu.v4.7G014420,Chr7,19152926,19155707,+,conserved hypothetical protein
1.9539885083414156e-22,3.84202606359047,0.08,0.007,4.530126957738738e-18,5,Caacu.v4.3G012980,Chr3,11198562,11212509,+,conserved hypothetical protein
3.552944699412653e-22,2.537868359835764,0.17,0.032,8.237146991118294e-18,5,Caacu.v4.18G007030,Chr18,5872826,5876528,+,ROP guanine nucleotide exchange factor
1.2488732376224547e-21,4.997432521063361,0.059,0.003,2.895387714103899e-17,5,Caacu.v4.20G000090,Chr20,92204,95366,-,conserved hypothetical protein
1.7084020176370876e-21,5.166332712821615,0.037,0.001,3.960759237689824e-17,5,Caacu.v4.19G009390,Chr19,12316396,12319695,+,Protein phosphatase 2C family protein
1.4858790245615445e-20,4.161886426500035,0.059,0.004,3.444861930543485e-16,5,Caacu.v4.15G004820,Chr15,9549117,9554460,-,P-loop containing nucleoside triphosphate hydrolases superfamily protein
1.9339965901563725e-20,3.5054728253893437,0.101,0.012,4.483777694618534e-16,5,Caacu.v4.5G000510,Chr5,368132,369072,-,Integrase-type DNA-binding superfamily protein
1.24692405101166e-19,4.034452189193001,0.059,0.004,2.8908687198654328e-15,5,Caacu.v4.5G008470,Chr5,6532183,6537175,-,myosin
1.375037100026256e-19,1.7939812259633992,0.335,0.116,3.187886012700872e-15,5,Caacu.v4.1G023220,Chr1,28315450,28322826,+,plasma membrane intrinsic protein 1;4
1.612542448149433e-19,4.050925946629345,0.069,0.006,3.7385184117896455e-15,5,Caacu.v4.5G010760,Chr5,8740892,8745756,+,Xanthine/uracil permease family protein
3.339616070245083e-19,2.102714671120355,0.197,0.046,7.7425658972562e-15,5,Caacu.v4.3G015210,Chr3,13730983,13733366,+,xyloglucan endotransglucosylase/hydrolase
7.566558473161365e-19,2.994700569584654,0.112,0.017,1.7542309164177307e-14,5,Caacu.v4.1G022400,Chr1,27715473,27718957,-,GRAS family transcription factor
8.033715628350648e-19,2.756730154188309,0.133,0.023,1.8625366312768143e-14,5,Caacu.v4.17G008750,Chr17,13212981,13220847,-,P-loop containing nucleoside triphosphate hydrolases superfamily protein
8.053673163023604e-19,3.697609481301768,0.069,0.006,1.8671635861153923e-14,5,Caacu.v4.7G010340,Chr7,15748471,15750760,-,"Excinuclease ABC, C subunit, N-terminal"
2.0723631694900247e-18,2.4917844164326954,0.154,0.031,4.8045667721456734e-14,5,Caacu.v4.10G003430,Chr10,3449611,3453615,+,CCCH-type zinc fingerfamily protein with RNA-binding domain
2.5755432424428138e-18,2.570830530046327,0.117,0.018,5.97113945327942e-14,5,Caacu.v4.14G004550,Chr14,3172363,3186846,-,"tRNA synthetase class II (D, K and N) family protein"
3.355739839441907e-18,2.9506227096599122,0.112,0.017,7.779947243762117e-14,5,Caacu.v4.14G011830,Chr14,12365051,12374883,-,Subtilase family protein
3.513113739722897e-18,3.504770443756139,0.069,0.006,8.144802894173565e-14,5,Caacu.v4.1G006090,Chr1,11126210,11128245,+,Exostosin family protein
5.004947651065054e-18,2.699435291191903,0.149,0.03,1.160347063422922e-13,5,Caacu.v4.16G008790,Chr16,8690581,8698792,+,microtubule-associated proteins 70-2
1.0195819332666026e-17,5.631630341654744,0.032,0.001,2.3637987540852915e-13,5,Caacu.v4.11G001460,Chr11,2082113,2087561,+,Tetratricopeptide repeat (TPR)-like superfamily protein
1.0583021647614168e-17,5.769042330540353,0.037,0.001,2.453567738782869e-13,5,Caacu.v4.11G008980,Chr11,11201035,11203285,+,Protein of unknown function (DUF761)
1.2364093012665169e-17,2.630262406312352,0.133,0.025,2.8664913240562927e-13,5,Caacu.v4.11G011950,Chr11,13463151,13469903,+,topoisomerase II
3.348544332787794e-17,2.540068122881385,0.181,0.044,7.763265181135221e-13,5,Caacu.v4.7G016780,Chr7,20902846,20918418,-,Flavin containing amine oxidoreductase family
5.0485734330443545e-17,3.351783778730362,0.069,0.007,1.1704612647170031e-12,5,Caacu.v4.1G019540,Chr1,25104095,25105016,-,conserved hypothetical protein
5.4974055200351047e-17,3.2863634888542763,0.08,0.009,1.2745184957649387e-12,5,Caacu.v4.15G003580,Chr15,7969903,7979850,-,N-MYC downregulated-like
6.744430290198247e-17,3.4566175429177006,0.096,0.014,1.5636287184795616e-12,5,Caacu.v4.5G002330,Chr5,1657247,1662012,-,ARM repeat superfamily protein
1.2762977773463975e-16,3.124861237429995,0.09,0.012,2.958968766999888e-12,5,Caacu.v4.9G016310,Chr9,18833873,18840281,-,Family of unknown function (DUF566) 
1.3671296213965363e-16,4.2991915849465085,0.059,0.005,3.16955331424573e-12,5,Caacu.v4.2G008580,Chr2,6906550,6914238,-,Protein phosphatase 2C family protein
1.8950175356498057e-16,2.015531961241753,0.261,0.086,4.393408654650509e-12,5,Caacu.v4.20G011460,Chr20,12396048,12402064,-,plasmodesmata callose-binding protein
2.31810767912582e-16,1.2277464832697853,0.574,0.326,5.374300843285301e-12,5,Caacu.v4.14G004470,Chr14,3078922,3082021,+,tubulin alpha-2 chain
3.926530378527933e-16,6.148069213851211,0.027,0.001,9.10326802957916e-12,5,Caacu.v4.6G020090,Chr6,19675197,19678910,+,RHO guanyl-nucleotide exchange factor
3.9863798900152753e-16,5.512149764017494,0.027,0.001,9.242023137011415e-12,5,Caacu.v4.11G014910,Chr11,15928790,15931233,-,hypothetical protein
4.3210456604112544e-16,3.7524017921145,0.069,0.007,1.0017912259097452e-11,5,Caacu.v4.16G007650,Chr16,7308308,7317233,+,P-loop nucleoside triphosphate hydrolases superfamily protein with CH (Calponin Homology) domain
6.465658832947857e-16,3.987168652506795,0.059,0.005,1.4989983438306312e-11,5,Caacu.v4.9G012440,Chr9,16056958,16060517,+,cytomatrix protein-related
1.110724666267332e-15,3.2487761211448367,0.117,0.022,2.5751040662741825e-11,5,Caacu.v4.1G021030,Chr1,26516951,26520763,-,Pectin lyase-like superfamily protein
1.3573467562355177e-15,3.5113067855138453,0.069,0.008,3.1468727196564245e-11,5,Caacu.v4.16G011970,Chr16,12556934,12561278,+,Plant protein of unknown function (DUF827)
1.6115540915271195e-15,3.2322374642896214,0.085,0.012,3.736227005796474e-11,5,Caacu.v4.20G007190,Chr20,6344791,6364243,+,homolog of yeast CDT1 B homolog of yeast CDT1 B
1.9599552941181967e-15,1.3691328986545672,0.489,0.255,4.543960353883627e-11,5,Caacu.v4.5G001700,Chr5,1200461,1204371,-,plasma membrane intrinsic protein 1;4
2.280556816824413e-15,3.2248551557989895,0.074,0.009,5.287242924125719e-11,5,Caacu.v4.16G004020,Chr16,3758746,3760327,+,Glutaredoxin family protein
2.7147199666123367e-15,3.631511663121679,0.059,0.006,6.293806770594041e-11,5,Caacu.v4.16G005770,Chr16,5259451,5262909,-,C2 calcium/lipid-binding plant phosphoribosyltransferase family protein
4.89760448561099e-15,4.109295027505891,0.048,0.004,1.1354606239440518e-10,5,Caacu.v4.14G011840,Chr14,12378723,12387112,-,Subtilase family protein
4.9178066215571735e-15,4.2527752726160255,0.048,0.004,1.1401442871418151e-10,5,Caacu.v4.2G026460,Chr2,30939703,30941492,-,C-8 sterol isomerases
7.21874340072105e-15,3.5040112062096775,0.064,0.007,1.673593470023168e-10,5,Caacu.v4.1G017040,Chr1,23013715,23023273,-,Homeodomain-like protein
7.387706670320047e-15,2.5964617249543602,0.122,0.025,1.7127659144469998e-10,5,Caacu.v4.16G001090,Chr16,1037780,1050374,+,actin-related protein
7.414941205078161e-15,2.991190382257774,0.085,0.012,1.7190799689853209e-10,5,Caacu.v4.15G008120,Chr15,12794563,12797368,-,F-box/RNI-like superfamily protein
8.488323079729117e-15,4.003059273172907,0.016,0,1.9679328228043984e-10,5,Caacu.v4.18G002230,Chr18,2121513,2122154,-,Late embryogenesis abundant (LEA) hydroxyproline-rich glycoprotein family
9.514119153964466e-15,2.25570796492856,0.149,0.035,2.205753384655122e-10,5,Caacu.v4.7G003160,Chr7,8137865,8154670,+,P-loop containing nucleoside triphosphate hydrolases superfamily protein
1.0129297538462048e-14,3.2302605338467734,0.053,0.005,2.348376341317041e-10,5,Caacu.v4.11G014700,Chr11,15796481,15797531,+,hypothetical protein
2.3315085026769572e-14,2.2373589474465705,0.112,0.021,5.405369312606258e-10,5,Caacu.v4.2G002060,Chr2,1477804,1485429,+,P-loop nucleoside triphosphate hydrolases superfamily protein with CH (Calponin Homology) domain
2.8377242532997145e-14,3.697074933869617,0.048,0.004,6.578979908850058e-10,5,Caacu.v4.1G021870,Chr1,27276916,27284896,+,Cell cycle regulated microtubule associated protein
4.2493790802418896e-14,1.9640133397197403,0.037,0.009,9.851760459632797e-10,5,Caacu.v4.2G001050,Chr2,793199,799587,+,conserved hypothetical protein
5.650511466743606e-14,2.9265332002581976,0.085,0.013,1.3100145784498375e-9,5,Caacu.v4.8G005490,Chr8,7121686,7130588,-,Plant protein of unknown function (DUF936)
6.467761671196158e-14,3.193722196511473,0.064,0.007,1.4994858658501171e-9,5,Caacu.v4.6G006580,Chr6,5853483,5856075,-,Chloroplast-targeted copper chaperone protein
1.1753306970520661e-13,1.9564614014382042,0.202,0.063,2.72488668804551e-9,5,Caacu.v4.12G011220,Chr12,16363967,16366686,-,tubulin beta
1.4295932444759263e-13,3.5823719331277353,0.053,0.005,3.3143689779929877e-9,5,Caacu.v4.1G010700,Chr1,17157449,17159721,-,IQ-domain
1.6096058995130558e-13,3.2328063900662545,0.064,0.008,3.731710317431069e-9,5,Caacu.v4.9G009780,Chr9,14018068,14019723,-,myb domain protein
4.564518306802086e-13,2.493338553812241,0.074,0.012,1.0582379242489955e-8,5,Caacu.v4.5G005370,Chr5,4153461,4163171,+,conserved hypothetical protein
5.000165678640661e-13,1.705812192251203,0.245,0.088,1.1592384109360509e-8,5,Caacu.v4.10G010630,Chr10,13716543,13719757,-,xyloglucan endotransglucosylase/hydrolase
1.8344860812907178e-12,1.995339538583143,0.144,0.037,4.2530725308644e-8,5,Caacu.v4.2G002850,Chr2,2077927,2081805,+,Kinase interacting (KIP1-like) family protein
2.8297936612943284e-12,2.4991979492179937,0.08,0.013,6.560593624344772e-8,5,Caacu.v4.9G006150,Chr9,10628328,10634628,+,ribonucleotide reductase
2.9934694885565345e-12,2.5036268894268514,0.101,0.021,6.94005966226947e-8,5,Caacu.v4.12G003880,Chr12,3910415,3917529,-,Protein kinase superfamily protein
4.440156856211769e-12,3.5055390047669186,0.037,0.003,1.0294059655441365e-7,5,Caacu.v4.12G009860,Chr12,15235620,15261114,+,Phosphoinositide phosphatase family protein
4.6864556922213815e-12,3.307690656367758,0.037,0.003,1.0865078876846051e-7,5,Caacu.v4.11G005400,Chr11,6906227,6908219,-,Transducin/WD40 repeat-like superfamily protein
4.741749603166127e-12,2.732324100718764,0.09,0.017,1.099327227998035e-7,5,Caacu.v4.3G010560,Chr3,8807967,8814564,-,kinesin
5.9003555227190256e-12,2.4539431132633815,0.106,0.023,1.367938424387179e-7,5,Caacu.v4.13G001830,Chr13,1365769,1384543,+,O-Glycosyl hydrolases family 17 protein
8.023810480006076e-12,2.9252551259470834,0.048,0.005,1.8602402216846088e-7,5,Caacu.v4.7G012680,Chr7,17754385,17756785,-,Protein JASON
8.202020316103931e-12,3.698651360826861,0.043,0.004,1.9015563900855354e-7,5,Caacu.v4.4G007840,Chr4,12045420,12051017,-,basic helix-loop-helix (bHLH) DNA-binding superfamily protein
2.9476774438229946e-11,3.8209583576878514,0.043,0.004,6.833895385759231e-7,5,Caacu.v4.4G003510,Chr4,5700742,5705972,-,SAP domain-containing protein
2.9953009396846053e-11,3.5163007485687885,0.053,0.007,6.944305698564789e-7,5,Caacu.v4.1G030880,Chr1,34328038,34330174,-,conserved hypothetical protein
3.1465908448116985e-11,3.67037471188417,0.043,0.004,7.295056214611442e-7,5,Caacu.v4.19G003210,Chr19,6987822,6990048,+,EF hand calcium-binding protein family
3.3702286222400205e-11,2.800812026810502,0.059,0.008,7.813538037801263e-7,5,Caacu.v4.6G017430,Chr6,17278108,17285214,-,DERLIN-1
5.0115804665234435e-11,4.019149343612827,0.032,0.002,1.1618848153587952e-6,5,Caacu.v4.1G003320,Chr1,7249050,7252070,+,phosphoinositide 4-kinase gamma
5.121832961581217e-11,3.640064202123105,0.032,0.002,1.1874457538129893e-6,5,Caacu.v4.13G007690,Chr13,6546879,6552345,-,hypothetical protein
6.136495580761163e-11,2.141656879044761,0.133,0.036,1.4226851354436682e-6,5,Caacu.v4.17G001280,Chr17,2005456,2031681,-,chromomethylase
6.262424819032234e-11,3.328540447030921,0.059,0.008,1.451880570044433e-6,5,Caacu.v4.5G014470,Chr5,18323011,18328830,-,BUB1-related (BUB1: budding uninhibited by benzymidazol 1)
1.1459427126322693e-10,1.8841621166540743,0.027,0.002,2.6567535849666534e-6,5,Caacu.v4.18G002260,Chr18,2131790,2132431,-,Late embryogenesis abundant (LEA) hydroxyproline-rich glycoprotein family
1.561909373382057e-10,2.890567480780684,0.069,0.012,3.6211306912489608e-6,5,Caacu.v4.4G014740,Chr4,17825973,17830668,-,O-Glycosyl hydrolases family 17 protein
1.6561580450146044e-10,2.2446985605562633,0.096,0.021,3.839636811561858e-6,5,Caacu.v4.2G017610,Chr2,23624718,23635821,-,P-loop containing nucleoside triphosphate hydrolases superfamily protein
1.67057345910696e-10,4.255043792930166,0.016,0.001,3.8730575075935765e-6,5,Caacu.v4.1G024360,Chr1,29141277,29145289,+,Preprotein translocase SecA family protein
1.695687615579983e-10,3.29858810859796,0.053,0.007,3.931282167960633e-6,5,Caacu.v4.18G003810,Chr18,3254802,3263315,-,Cell cycle regulated microtubule associated protein
2.980700398070734e-10,4.402739480793124,0.032,0.002,6.9104558028871905e-6,5,Caacu.v4.6G020080,Chr6,19672579,19673723,-,hypothetical protein
3.029252729858771e-10,3.9896571783119175,0.032,0.002,7.0230195289045745e-6,5,Caacu.v4.4G021050,Chr4,22433473,22434756,+,Galactose oxidase/kelch repeat superfamily protein
4.466874426124857e-10,3.5266514552172112,0.037,0.004,1.0356001669527869e-5,5,Caacu.v4.1G037210,Chr1,39040235,39042187,-,RAB GTPase homolog A5D
6.242073022526969e-10,2.555341717484093,0.059,0.009,1.4471622095426524e-5,5,Caacu.v4.7G007410,Chr7,13506632,13526614,-,Glycosyl hydrolase family protein
6.459613053922269e-10,1.9824189483464303,0.138,0.041,1.4975966904213388e-5,5,Caacu.v4.9G012890,Chr9,16434556,16436579,-,sterol methyltransferase
7.087304466963405e-10,2.2794526779445716,0.096,0.023,1.643120667620796e-5,5,Caacu.v4.2G028070,Chr2,32174474,32181042,-,P-loop containing nucleoside triphosphate hydrolases superfamily protein
8.696070518876258e-10,2.394926151748587,0.085,0.018,2.0160969890962716e-5,5,Caacu.v4.6G003450,Chr6,3277687,3280697,+,hypothetical protein
1.5126405824116018e-9,1.9378040761203852,0.154,0.052,3.5069059262630575e-5,5,Caacu.v4.1G005990,Chr1,10963332,10968427,-,Cupredoxin superfamily protein
1.6438551837651512e-9,3.134838259024668,0.032,0.003,3.811113858041127e-5,5,Caacu.v4.3G008920,Chr3,7587882,7590816,-,Concanavalin A-like lectin protein kinase family protein
1.6633440126288723e-9,2.8338680605686934,0.032,0.004,3.856296758878777e-5,5,Caacu.v4.11G001420,Chr11,2052393,2053647,+,double-stranded RNA binding protein-related / DsRBD protein-related
2.556727055901777e-9,3.3331936242439424,0.043,0.005,5.9275160064026795e-5,5,Caacu.v4.1G024910,Chr1,29580948,29584205,-,phosphoinositide 4-kinase gamma
2.6255758783455778e-9,1.3528620368487334,0.346,0.186,6.087135116356387e-5,5,Caacu.v4.4G012850,Chr4,16312436,16314891,+,plasma membrane intrinsic protein
2.7459662254578956e-9,2.4583011854147125,0.021,0.003,6.366248097101585e-5,5,Caacu.v4.1G023930,Chr1,28869264,28880059,+,Preprotein translocase SecA family protein
2.8055188153058664e-9,2.1876969093556937,0.074,0.015,6.50431482140512e-5,5,Caacu.v4.11G008790,Chr11,11058810,11060180,-,conserved hypothetical protein
2.919388432114286e-9,2.0214401572759675,0.122,0.036,6.768310141013761e-5,5,Caacu.v4.8G008790,Chr8,10338869,10347490,-,ATP binding microtubule motor family protein
3.710266353479203e-9,4.168883610275686,0.027,0.002,8.601881513906184e-5,5,Caacu.v4.1G010970,Chr1,17415793,17419687,-,chromomethylase
3.901661633383818e-9,2.6123068924289248,0.09,0.022,9.045612330837043e-5,5,Caacu.v4.1G005780,Chr1,10557118,10562543,-,Leucine-rich repeat protein kinase family protein
3.953674536968073e-9,3.376612003100938,0.027,0.002,9.166199046506781e-5,5,Caacu.v4.13G000750,Chr13,596060,596701,-,hypothetical protein
4.351128387992948e-9,2.5191507182386186,0.08,0.018,1.0087656054722851e-4,5,Caacu.v4.11G006720,Chr11,8890351,8896215,+,SecY protein transport family protein
4.938474125443622e-9,3.3232758261532744,0.037,0.004,1.1449358412428494e-4,5,Caacu.v4.14G014330,Chr14,15796324,15803461,+,RING/U-box superfamily protein
5.081044712858274e-9,2.3000447508792274,0.09,0.022,1.1779894062290622e-4,5,Caacu.v4.1G033270,Chr1,36057292,36064918,+,TESMIN/TSO1-like CXC
5.395791986695106e-9,2.9337838363610227,0.048,0.007,1.2509604141953934e-4,5,Caacu.v4.5G004100,Chr5,3131531,3134140,-,ferredoxin-related
6.27607685520904e-9,2.6910532560490914,0.059,0.01,1.455045658111664e-4,5,Caacu.v4.1G036370,Chr1,38375309,38379077,+,DUF4378 domain containing protein
6.309109212991087e-9,2.671176456618506,0.059,0.01,1.4627038799398538e-4,5,Caacu.v4.1G037320,Chr1,39147690,39157167,-,Hydroxyproline-rich glycoprotein family protein
6.413582625000603e-9,3.855618092713251,0.032,0.003,1.4869249957801399e-4,5,Caacu.v4.19G007060,Chr19,10551706,10553894,+,SET domain protein
7.994041413044873e-9,2.0802098926320034,0.08,0.018,1.8533385612003235e-4,5,Caacu.v4.2G030630,Chr2,34412677,34416845,+,glutathione peroxidase
8.539755556651127e-9,1.8900197731763853,0.138,0.045,1.9798569282539975e-4,5,Caacu.v4.10G013450,Chr10,16326248,16327929,+,ROP interactive partner
1.2027979913217981e-8,2.582309609913131,0.053,0.009,2.788566863080457e-4,5,Caacu.v4.18G008170,Chr18,6938464,6939880,+,Domain of unknown function (DUF966)
1.2234747263156097e-8,7.235500019977996,0.016,0,2.8365038054901096e-4,5,Caacu.v4.4G020160,Chr4,21805108,21814352,+,chromatin-remodeling protein
1.2940345329100311e-8,2.221762027093153,0.074,0.016,3.000089661098616e-4,5,Caacu.v4.1G010160,Chr1,16667046,16671055,-,ataurora1
1.3881789167828538e-8,2.2569482185218304,0.133,0.044,3.218354000669368e-4,5,Caacu.v4.21G011490,Chr21,12434522,12437793,+,conserved hypothetical protein
1.4193470778522847e-8,2.9437971547422155,0.037,0.004,3.2906142652927366e-4,5,Caacu.v4.4G012270,Chr4,15863963,15868505,+,Leucine-rich receptor-like protein kinase family protein
1.480434345748907e-8,2.7196159047138844,0.074,0.017,3.4322389871842664e-4,5,Caacu.v4.1G038650,Chr1,40137509,40149806,+,"Castor and Pollux, part of voltage-gated ion channel domain containing protein"
2.330476019896283e-8,1.85716201948034,0.069,0.015,5.402975604527542e-4,5,Caacu.v4.11G013430,Chr11,14694167,14700320,+,Fatty acid hydroxylase superfamily
2.3523486183930277e-8,3.3628665532399538,0.032,0.003,5.453685036882395e-4,5,Caacu.v4.14G003980,Chr14,2711830,2715835,+,conserved hypothetical protein
2.960291775250339e-8,1.9418687919466406,0.101,0.028,6.863140451740386e-4,5,Caacu.v4.19G002440,Chr19,6113790,6117552,-,xyloglucan endotransglucosylase/hydrolase
3.155328757480496e-8,2.4350013304181326,0.069,0.015,7.315314191342783e-4,5,Caacu.v4.11G013490,Chr11,14738841,14744105,+,Cupredoxin superfamily protein
3.669639752504362e-8,2.124241124896381,0.064,0.013,8.507692802206113e-4,5,Caacu.v4.21G005300,Chr21,7361660,7365221,-,Protein of unknown function (DUF1218)
4.061852525545521e-8,4.851582134561853,0.021,0.001,9.416998895224735e-4,5,Caacu.v4.1G018410,Chr1,24162174,24170970,-,cellulose synthase
4.1179412463156954e-8,4.081586150232687,0.021,0.001,9.547034985458308e-4,5,Caacu.v4.2G003330,Chr2,2454124,2465731,-,ERD (early-responsive to dehydration stress) family protein
4.17740287557316e-8,2.6773917591947347,0.048,0.008,9.684890826728815e-4,5,Caacu.v4.13G001980,Chr13,1490463,1493797,+,DNA glycosylase superfamily protein
4.3165834726814366e-8,2.513365906208254,0.048,0.008,0.0010007567123064642,5,Caacu.v4.16G013210,Chr16,15004741,15009758,+,cyclin-dependent kinase B1;2
4.7426836350081694e-8,2.5690367131098637,0.064,0.013,0.001099543773940294,5,Caacu.v4.14G004700,Chr14,3283568,3289099,+,conserved hypothetical protein
6.627696427354243e-8,2.5354661289760774,0.053,0.01,0.0015365651397178076,5,Caacu.v4.20G002850,Chr20,2043150,2053406,+,Zinc finger (C3HC4-type RING finger) family protein
7.312730256633743e-8,3.9580052084205617,0.032,0.004,0.0016953833826979668,5,Caacu.v4.20G008670,Chr20,8919213,8923434,+,golgin candidate
7.335393003329875e-8,3.1787309223533295,0.032,0.004,0.0017006375138919983,5,Caacu.v4.19G010510,Chr19,13140939,13144451,+,conserved hypothetical protein
7.403787734566395e-8,3.075656498929699,0.032,0.004,0.001716494148381873,5,Caacu.v4.18G012550,Chr18,12563098,12566863,+,conserved hypothetical protein
7.827312779915569e-8,2.339055733430305,0.032,0.004,0.0018146841948956257,5,Caacu.v4.4G000950,Chr4,2097418,2098344,-,conserved hypothetical protein
8.582328990145241e-8,2.715180527343564,0.037,0.005,0.0019897271530752727,5,Caacu.v4.6G006570,Chr6,5846874,5850921,+,DUF4378 domain containing protein
8.68706235225959e-8,1.6763202925203222,0.069,0.015,0.0020140085357478635,5,Caacu.v4.16G012280,Chr16,13037064,13042646,-,"Aminotransferase-like, plant mobile domain family protein"
8.989764996684818e-8,2.1885064787004054,0.08,0.02,0.002084187116831408,5,Caacu.v4.3G013780,Chr3,11992159,11997922,+,Immunoglobulin E-set superfamily protein
9.02717822203398e-8,1.1812617534763281,0.202,0.086,0.002092860998996358,5,Caacu.v4.5G007530,Chr5,5787278,5791485,+,polyubiquitin
9.491720285206146e-8,3.7581216976897065,0.027,0.002,0.0022005604309221927,5,Caacu.v4.20G000810,Chr20,599647,600727,-,Thionin-like protein
1.0013814597776592e-7,3.0415605567991992,0.027,0.002,0.0023216027763485253,5,Caacu.v4.5G005390,Chr5,4158967,4159518,-,hypothetical protein
1.204245797937344e-7,1.1646687350654588,0.207,0.09,0.0027919234579379384,5,Caacu.v4.5G002660,Chr5,1942238,1950127,+,ataurora3
1.2794447237533763e-7,2.997900640596744,0.08,0.021,0.0029662646475498277,5,Caacu.v4.8G002560,Chr8,3302582,3306795,-,"Protein of unknown function, DUF593"
1.3394931455452084e-7,2.945055819688317,0.021,0.002,0.003105480908632011,5,Caacu.v4.1G024000,Chr1,28914335,28929703,+,Preprotein translocase SecA family protein
1.7805793083829858e-7,3.6025443878450063,0.037,0.005,0.004128095068555115,5,Caacu.v4.1G025670,Chr1,30229124,30234400,-,conserved hypothetical protein
2.0052624678495914e-7,3.200894881108347,0.032,0.004,0.0046490005054624925,5,Caacu.v4.11G008810,Chr11,11067531,11075463,+,STRUBBELIG-receptor family
2.5425394287983927e-7,3.0015060733032266,0.053,0.01,0.005894623411726194,5,Caacu.v4.21G010680,Chr21,11833800,11838624,-,TPX2 (targeting protein for Xklp2) protein family
2.8949975575732464e-7,3.2919355455595194,0.016,0.002,0.006711762337477814,5,Caacu.v4.2G002970,Chr2,2160201,2169025,+,Nuclear pore localisation protein NPL4
3.23362799593427e-7,5.291512086264998,0.016,0.001,0.007496843145774011,5,Caacu.v4.1G011000,Chr1,17452063,17454839,-,SLOW GROWTH
3.250592254271352e-7,6.3248212941621915,0.011,0,0.007536173082302702,5,Caacu.v4.1G016100,Chr1,22121025,22125747,+,Endomembrane protein 70 protein family
3.2676505065003045e-7,4.6526712696419015,0.016,0.001,0.007575720934270305,5,Caacu.v4.4G021760,Chr4,22884977,22888150,+,hypothetical protein
3.2676505065003045e-7,4.569245754635482,0.016,0.001,0.007575720934270305,5,Caacu.v4.7G006170,Chr7,12130158,12132559,-,nitrate transporter 2.4
3.319333052533532e-7,3.7681343343421125,0.016,0.001,0.007695541748993741,5,Caacu.v4.14G000250,Chr14,189246,191856,+,Tetratricopeptide repeat (TPR)-like superfamily protein
3.3208332214072544e-7,4.522170828491125,0.027,0.003,0.007699019740510579,5,Caacu.v4.17G008330,Chr17,12850878,12856119,+,Exonuclease V - a 5' deoxyribonuclease domain containing protein
3.536229339250827e-7,3.110128051469506,0.027,0.003,0.008198394100119117,5,Caacu.v4.20G004730,Chr20,3541189,3546967,+,P-loop containing nucleoside triphosphate hydrolases superfamily protein
4.103081467394653e-7,2.3558130177751333,0.048,0.009,0.009512584074007763,5,Caacu.v4.11G009820,Chr11,11861037,11870234,+,kinesin
5.018247385735482e-301,6.8515603175557045,0.5,0.007,1.1634304739089142e-296,6,Caacu.v4.11G005660,Chr11,7603704,7605881,+,annexin
3.8683891593608905e-219,7.318545811392762,0.65,0.013,8.968473427062289e-215,6,Caacu.v4.8G002090,Chr8,2638898,2639621,+,EG45-like domain containing protein
3.8683891593608905e-219,7.318545811392762,0.65,0.013,8.968473427062289e-215,6,Caacu.v4.8G002100,Chr8,2684621,2685344,+,EG45-like domain containing protein
3.8683891593608905e-219,7.318545811392762,0.65,0.013,8.968473427062289e-215,6,Caacu.v4.8G002110,Chr8,2730203,2730924,+,EG45-like domain containing protein
6.514676784522418e-213,5.564406521988339,0.469,0.028,1.5103626657236773e-208,6,Caacu.v4.8G002080,Chr8,2607491,2608236,+,EG45-like domain containing protein
1.4730835203429469e-204,5.830832738538897,0.481,0.018,3.415196833563088e-200,6,Caacu.v4.16G007870,Chr16,7599612,7605623,+,alpha carbonic anhydrase
2.007045921304128e-195,6.688454421023703,0.406,0.011,4.653135263951491e-191,6,Caacu.v4.6G000990,Chr6,1011608,1025445,+,phosphoenolpyruvate carboxykinase
1.9947381132922485e-187,8.493522326973384,0.238,0,4.624600841856749e-183,6,Caacu.v4.4G015590,Chr4,18490595,18493681,+,Regulator of Vps4 activity in the MVB pathway protein
3.3104036092230887e-180,6.226839082649544,0.344,0.008,7.67483972762281e-176,6,Caacu.v4.8G002050,Chr8,2551332,2552388,+,plant natriuretic peptide A
4.456064040695899e-169,8.261954606202785,0.238,0.001,1.0330938871949372e-164,6,Caacu.v4.16G006790,Chr16,6294834,6298672,-,"cytochrome P450, family 712, subfamily A, polypeptide"
4.5482209137562283e-153,6.373763152718258,0.469,0.022,1.0544595366452439e-148,6,Caacu.v4.12G009720,Chr12,15138095,15140120,-,basic chitinase
3.943719825141952e-145,0.1568361571783713,0.019,0.011,9.143120042609103e-141,6,Caacu.v4.12G009710,Chr12,15131999,15134125,-,basic chitinase
4.715762665713488e-142,5.09450431263047,0.369,0.016,1.0933024164190152e-137,6,Caacu.v4.8G007510,Chr8,8948119,8950102,+,Glycosyl hydrolase family protein with chitinase insertion domain
2.3612799211743634e-138,5.320798145942005,0.656,0.059,5.474391369250644e-134,6,Caacu.v4.8G002120,Chr8,2744747,2745467,+,EG45-like domain containing protein
8.94721208028015e-123,5.161058518659604,0.35,0.018,2.07432164869215e-118,6,Caacu.v4.15G010020,Chr15,14297790,14298583,+,basic pathogenesis-related protein
4.3951772691853596e-120,5.846378046825232,0.231,0.005,1.0189778980879339e-115,6,Caacu.v4.16G007970,Chr16,7735373,7737134,+,"beta-1,3-glucanase"
9.705994131947578e-111,7.224213828856213,0.169,0.002,2.2502376795507264e-106,6,Caacu.v4.18G011310,Chr18,11441913,11445377,+,Lipase class 3-related protein
8.612230153602926e-109,5.5021989618731615,0.887,0.216,1.9966594388113023e-104,6,Caacu.v4.8G002060,Chr8,2560040,2567158,+,plant natriuretic peptide A
4.182445766491666e-107,8.44595636145981,0.138,0.001,9.696582265034278e-103,6,Caacu.v4.12G008530,Chr12,13844604,13845410,-,pumilio
8.571567642548237e-107,6.171553272408739,0.019,0.001,1.987232242248383e-102,6,Caacu.v4.15G010010,Chr15,14294115,14294838,+,basic pathogenesis-related protein
3.5574194096214537e-106,6.258183256082245,0.188,0.003,8.247521159266379e-102,6,Caacu.v4.15G001180,Chr15,1913114,1914671,+,pathogenesis-related
5.5977154899664734e-95,8.030294541716367,0.144,0.001,1.2977743591938271e-90,6,Caacu.v4.2G015360,Chr2,21099612,21106303,-,bZIP transcription factor family protein
3.9056252712835823e-94,4.689250499985627,0.225,0.008,9.054801628943857e-90,6,Caacu.v4.3G001890,Chr3,1664780,1666244,+,Barwin-related endoglucanase
2.2589640732966192e-92,4.24337823209204,0.294,0.018,5.237182307530882e-88,6,Caacu.v4.16G003060,Chr16,3045979,3054459,+,glycosyltransferase family protein
6.297880092788483e-92,6.495730577880012,0.181,0.004,1.4601005207120819e-87,6,Caacu.v4.18G002020,Chr18,1992222,1993735,+,chitinase A
2.851781424149411e-91,4.525520309382897,0.531,0.098,6.611570053747994e-87,6,Caacu.v4.8G002070,Chr8,2581996,2586271,+,EG45-like domain containing protein
4.473734509770901e-91,5.854659562152756,0.206,0.007,1.0371906087452856e-86,6,Caacu.v4.8G010000,Chr8,11730625,11736796,-,Calcium-dependent phosphotriesterase superfamily protein
9.125421665358103e-82,10.473960460562958,0.019,0,2.1156377588966227e-77,6,Caacu.v4.16G006800,Chr16,6306295,6310109,-,"cytochrome P450, family 712, subfamily A, polypeptide"
2.222271897216574e-80,6.337957051420441,0.138,0.002,5.152115166506905e-76,6,Caacu.v4.3G003790,Chr3,3251112,3253065,-,blue-copper-binding protein
8.512172872017716e-79,5.77487836286379,0.162,0.004,1.973462158648587e-74,6,Caacu.v4.5G007860,Chr5,6055610,6058774,+,Sulfite exporter TauE/SafE family protein
1.2787062382089113e-75,5.9851668133390445,0.031,0.001,2.96455254266354e-71,6,Caacu.v4.8G009980,Chr8,11695930,11697837,-,Calcium-dependent phosphotriesterase superfamily protein
4.483337902572091e-75,5.796651244583703,0.206,0.01,1.0394170593323135e-70,6,Caacu.v4.14G009340,Chr14,7704158,7706626,-,Ferritin-like domain containing protein
7.089555129387213e-73,5.9347624754366315,0.131,0.002,1.6436424611971315e-68,6,Caacu.v4.8G008060,Chr8,9439545,9444349,+,homeodomain GLABROUS
1.3766358648398818e-72,6.138046509081269,0.156,0.005,3.1915925890447818e-68,6,Caacu.v4.6G004540,Chr6,4183476,4184713,-,Receptor-like protein kinase-related family protein
2.0031578411901287e-71,4.844912368902441,0.212,0.011,4.644121139015194e-67,6,Caacu.v4.1G022560,Chr1,27858668,27859345,+,osmotin
1.0081002262053795e-70,6.429813649531278,0.112,0.001,2.3371795644345518e-66,6,Caacu.v4.17G003690,Chr17,7627635,7632850,-,MATE efflux family protein
3.389923152316077e-64,5.349535803092705,0.156,0.006,7.859197836329593e-60,6,Caacu.v4.4G020890,Chr4,22333188,22337933,+,beta glucosidase
4.096926859402633e-64,4.775986726151949,0.075,0.003,9.498315230839064e-60,6,Caacu.v4.1G027190,Chr1,31353610,31370676,+,lysophosphatidyl acyltransferase
6.50133702294686e-64,5.697797807576844,0.119,0.002,1.5072699754e-59,6,Caacu.v4.6G005680,Chr6,5149608,5157427,-,glutamate decarboxylase
2.6196933412524476e-63,7.026301474884442,0.094,0.001,6.073497042359674e-59,6,Caacu.v4.7G003680,Chr7,8905604,8909447,+,Aluminium activated malate transporter family protein
2.5815104086954732e-61,6.887294245252845,0.1,0.001,5.984973731519586e-57,6,Caacu.v4.1G000460,Chr1,1139820,1141647,+,alternative oxidase 1B
1.2891730593799812e-56,7.174568042638864,0.094,0.001,2.9888188208665485e-52,6,Caacu.v4.9G006100,Chr9,10578758,10583243,-,Protein kinase family protein with leucine-rich repeat domain
1.8282364455650957e-55,4.690468715857446,0.125,0.004,4.2385833753981177e-51,6,Caacu.v4.11G014440,Chr11,15570811,15572253,-,Copper transport protein family
3.569012905173173e-55,4.995535689257041,0.119,0.004,8.274399519353485e-51,6,Caacu.v4.11G006550,Chr11,8697229,8702927,+,GDSL-like Lipase/Acylhydrolase superfamily protein
4.891870266827405e-55,5.598056632176755,0.106,0.002,1.1341312026612657e-50,6,Caacu.v4.8G009930,Chr8,11660862,11665507,-,strictosidine synthase
5.05807884425329e-53,5.3327102410615606,0.112,0.003,1.1726649992516828e-48,6,Caacu.v4.15G009180,Chr15,13685358,13688032,+,2-oxoglutarate (2OG) and Fe(II)-dependent oxygenase superfamily protein
5.465223593755788e-53,5.311012756590241,0.112,0.003,1.267057437976342e-48,6,Caacu.v4.1G004700,Chr1,9077718,9085076,+,Remorin family protein
1.6628101599865887e-52,7.504336786057764,0.075,0.001,3.8550590749129075e-48,6,Caacu.v4.8G006160,Chr8,7764331,7765963,+,early nodulin-like protein
5.9414214881212445e-52,6.969339549280163,0.088,0.001,1.3774591578060293e-47,6,Caacu.v4.14G012870,Chr14,14059382,14061793,-,conserved hypothetical protein
1.4641366354848632e-51,3.8749823259736966,0.206,0.017,3.394454375708107e-47,6,Caacu.v4.16G002730,Chr16,2654311,2659589,+,ACT-like superfamily protein
1.4641984612785994e-51,3.776969232972858,0.212,0.018,3.394597712628305e-47,6,Caacu.v4.20G003270,Chr20,2407500,2409176,-,HVA22 homologue E
4.645204708867459e-51,5.175285599297589,0.088,0.003,1.0769442597038318e-46,6,Caacu.v4.16G007890,Chr16,7611067,7621828,-,alpha carbonic anhydrase
2.983418935594762e-49,4.8224939969139236,0.15,0.008,6.916758460282896e-45,6,Caacu.v4.12G002970,Chr12,2763157,2766701,-,Major facilitator superfamily protein
1.4078463503105994e-48,5.539587010810349,0.069,0.002,3.2639509785600937e-44,6,Caacu.v4.13G002050,Chr13,1538696,1540350,-,thaumatin-like protein
7.320340295650851e-47,9.244104006709284,0.062,0,1.6971476941436935e-42,6,Caacu.v4.16G001510,Chr16,1371004,1374714,-,C2H2-type zinc finger family protein
1.2106816760788167e-45,4.002237485067524,0.262,0.033,2.8068443978211285e-41,6,Caacu.v4.13G002060,Chr13,1543123,1544512,-,thaumatin-like protein
1.3327435841766076e-44,5.949764985983005,0.081,0.002,3.0898327255550472e-40,6,Caacu.v4.10G013280,Chr10,16189414,16194921,+,glutathione S-transferase TAU
2.4737963914147134e-44,5.927955392816383,0.088,0.002,5.735249553855871e-40,6,Caacu.v4.21G005630,Chr21,7636424,7640292,+,Adenine nucleotide alpha hydrolases-like superfamily protein
2.6622637520794246e-44,4.145617394704565,0.188,0.017,6.172192282820938e-40,6,Caacu.v4.8G001380,Chr8,1687199,1698088,-,vernalization5/VIN3-like
5.235536437187695e-44,6.621201859341287,0.069,0.001,1.2138067675975953e-39,6,Caacu.v4.11G013350,Chr11,14619457,14627685,+,nitrate transporter 1.5
3.899433321713321e-43,3.1252399365494696,0.075,0.007,9.040446213060164e-39,6,Caacu.v4.12G002990,Chr12,2774176,2777773,-,Major facilitator superfamily protein
9.633944504056909e-43,7.314015512335475,0.062,0.001,2.233533693820554e-38,6,Caacu.v4.8G001870,Chr8,2191416,2195240,-,Glucose-methanol-choline (GMC) oxidoreductase family protein
1.0733120415101652e-42,6.546374710905878,0.069,0.001,2.488366637037167e-38,6,Caacu.v4.3G003800,Chr3,3253929,3255676,-,blue-copper-binding protein
1.877774111518068e-42,5.029038841768447,0.094,0.003,4.353431500143489e-38,6,Caacu.v4.20G004610,Chr20,3474820,3478532,-,MATE efflux family protein
3.7332140862344615e-42,5.418995967602492,0.031,0.001,8.655083537525975e-38,6,Caacu.v4.8G010020,Chr8,11747954,11752786,-,strictosidine synthase
6.776575594018988e-42,9.081012022960099,0.056,0,1.5710812857173621e-37,6,Caacu.v4.3G007960,Chr3,6757304,6760799,+,NAC domain containing protein
3.545994422205438e-41,3.7583998224112785,0.175,0.016,8.221033468441088e-37,6,Caacu.v4.1G009950,Chr1,16503855,16505311,+,hypothetical protein
5.151804970660271e-41,3.6476353322094264,0.144,0.01,1.1943944643978772e-36,6,Caacu.v4.9G012710,Chr9,16307298,16312422,-,Subtilisin-like serine endopeptidase family protein
7.901249274836391e-41,4.413893683225574,0.156,0.012,1.831825631878069e-36,6,Caacu.v4.1G027180,Chr1,31319742,31352802,+,origin recognition complex
5.7677773846476e-40,4.721688887670685,0.05,0.002,1.3372015088566996e-35,6,Caacu.v4.15G009170,Chr15,13675211,13678406,+,2-oxoglutarate (2OG) and Fe(II)-dependent oxygenase superfamily protein
3.934050830777965e-38,5.891946260583442,0.069,0.001,9.120703446075634e-34,6,Caacu.v4.6G002200,Chr6,2078323,2082123,-,O-methyltransferase
6.632416152551895e-38,7.485119446427413,0.056,0.001,1.5376593608076313e-33,6,Caacu.v4.11G006040,Chr11,8074808,8077065,-,WRKY DNA-binding protein
2.945845257616095e-36,5.8373416064688834,0.062,0.001,6.829647645257154e-32,6,Caacu.v4.16G002200,Chr16,1963307,1970167,+,Seven transmembrane MLO family protein
8.951192251862416e-36,5.697970639770982,0.069,0.002,2.0752444116717825e-31,6,Caacu.v4.11G014880,Chr11,15913384,15919861,-,CBS domain-containing protein with a domain of unknown function (DUF21)
9.929760343643037e-36,5.463412460821724,0.069,0.002,2.3021156380702015e-31,6,Caacu.v4.10G014760,Chr10,17429043,17434181,-,homeobox protein
6.958030552595204e-35,3.1353277335752563,0.244,0.037,1.613149803313672e-30,6,Caacu.v4.7G004920,Chr7,10554492,10572167,+,homolog of histone chaperone HIRA
7.609799951350561e-34,5.019714920165409,0.081,0.005,1.764256020721114e-29,6,Caacu.v4.15G009150,Chr15,13657127,13661080,+,2-oxoglutarate (2OG) and Fe(II)-dependent oxygenase superfamily protein
4.7436252875742154e-33,6.230494681527524,0.05,0.001,1.0997620866712062e-28,6,Caacu.v4.1G019500,Chr1,25038556,25050082,-,RING/FYVE/PHD zinc finger superfamily protein
9.445719657054906e-32,3.2487649885839627,0.244,0.041,2.1898956452916093e-27,6,Caacu.v4.5G002030,Chr5,1438475,1443194,+,Remorin family protein
9.997354435373522e-32,5.691883722319895,0.056,0.001,2.3177866522969974e-27,6,Caacu.v4.16G001690,Chr16,1504256,1507945,-,alpha/beta-Hydrolases superfamily protein
1.0149094895587156e-31,11.234315557525198,0.019,0,2.3529661605929263e-27,6,Caacu.v4.16G003030,Chr16,3001542,3003363,+,glycosyltransferase family protein
1.0149159202721501e-31,11.825056701294033,0.038,0,2.3529810695589527e-27,6,Caacu.v4.13G001200,Chr13,913961,915915,+,hypothetical protein
1.0952135235867507e-31,5.201041629700535,0.069,0.002,2.539143033083523e-27,6,Caacu.v4.10G015040,Chr10,17674785,17678454,+,"Core-2/I-branching beta-1,6-N-acetylglucosaminyltransferase family protein"
1.3087104455177121e-31,5.259813725366848,0.094,0.005,3.0341142968882637e-27,6,Caacu.v4.2G021740,Chr2,27051839,27053981,-,PAR1 protein
1.9758173676099413e-30,3.9957384776987674,0.044,0.004,4.580734985066888e-26,6,Caacu.v4.16G003040,Chr16,3007421,3009686,+,glycosyltransferase family protein
6.420374469251592e-30,6.945315023215863,0.05,0.001,1.4884996169512891e-25,6,Caacu.v4.7G004900,Chr7,10546274,10551539,+,Subtilisin-like serine endopeptidase family protein
6.826577980788274e-30,5.8707124203770995,0.206,0.032,1.5826738390659533e-25,6,Caacu.v4.6G003690,Chr6,3483477,3485513,+,Pollen Ole e 1 allergen and extensin family protein
8.873904658007503e-30,4.093041357302629,0.131,0.012,2.0573260559124595e-25,6,Caacu.v4.19G008960,Chr19,12007921,12018833,-,cysteine-rich RLK (RECEPTOR-like protein kinase)
1.0257007030283543e-29,3.8941473403842535,0.112,0.009,2.377984509900937e-25,6,Caacu.v4.4G007390,Chr4,11620734,11623178,-,Protein kinase superfamily protein
2.589977619737345e-29,4.742144640979485,0.075,0.003,6.00460411359906e-25,6,Caacu.v4.3G006660,Chr3,5561671,5567569,-,"nuclear factor Y, subunit A3"
2.645522911194391e-29,4.903886253200606,0.075,0.003,6.133380317313077e-25,6,Caacu.v4.18G000070,Chr18,66617,68338,-,phloem protein 2-B1
3.8317951109985453e-29,3.5661693162875103,0.119,0.01,8.883633785339028e-25,6,Caacu.v4.10G007170,Chr10,9443111,9444710,+,alpha/beta-Hydrolases superfamily protein
1.3979277676356592e-28,4.029989534151781,0.094,0.006,3.2409557364865124e-24,6,Caacu.v4.10G001950,Chr10,2060153,2082837,+,Leucine-rich repeat transmembrane protein kinase
2.7059071789616836e-28,6.671551334889451,0.044,0.001,6.2733752037047674e-24,6,Caacu.v4.9G006020,Chr9,10516121,10516444,+,hypothetical protein
1.0462604541828794e-27,3.3887344219492093,0.138,0.015,2.4256502369775876e-23,6,Caacu.v4.1G013630,Chr1,19920023,19953652,-,ubiquitin-specific protease
1.0849222856893523e-27,5.094450207513113,0.062,0.002,2.5152838271421942e-23,6,Caacu.v4.1G018550,Chr1,24253187,24257386,+,pinoresinol reductase
2.889664536469376e-27,5.648162179085375,0.05,0.001,6.699398261350601e-23,6,Caacu.v4.6G006500,Chr6,5791629,5793894,-,F-box family protein
4.6529231942077596e-27,7.009449127819314,0.019,0,1.078733713345127e-22,6,Caacu.v4.9G013470,Chr9,16848464,16849297,-,hypothetical protein
8.633709013141895e-27,3.8038650753617524,0.125,0.013,2.001639097606817e-22,6,Caacu.v4.16G002830,Chr16,2753134,2758120,-,hypothetical protein
1.0544356968585251e-26,10.931434356771016,0.031,0,2.4446037195968048e-22,6,Caacu.v4.12G002900,Chr12,2645807,2647004,+,Matrixin family protein
1.8715853514238583e-26,2.90549752772398,0.25,0.051,4.339083478741073e-22,6,Caacu.v4.21G006020,Chr21,7975381,7980130,+,Aluminium activated malate transporter family protein
2.0047421000675172e-26,4.302707227162477,0.088,0.005,4.647794084796532e-22,6,Caacu.v4.5G002020,Chr5,1427554,1433027,-,downstream target of AGL15
2.1685715414855163e-26,4.075365654479376,0.088,0.006,5.027616261780021e-22,6,Caacu.v4.16G003250,Chr16,3226970,3232391,-,RING/U-box superfamily protein
8.642544480570526e-26,3.489620806294848,0.119,0.012,2.003687512375471e-21,6,Caacu.v4.1G014800,Chr1,20944741,20950600,-,Eukaryotic aspartyl protease family protein
9.786035375319302e-26,4.26452424670189,0.106,0.009,2.2687944414140267e-21,6,Caacu.v4.3G013910,Chr3,12127073,12129782,+,GDSL-like Lipase/Acylhydrolase superfamily protein
1.0507247830761413e-25,2.81048609208298,0.212,0.038,2.436000337083726e-21,6,Caacu.v4.9G006220,Chr9,10694161,10696833,+,Peroxidase superfamily protein
2.1092852654171925e-25,5.087901657839542,0.056,0.002,4.890166959343219e-21,6,Caacu.v4.10G014750,Chr10,17423625,17426048,-,conserved hypothetical protein
2.359665260642683e-25,7.395708118355274,0.044,0.001,5.470647940273996e-21,6,Caacu.v4.14G010150,Chr14,8970478,8973173,+,Pectin lyase-like superfamily protein
2.6417213204201016e-25,5.507177644595475,0.044,0.001,6.124566709261963e-21,6,Caacu.v4.15G005400,Chr15,10157842,10159888,-,hypothetical protein
1.4694713640267677e-24,4.581966534312744,0.069,0.004,3.406822410359658e-20,6,Caacu.v4.4G004840,Chr4,8766991,8776189,-,2-oxoglutarate (2OG) and Fe(II)-dependent oxygenase superfamily protein
9.15685413933461e-24,4.026449514589741,0.1,0.009,2.122925063663336e-19,6,Caacu.v4.15G012390,Chr15,16113214,16119765,+,Protein of unknown function (DUF1624)
9.886271002026245e-24,4.226664538818207,0.075,0.005,2.2920330691097646e-19,6,Caacu.v4.15G008410,Chr15,13063129,13067649,-,actin
1.4118722019878135e-23,7.414279677852894,0.038,0.001,3.273284513088547e-19,6,Caacu.v4.13G006210,Chr13,5060626,5066524,+,beta glucosidase
3.76796461170922e-23,5.4422970836419156,0.05,0.002,8.735649155786655e-19,6,Caacu.v4.11G006630,Chr11,8808068,8810873,+,heat shock transcription factor  A4A
4.0412786585881686e-23,4.999836741411952,0.05,0.002,9.36930044207081e-19,6,Caacu.v4.3G006190,Chr3,5181242,5193937,+,beta-galactosidase
6.117409584169358e-23,6.329776217099962,0.044,0.001,1.4182602379938241e-18,6,Caacu.v4.8G010010,Chr8,11743073,11745604,+,strictosidine synthase
6.565765809705437e-23,5.717843510621073,0.044,0.001,1.5222071453221083e-18,6,Caacu.v4.5G004490,Chr5,3515299,3517637,+,xyloglucan endotransglucosylase/hydrolase
6.617548617425341e-23,5.4764046521713645,0.044,0.001,1.534212471463891e-18,6,Caacu.v4.8G013500,Chr8,14930838,14933051,+,myb domain protein
3.1862487199289866e-22,4.215762983191485,0.062,0.003,7.386999032283362e-18,6,Caacu.v4.2G029060,Chr2,33031039,33033806,-,alpha/beta-Hydrolases superfamily protein
5.206375537248289e-22,2.7874216583011817,0.175,0.03,1.2070461045556433e-17,6,Caacu.v4.15G005820,Chr15,10470322,10480913,-,thioredoxin family protein
1.1106381798108527e-21,11.789888833052473,0.025,0,2.574903556073481e-17,6,Caacu.v4.12G008450,Chr12,13799559,13800431,-,syntaxin of plants
1.736211714485189e-21,5.124998396744937,0.05,0.002,4.0252332388624624e-17,6,Caacu.v4.2G024310,Chr2,29241659,29254882,-,HMG (high mobility group) box protein with ARID/BRIGHT DNA-binding domain
6.73383786090648e-21,5.371629449222927,0.038,0.001,1.5611729696725583e-16,6,Caacu.v4.17G002550,Chr17,5452182,5453485,+,"beta-1,3-glucanase"
6.855557204158936e-21,5.645406778956021,0.044,0.001,1.5893923822122078e-16,6,Caacu.v4.9G006670,Chr9,11171571,11181279,-,laccase
3.3870971627750035e-20,5.191619096723063,0.062,0.003,7.852646062177568e-16,6,Caacu.v4.6G009510,Chr6,8659322,8660206,+,Copper transport protein family
8.972672480100117e-20,3.8994250042485237,0.075,0.006,2.080224387786411e-15,6,Caacu.v4.8G006470,Chr8,8130696,8133535,-,heptahelical transmembrane protein1
9.077598619595543e-20,3.9872093811313345,0.069,0.005,2.1045504639670306e-15,6,Caacu.v4.3G012190,Chr3,10344659,10353651,-,Plant protein of unknown function (DUF641)
3.3248795879695593e-19,5.444278563785412,0.044,0.002,7.708400836748626e-15,6,Caacu.v4.15G002740,Chr15,4871202,4874704,-,zinc transporter 10 precursor
3.4135934831152317e-19,5.180023681740229,0.044,0.002,7.914075131254353e-15,6,Caacu.v4.19G010460,Chr19,13126933,13128057,+,hypothetical protein
3.4816597999877465e-19,4.932548961205298,0.044,0.002,8.071880080291591e-15,6,Caacu.v4.10G001970,Chr10,2089082,2095648,-,potassium transporter
3.8679670323787917e-19,4.3539705281622725,0.044,0.001,8.967494767866991e-15,6,Caacu.v4.9G004360,Chr9,8597584,8601494,+,Eukaryotic aspartyl protease family protein
6.250163498602141e-19,6.483872941753438,0.031,0.001,1.4490379055159204e-14,6,Caacu.v4.1G033340,Chr1,36119825,36120512,+,hypothetical protein
6.534407148463966e-19,5.347494510974823,0.031,0.001,1.5149369532998857e-14,6,Caacu.v4.17G002880,Chr17,6180098,6181987,+,Glycosyl hydrolase superfamily protein
6.592769542140177e-19,4.86961254649471,0.031,0.001,1.5284676906497787e-14,6,Caacu.v4.1G021180,Chr1,26673235,26677801,+,nitrate transporter 1.1
9.298298527721743e-19,2.6936570769961365,0.125,0.018,2.155717530667009e-14,6,Caacu.v4.5G005670,Chr5,4425160,4425921,-,conserved hypothetical protein
9.594007341658665e-19,4.33549198440824,0.05,0.002,2.224274662090145e-14,6,Caacu.v4.3G018630,Chr3,19823525,19827278,-,MATE efflux family protein
1.015520360728025e-18,4.053835622757296,0.05,0.002,2.354382404311853e-14,6,Caacu.v4.14G000280,Chr14,229030,235240,+,O-fucosyltransferase family protein
1.2276886528857066e-18,2.651695402870874,0.119,0.017,2.846273372850222e-14,6,Caacu.v4.11G009070,Chr11,11279737,11284902,+,myosin
1.9485315425265008e-18,2.3642457295414094,0.231,0.059,4.5174755281934395e-14,6,Caacu.v4.10G000960,Chr10,1140612,1143870,-,Acyl-CoA N-acyltransferases (NAT) superfamily protein
2.8502503638666095e-18,1.8854528185590467,0.362,0.127,6.608020443588347e-14,6,Caacu.v4.18G006580,Chr18,5527132,5529725,+,plasma membrane intrinsic protein 1;4
4.963299595826835e-18,3.1482274266735546,0.106,0.014,1.1506913782964934e-13,6,Caacu.v4.2G008540,Chr2,6883858,6890142,-,"Clathrin, heavy chain"
5.90300397668869e-18,4.785211840891991,0.056,0.004,1.368552441955506e-13,6,Caacu.v4.12G011890,Chr12,16917474,16917840,-,Methyltransferase-related protein
6.8028499473179605e-18,4.057590537878189,0.081,0.008,1.577172731786196e-13,6,Caacu.v4.6G002440,Chr6,2351214,2360017,+,acyl-CoA oxidase
9.914036744900953e-18,4.906249962732929,0.044,0.002,2.2984702789378366e-13,6,Caacu.v4.2G026140,Chr2,30656625,30670920,+,long-chain acyl-CoA synthetase
1.0992994487766951e-17,4.164610944436964,0.044,0.002,2.54861584204389e-13,6,Caacu.v4.5G007410,Chr5,5707192,5711525,-,conserved hypothetical protein
2.0511178982656593e-17,3.9574404370312792,0.075,0.007,4.755311735339105e-13,6,Caacu.v4.16G003230,Chr16,3224157,3226357,+,"cytochrome P450, family 77, subfamily A, polypeptide"
2.616817333458181e-17,5.864122508798294,0.025,0,6.066829305889447e-13,6,Caacu.v4.17G008220,Chr17,12730902,12738055,-,Seven transmembrane MLO family protein
2.6432011209577532e-17,4.187527066113071,0.013,0,6.127997478828455e-13,6,Caacu.v4.2G027370,Chr2,31623157,31624267,+,"Serine protease inhibitor, potato inhibitor I-type family protein"
3.46671578241789e-17,2.7519717439123044,0.131,0.022,8.037233869957636e-13,6,Caacu.v4.8G007100,Chr8,8634680,8636868,-,RING/U-box superfamily protein
7.1536388034578455e-17,4.927548681715876,0.038,0.001,1.6584996201936669e-12,6,Caacu.v4.19G010450,Chr19,13123551,13126714,+,hypothetical protein
1.199370118260734e-16,11.434524746778473,0.019,0,2.7806196821756857e-12,6,Caacu.v4.7G013830,Chr7,18686085,18688257,+,calmodulin
1.199370118260734e-16,10.824998522294017,0.019,0,2.7806196821756857e-12,6,Caacu.v4.12G007330,Chr12,12471613,12475627,-,methyl esterase
1.199370118260734e-16,10.191109403335268,0.019,0,2.7806196821756857e-12,6,Caacu.v4.12G011190,Chr12,16351640,16353548,-,PAR1 protein
1.199370118260734e-16,10.593248293881658,0.019,0,2.7806196821756857e-12,6,Caacu.v4.18G003030,Chr18,2684807,2687102,+,SNARE-like superfamily protein
1.199370118260734e-16,10.148585976997273,0.019,0,2.7806196821756857e-12,6,Caacu.v4.17G006490,Chr17,10938100,10947048,+,bZIP transcription factor family protein
1.2740141428079463e-16,4.328739524584995,0.05,0.003,2.9536743886859427e-12,6,Caacu.v4.1G033990,Chr1,36563784,36567348,-,Glycoprotein membrane precursor GPI-anchored
1.760927767905223e-16,5.1255107916493765,0.031,0.001,4.082534937111469e-12,6,Caacu.v4.18G009520,Chr18,8512823,8518834,-,Calcium-dependent lipid-binding (CaLB domain) family protein
1.8022318596574582e-16,4.500327350842057,0.019,0.001,4.178294343429851e-12,6,Caacu.v4.12G002930,Chr12,2727179,2728425,+,Matrixin family protein
1.8444929403894543e-16,4.175795747221798,0.031,0.001,4.2762724329989105e-12,6,Caacu.v4.17G005910,Chr17,10534995,10538067,-,hypothetical protein
2.0580008008986094e-16,3.8684930321873154,0.044,0.002,4.771269056803336e-12,6,Caacu.v4.17G005080,Chr17,9392325,9393286,+,Kunitz family trypsin and protease inhibitor protein
2.6879411687939137e-16,4.36096699922671,0.056,0.004,6.231722805731809e-12,6,Caacu.v4.1G023570,Chr1,28590957,28593085,+,Heavy metal transport/detoxification superfamily protein 
3.364928247658977e-16,4.8798034406433155,0.212,0.058,7.801249649372571e-12,6,Caacu.v4.3G015850,Chr3,14429683,14430485,-,hypothetical protein
8.010100716832901e-16,2.6598078692640286,0.106,0.016,1.85706175019054e-11,6,Caacu.v4.11G014320,Chr11,15492834,15496904,-,RHOMBOID-like
1.0742483861902043e-15,3.3290576938888647,0.112,0.018,2.4905374585433695e-11,6,Caacu.v4.12G011520,Chr12,16619672,16623620,-,glycerol-3-phosphate acyltransferase
1.1010230446341665e-15,4.222525292969935,0.044,0.002,2.5526118266798514e-11,6,Caacu.v4.16G008930,Chr16,8865027,8876785,+,NB-ARC domain-containing disease resistance protein
2.3325632213188985e-15,3.748117122612563,0.038,0.002,5.4078145723057344e-11,6,Caacu.v4.11G007000,Chr11,9178408,9186179,+,myb-like HTH transcriptional regulator family protein
5.234471084663309e-15,3.2651738200179867,0.1,0.015,1.2135597762683417e-10,6,Caacu.v4.5G010300,Chr5,8308999,8313292,-,TRICHOME BIREFRINGENCE-LIKE
7.743289814819271e-15,3.570223437327606,0.05,0.004,1.7952043106676998e-10,6,Caacu.v4.3G009940,Chr3,8354762,8361852,-,RNI-like superfamily protein
1.441013262536202e-14,3.635863377407115,0.013,0.001,3.3408451478639307e-10,6,Caacu.v4.15G010030,Chr15,14302279,14303119,-,basic pathogenesis-related protein
2.1064261404515033e-14,6.245688844079431,0.025,0.001,4.883538364022765e-10,6,Caacu.v4.2G000360,Chr2,293030,296812,-,RAD-like
2.1239784419571586e-14,5.837346657810577,0.025,0.001,4.924231619833477e-10,6,Caacu.v4.21G003580,Chr21,5311131,5319527,+,MAC/Perforin domain-containing protein
2.159515765982859e-14,5.158127163130598,0.025,0.001,5.00662135185466e-10,6,Caacu.v4.2G013550,Chr2,18532294,18538181,-,strictosidine synthase-like
2.159515765982859e-14,5.436278268395697,0.025,0.001,5.00662135185466e-10,6,Caacu.v4.9G002500,Chr9,6301716,6305694,+,"cytochrome P450, family 81, subfamily D, polypeptide"
3.7993010003800225e-14,2.7295998258786778,0.019,0.004,8.808299439281044e-10,6,Caacu.v4.16G002810,Chr16,2729427,2737138,-,cell division cycle protein 48-related / CDC48-related
3.871393367657716e-14,4.034751627573008,0.038,0.002,8.97543838357765e-10,6,Caacu.v4.20G007290,Chr20,6492787,6495593,-,GRAM domain-containing protein / ABA-responsive protein-related
4.003328140182321e-14,4.505202502577559,0.038,0.002,9.281315960198694e-10,6,Caacu.v4.18G012890,Chr18,12929244,12931353,-,PLATZ transcription factor family protein
4.6569325463323827e-14,3.549151517413054,0.069,0.008,1.0796632415416996e-9,6,Caacu.v4.12G001230,Chr12,991316,997010,-,conserved hypothetical protein
8.614041710268956e-14,3.2077338633596266,0.075,0.009,1.997079430108755e-9,6,Caacu.v4.10G009450,Chr10,12659968,12663550,+,RING membrane-anchor
1.7386029805599495e-13,4.086478081925796,0.044,0.003,4.0307771501301866e-9,6,Caacu.v4.8G017890,Chr8,18438029,18441576,+,actin binding protein family
2.7537334092404314e-13,2.9351445697365244,0.088,0.013,6.384255535983016e-9,6,Caacu.v4.17G007170,Chr17,11659497,11670435,-,Eukaryotic aspartyl protease family protein
4.415831060266582e-13,5.9637647297801015,0.031,0.001,1.0237662730122044e-8,6,Caacu.v4.1G006290,Chr1,11636313,11638697,-,Lactate/malate dehydrogenase family protein
4.547933456452357e-13,4.413977761857122,0.038,0.002,1.0543928925439144e-8,6,Caacu.v4.11G011740,Chr11,13293510,13305992,+,glutamine-fructose-6-phosphate transaminase (isomerizing)s;sugar binding;transaminases
4.665098259962043e-13,4.214295250077069,0.031,0.001,1.0815563805896002e-8,6,Caacu.v4.1G038470,Chr1,40019932,40021401,-,homolog of carrot EP3-3 chitinase
4.776287360187958e-13,4.017985567779666,0.038,0.002,1.1073344615859762e-8,6,Caacu.v4.11G010170,Chr11,12074063,12079234,+,conserved hypothetical protein
5.09302012013634e-13,2.6673980196763805,0.119,0.024,1.180765784652409e-8,6,Caacu.v4.1G020070,Chr1,25595213,25596760,+,Protein of unknown function (DUF581)
9.304141899359125e-13,3.4077727518190573,0.05,0.004,2.1570722579474194e-8,6,Caacu.v4.2G002370,Chr2,1673098,1677643,-,NAD(P)-binding Rossmann-fold superfamily protein
1.113442810878309e-12,3.540148517589246,0.062,0.007,2.5814058127402713e-8,6,Caacu.v4.18G000910,Chr18,981959,987642,+,N-terminal C2 in EEIG1 and EHBP1 proteins domain containing protein
1.530169568150472e-12,6.744559188355696,0.019,0,3.547545126800054e-8,6,Caacu.v4.3G004880,Chr3,4133971,4139624,-,aldehyde dehydrogenase 2C4
1.530169568150472e-12,6.373186086563303,0.019,0,3.547545126800054e-8,6,Caacu.v4.4G012620,Chr4,16125905,16136103,-,oligopeptide transporter
1.5592829985826294e-12,5.541881535948248,0.019,0,3.615041703913968e-8,6,Caacu.v4.1G031250,Chr1,34618046,34621154,+,Protein phosphatase 2C family protein
2.174078682934126e-12,2.291653035329592,0.169,0.046,5.0403840185144774e-8,6,Caacu.v4.11G012590,Chr11,14020214,14044374,-,glucan synthase-like
2.582592350484002e-12,5.194177622410878,0.025,0.001,5.98748210536211e-8,6,Caacu.v4.21G007520,Chr21,9330155,9332362,-,SPFH/Band 7/PHB domain-containing membrane-associated protein family
2.6378391907793417e-12,4.728664576220948,0.025,0.001,6.115566379902826e-8,6,Caacu.v4.3G007950,Chr3,6746288,6752753,+,molybdenum cofactor sulfurase (LOS5) (ABA3)
2.7325035699130323e-12,4.008462527642262,0.025,0.001,6.335036276486373e-8,6,Caacu.v4.12G011430,Chr12,16540607,16546523,-,peptide transporter
3.961838782586968e-12,4.171255423161833,0.038,0.002,9.185127033549626e-8,6,Caacu.v4.19G008160,Chr19,11382976,11385552,+,matrix metalloproteinase
4.0772202462046764e-12,3.943849867507279,0.038,0.002,9.452627418800922e-8,6,Caacu.v4.5G009800,Chr5,7839871,7845345,-,Seven transmembrane MLO family protein
4.914601526859964e-12,2.7270256987238426,0.081,0.013,1.139401217987214e-7,6,Caacu.v4.16G006830,Chr16,6328024,6331786,-,basic helix-loop-helix (bHLH) DNA-binding superfamily protein
5.1515898640711595e-12,2.670214519274056,0.106,0.021,1.1943445940862577e-7,6,Caacu.v4.18G013120,Chr18,13207606,13225849,+,Protein of unknown function (DUF707)
7.739429683795801e-12,4.551917142943174,0.031,0.002,1.7943093778912186e-7,6,Caacu.v4.18G007340,Chr18,6232968,6238021,+,Protein of unknown function (DUF604)
8.043763712048282e-12,4.20957935757209,0.031,0.002,1.8648661790012736e-7,6,Caacu.v4.5G002300,Chr5,1642539,1647455,-,S-adenosyl-L-methionine-dependent methyltransferases superfamily protein
8.398239618094975e-12,2.501978874874723,0.125,0.027,1.9470478730591388e-7,6,Caacu.v4.8G007360,Chr8,8784745,8828133,+,Protein of unknown function (DUF1336)
1.3611131556981677e-11,11.17627184869514,0.013,0,3.155604740170632e-7,6,Caacu.v4.1G010850,Chr1,17289274,17291938,+,hypothetical protein
1.3611131556981677e-11,10.311526714270492,0.013,0,3.155604740170632e-7,6,Caacu.v4.2G007890,Chr2,6171905,6178630,-,with no lysine (K) kinase
1.3611131556981677e-11,10.313887577618434,0.013,0,3.155604740170632e-7,6,Caacu.v4.4G003280,Chr4,5323547,5329919,+,RING-box
1.3611131556981677e-11,9.900305311534169,0.013,0,3.155604740170632e-7,6,Caacu.v4.8G000380,Chr8,434426,435918,+,xyloglucan endotransglycosylase
1.3611131556981677e-11,10.096693985239774,0.013,0,3.155604740170632e-7,6,Caacu.v4.S000870,scf_4,135548,136585,+,hypothetical protein
2.1954849570024807e-11,3.9692163139705228,0.044,0.004,5.090012324314551e-7,6,Caacu.v4.10G003150,Chr10,3186138,3188174,+,Pectin lyase-like superfamily protein
2.4142029881926545e-11,3.2868013983089033,0.206,0.07,5.59708820782585e-7,6,Caacu.v4.11G007990,Chr11,10299352,10300533,+,Protein E6
2.711152528169584e-11,3.4005488457133715,0.038,0.002,6.285536021308364e-7,6,Caacu.v4.2G001740,Chr2,1235275,1238414,-,RING/FYVE/PHD zinc finger superfamily protein
2.711152528169584e-11,3.780648027598482,0.038,0.003,6.285536021308364e-7,6,Caacu.v4.12G011530,Chr12,16631459,16633691,-,plasma membrane intrinsic protein 1;4
3.7138791197010034e-11,3.103802729875661,0.05,0.005,8.610257351114806e-7,6,Caacu.v4.5G006830,Chr5,5252317,5253929,+,hypothetical protein
4.373556543626854e-11,3.0490441839707025,0.075,0.01,1.0139653490744499e-6,6,Caacu.v4.20G001570,Chr20,1093688,1097604,+,Protein kinase superfamily protein
4.889886872901214e-11,2.7926102097223677,0.081,0.013,1.1336713726134174e-6,6,Caacu.v4.2G019730,Chr2,25576634,25584217,+,ubiquitin
5.651322687604296e-11,2.172726242036578,0.15,0.041,1.31020265189418e-6,6,Caacu.v4.19G008400,Chr19,11587617,11589095,+,MLP-like protein
7.943964826249529e-11,3.9096536609929444,0.044,0.004,1.8417288053176908e-6,6,Caacu.v4.12G002420,Chr12,2188135,2191568,-,conserved hypothetical protein
8.345375197592469e-11,4.825675247268577,0.031,0.002,1.934791785809838e-6,6,Caacu.v4.19G008870,Chr19,11957565,11960556,+,RNA-binding (RRM/RBD/RNP motifs) family protein
8.997412743897958e-11,3.9484408181847126,0.031,0.002,2.0859601705453026e-6,6,Caacu.v4.13G002500,Chr13,1840747,1850485,+,Xanthine/uracil permease family protein
9.570933998553724e-11,4.857975654510659,0.025,0.001,2.2189253382246952e-6,6,Caacu.v4.10G005620,Chr10,5985271,5988732,-,S-locus lectin protein kinase family protein
9.868507782311886e-11,3.7672212879017755,0.025,0.001,2.287914844251188e-6,6,Caacu.v4.20G008850,Chr20,9228838,9236096,-,alpha dioxygenase
1.2649578637677277e-10,1.9951764442242355,0.15,0.042,2.9326783113590997e-6,6,Caacu.v4.5G002270,Chr5,1623734,1624072,-,hypothetical protein
1.2727827287847717e-10,2.9476332670585244,0.088,0.016,2.9508194784146145e-6,6,Caacu.v4.6G007970,Chr6,6965400,6967986,-,Heavy metal transport/detoxification superfamily protein 
1.3106710824240024e-10,5.034290823345433,0.038,0.003,3.0386598374918074e-6,6,Caacu.v4.7G004930,Chr7,10585089,10593511,+,Jojoba acyl CoA reductase-related male sterility protein
1.4669533667584726e-10,3.4494437124691313,0.038,0.003,3.400984685492843e-6,6,Caacu.v4.19G001410,Chr19,4274201,4281890,-,glutaredoxin-related
1.5559573898074824e-10,3.6425895727431405,0.206,0.075,3.607331612529667e-6,6,Caacu.v4.5G011500,Chr5,9533648,9536838,-,GDSL-like Lipase/Acylhydrolase superfamily protein
1.65588471233024e-10,2.937325712299919,0.062,0.009,3.839003117066429e-6,6,Caacu.v4.5G010360,Chr5,8337011,8343721,-,conserved hypothetical protein
3.440646547497117e-10,1.6322309372704806,0.231,0.087,7.976794955717317e-6,6,Caacu.v4.21G010460,Chr21,11638278,11652940,+,carbonic anhydrase
4.6107800499969216e-10,5.06433041378976,0.019,0.001,1.0689632467912863e-5,6,Caacu.v4.21G008150,Chr21,9859026,9867127,-,hypothetical protein
4.680157662787812e-10,4.643286331614007,0.019,0.001,1.0850477525407262e-5,6,Caacu.v4.1G033360,Chr1,36126262,36127969,-,Bifunctional inhibitor/lipid-transfer protein/seed storage 2S albumin superfamily protein
4.715227499936682e-10,4.360979626011811,0.019,0.001,1.0931783435853205e-5,6,Caacu.v4.14G010240,Chr14,9237644,9241996,-,Ankyrin repeat family protein
6.011898473272726e-10,3.7683682075341016,0.038,0.003,1.3937985420435486e-5,6,Caacu.v4.4G017330,Chr4,19842960,19843953,-,hypothetical protein
6.575663245301646e-10,2.995243073058437,0.069,0.011,1.5245017667907336e-5,6,Caacu.v4.8G010600,Chr8,12260114,12271904,+,histone-lysine N-methyltransferases
7.351325962856308e-10,3.341344220577813,0.056,0.008,1.7043314112286064e-5,6,Caacu.v4.3G006260,Chr3,5229593,5238374,-,Protein kinase superfamily protein
9.049236503921596e-10,3.605743347220458,0.044,0.005,2.097974991069183e-5,6,Caacu.v4.8G007520,Chr8,8952804,8961650,+,alpha/beta-Hydrolases superfamily protein
1.0143364687097139e-9,2.5354310265876054,0.044,0.005,2.3516376690566008e-5,6,Caacu.v4.11G002900,Chr11,3955366,3962877,-,Phototropic-responsive NPH3 family protein
1.5254487850196145e-9,2.2660559258891193,0.106,0.025,3.536600463189474e-5,6,Caacu.v4.3G000940,Chr3,1022546,1031087,-,H(+)-ATPase
1.5284018069967399e-9,5.467984877473507,0.025,0.001,3.543446749341242e-5,6,Caacu.v4.16G005030,Chr16,4627889,4629039,-,conserved hypothetical protein
1.5702746907066701e-9,4.644387310280892,0.025,0.001,3.640524842934344e-5,6,Caacu.v4.5G007050,Chr5,5415519,5418321,+,WRKY family transcription factor
1.5704164337667895e-9,1.9701023910146551,0.169,0.055,3.640853460044925e-5,6,Caacu.v4.10G002640,Chr10,2643506,2650658,+,RNA-binding KH domain-containing protein
1.6753831157000183e-9,2.713772021302457,0.025,0.001,3.884208215438923e-5,6,Caacu.v4.14G013210,Chr14,14472372,14479894,+,hypothetical protein
2.140972977466927e-9,4.136647278887268,0.038,0.004,4.963631750959323e-5,6,Caacu.v4.10G001940,Chr10,2053405,2054767,-,SAUR-like auxin-responsive protein family 
2.619056878400178e-9,2.962146501922334,0.044,0.005,6.072021466882973e-5,6,Caacu.v4.9G008220,Chr9,12613662,12624287,-,P450 reductase
3.1133437297929883e-9,2.5769334838440505,0.094,0.021,7.217976103152064e-5,6,Caacu.v4.2G025980,Chr2,30554210,30560508,+,Glycoprotein membrane precursor GPI-anchored
3.5153120987781973e-9,3.1044444804994864,0.062,0.01,8.149899569807373e-5,6,Caacu.v4.6G004690,Chr6,4298809,4302226,-,"cytochrome P450, family 77, subfamily A, polypeptide 5 pseudogene"
4.252995701303792e-9,2.31951838675182,0.081,0.016,9.86014523390271e-5,6,Caacu.v4.2G023030,Chr2,28175449,28180875,-,Protein kinase superfamily protein
6.440309989274137e-9,2.401378596478974,0.069,0.012,1.493121467913316e-4,6,Caacu.v4.6G003680,Chr6,3461878,3479518,+,HAUS augmin-like complex subunit 5 domain containing protein
6.842823397310534e-9,3.115859041164316,0.081,0.017,1.5864401764324743e-4,6,Caacu.v4.16G001560,Chr16,1405340,1407149,-,tonoplast intrinsic protein 1;3
7.914012382974637e-9,2.5663567501738056,0.05,0.007,1.83478463086884e-4,6,Caacu.v4.13G001750,Chr13,1310021,1315510,+,Major facilitator superfamily protein
1.1077876405740511e-8,2.836932253311797,0.056,0.009,2.56829486590688e-4,6,Caacu.v4.15G012010,Chr15,15755741,15762441,-,BEL1-like homeodomain
1.1826407546374085e-8,2.657645489270181,0.062,0.011,2.741834325551368e-4,6,Caacu.v4.11G006510,Chr11,8659261,8661991,+,GDSL-like Lipase/Acylhydrolase superfamily protein
1.2883018438234599e-8,2.376055225673544,0.106,0.028,2.986798994720309e-4,6,Caacu.v4.1G035020,Chr1,37376785,37382348,+,tubby like protein
1.4704308275124247e-8,2.4925154069269984,0.069,0.013,3.4090468305048054e-4,6,Caacu.v4.19G003260,Chr19,7086678,7090586,+,plasmodesmata-located protein
1.4914497269106685e-8,4.39963996268134,0.025,0.002,3.457777046869694e-4,6,Caacu.v4.5G003000,Chr5,2238631,2239797,-,SAUR-like auxin-responsive protein family 
1.5278554964270126e-8,3.8731602452703244,0.025,0.002,3.542180182916386e-4,6,Caacu.v4.9G008660,Chr9,13118825,13123038,+,RING/U-box superfamily protein
1.6032744951396283e-8,3.4274581207828225,0.025,0.002,3.7170315895317146e-4,6,Caacu.v4.19G005500,Chr19,9297375,9305529,+,ATPase E1-E2 type family protein / haloacid dehalogenase-like hydrolase family protein
1.7326058460052897e-8,3.172492148718595,0.031,0.003,4.0168733933786636e-4,6,Caacu.v4.21G006270,Chr21,8226485,8230113,+,NAD(P)-binding Rossmann-fold superfamily protein
1.7669359455471668e-8,2.4786220152523892,0.031,0.003,4.0964642961565517e-4,6,Caacu.v4.8G009630,Chr8,11366073,11366917,+,conserved hypothetical protein
1.857535759066732e-8,2.9241337291798444,0.056,0.009,4.306510903820311e-4,6,Caacu.v4.9G003200,Chr9,7173146,7185702,+,Galactosyltransferase family protein
1.9908870747532084e-8,4.163565860091951,0.038,0.004,4.6156725941078384e-4,6,Caacu.v4.1G017510,Chr1,23414906,23422983,+,NADP-malic enzyme
2.073576218845029e-8,5.072915670384582,0.019,0.001,4.8073791057703154e-4,6,Caacu.v4.13G006270,Chr13,5131795,5132171,+,hypothetical protein
2.073576218845029e-8,5.086997291314166,0.019,0.001,4.8073791057703154e-4,6,Caacu.v4.15G001970,Chr15,3196136,3197614,+,NAD(P)-binding Rossmann-fold superfamily protein
2.0864017052994444e-8,4.594144408775017,0.019,0.001,4.837113713566232e-4,6,Caacu.v4.3G003780,Chr3,3242725,3245795,-,blue-copper-binding protein
2.1122841210344773e-8,4.81672495123089,0.013,0.001,4.897119506206332e-4,6,Caacu.v4.12G002950,Chr12,2747111,2748289,+,Matrixin family protein
2.1253419477434356e-8,4.285337885719848,0.019,0.001,4.927392771648381e-4,6,Caacu.v4.15G010710,Chr15,14795731,14800037,-,Granulin repeat cysteine protease family protein
2.1384781228268645e-8,3.9804461059098637,0.019,0.001,4.957847679961803e-4,6,Caacu.v4.10G015590,Chr10,18158637,18166172,+,NAC domain containing protein
2.2090930109659618e-8,3.315803378828338,0.038,0.004,5.121561236623486e-4,6,Caacu.v4.20G002110,Chr20,1526219,1528463,-,PPPDE putative thiol peptidase family protein
2.3057618764518115e-8,3.079900166878476,0.038,0.004,5.34567833436588e-4,6,Caacu.v4.4G020760,Chr4,22269285,22275010,+,lysine histidine transporter
2.7871883195297537e-8,3.050204871012842,0.05,0.007,6.46181739999778e-4,6,Caacu.v4.15G008850,Chr15,13383980,13391568,+,phytochrome-associated protein phosphatase type 2C
3.007684495448508e-8,2.845656622092048,0.05,0.007,6.973015734247822e-4,6,Caacu.v4.2G019220,Chr2,25143880,25145785,+,Heavy metal transport/detoxification superfamily protein 
3.0346318415340086e-8,2.7155404261927707,0.069,0.013,7.035490461412445e-4,6,Caacu.v4.4G012890,Chr4,16334986,16346086,-,Eukaryotic aspartyl protease family protein
3.038333276595532e-8,2.7367141138609954,0.05,0.007,7.044071868459081e-4,6,Caacu.v4.1G032830,Chr1,35755215,35758296,+,3-ketoacyl-CoA synthase
3.058617698222868e-8,2.1757083215791524,0.162,0.057,7.091099271559898e-4,6,Caacu.v4.1G023260,Chr1,28355271,28358366,-,"cytochrome P450, family 86, subfamily A, polypeptide"
3.342659111244962e-8,3.168622894000471,0.044,0.006,7.74962088351032e-4,6,Caacu.v4.2G000990,Chr2,748233,763151,+,SET domain-containing protein
3.360735718596052e-8,2.2171443706940392,0.106,0.029,7.791529689993087e-4,6,Caacu.v4.19G002440,Chr19,6113790,6117552,-,xyloglucan endotransglucosylase/hydrolase
3.498215029632509e-8,2.1814437373439195,0.088,0.021,8.110261724700009e-4,6,Caacu.v4.15G008620,Chr15,13203101,13213636,+,BRI1-associated receptor kinase
4.3998864628508954e-8,1.2246119865804261,0.325,0.165,0.0010200696775473515,6,Caacu.v4.7G013880,Chr7,18720491,18749109,-,"Beige/BEACH domain ;WD domain, G-beta repeat protein"
5.1181266876636265e-8,2.4452841897559816,0.069,0.014,0.001186586491267935,6,Caacu.v4.1G022140,Chr1,27463660,27469115,+,KNOTTED-like homeobox of Arabidopsis thaliana
5.981535750160613e-8,3.2242787646105393,0.038,0.004,0.0013867592483172366,6,Caacu.v4.1G009160,Chr1,15662618,15663899,+,hypothetical protein
6.428877287505016e-8,2.661328614282265,0.025,0.002,0.0014904709103351628,6,Caacu.v4.9G014240,Chr9,17271721,17276171,-,chromatin-remodeling protein
6.56840840767837e-8,6.217394460739122,0.013,0,0.0015228198052361535,6,Caacu.v4.7G011260,Chr7,16574078,16575725,-,ILI1 binding bHLH
6.56840840767837e-8,6.415245953165016,0.013,0,0.0015228198052361535,6,Caacu.v4.8G011340,Chr8,13058860,13060817,-,NAC domain containing protein
6.56840840767837e-8,5.958084283962192,0.013,0,0.0015228198052361535,6,Caacu.v4.1G011230,Chr1,17655447,17658438,-,"cytochrome P450, family 76, subfamily C, polypeptide"
6.56840840767837e-8,6.204218730893089,0.013,0,0.0015228198052361535,6,Caacu.v4.19G010230,Chr19,12944830,12948016,-,"oxidoreductase, 2OG-Fe(II) oxygenase family protein"
6.623936858884236e-8,5.564492279464835,0.013,0,0.0015356935213637214,6,Caacu.v4.4G014130,Chr4,17298764,17299986,+,NDR1/HIN1-like
6.623936858884236e-8,5.626985053605308,0.013,0,0.0015356935213637214,6,Caacu.v4.17G007180,Chr17,11675157,11677971,+,hypothetical protein
6.623936858884236e-8,5.668652127578005,0.013,0,0.0015356935213637214,6,Caacu.v4.18G011020,Chr18,11012088,11014291,+,Protein kinase superfamily protein
6.679919952117504e-8,4.84197129623568,0.013,0,0.0015486726416989222,6,Caacu.v4.2G007640,Chr2,5980029,5981361,+,regulatory particle triple-A ATPase
6.679919952117504e-8,4.714479154180573,0.013,0,0.0015486726416989222,6,Caacu.v4.8G000010,Chr8,15684,17616,+,Protein kinase superfamily protein
7.383665655595034e-8,2.6285720268862907,0.044,0.006,0.0017118290455931525,6,Caacu.v4.14G000200,Chr14,156847,171022,+,Protein kinase superfamily protein
7.534387048760924e-8,2.825523652561399,0.075,0.016,0.0017467722933847327,6,Caacu.v4.6G005390,Chr6,4864298,4867479,-,nudix hydrolase homolog
9.512337359134234e-8,4.05055018203672,0.025,0.002,0.002205340293341681,6,Caacu.v4.3G003750,Chr3,3226457,3229093,+,conserved hypothetical protein
9.849027984601167e-8,3.2259909479376843,0.025,0.002,0.0022833986479499344,6,Caacu.v4.19G004040,Chr19,7826786,7828290,+,PADRE domain containing protein
1.1338720647789391e-7,1.547450744657109,0.094,0.03,0.0026287689949834924,6,Caacu.v4.7G008550,Chr7,14412971,14425481,+,pumilio
1.240227828985906e-7,2.519527258324957,0.088,0.022,0.0028753441987209244,6,Caacu.v4.12G011900,Chr12,16918874,16923283,-,"H/ACA ribonucleoprotein complex, subunit Gar1/Naf1 protein"
1.299551767442667e-7,8.80648279443642,0.031,0,0.003012880817639079,6,Caacu.v4.9G006030,Chr9,10519155,10520219,+,ABA/WDS induced protein domain containing protein
1.520291028560471e-7,2.8028670015532646,0.038,0.005,0.003524642720614596,6,Caacu.v4.3G006020,Chr3,5054255,5058527,+,N-MYC downregulated-like
1.5278093554785382e-7,2.797184246439111,0.044,0.006,0.0035420732097414427,6,Caacu.v4.11G013770,Chr11,14986588,14995925,+,AT hook motif DNA-binding family protein
1.731745865766167e-7,2.484266204114312,0.081,0.02,0.0040148796151922815,6,Caacu.v4.9G004630,Chr9,8928932,8939232,+,ATPase family associated with various cellular activities (AAA) 
1.775519356813885e-7,2.5621435825080434,0.05,0.008,0.004116364076837312,6,Caacu.v4.1G008120,Chr1,14585861,14593507,-,conserved hypothetical protein
1.7880078871364044e-7,2.3814098382431292,0.062,0.012,0.00414531748553704,6,Caacu.v4.1G008380,Chr1,14913414,14933663,-,Nucleotide/sugar transporter family protein
1.8420814208524676e-7,2.69829808578,0.05,0.008,0.004270681566104361,6,Caacu.v4.14G014460,Chr14,16030835,16041639,-,VACUOLAR SORTING RECEPTOR
2.0311312437057257e-7,2.928714043257585,0.031,0.003,0.0047089746754073545,6,Caacu.v4.9G008710,Chr9,13185020,13190863,+,similar to RCD one
2.6183616596007927e-7,1.320492051358416,0.481,0.325,0.0060704096716184775,6,Caacu.v4.13G001390,Chr13,1065140,1068395,+,thioredoxin H-type
3.2131497344597703e-7,4.7939722902983,0.013,0.001,0.007449366344371531,6,Caacu.v4.2G027360,Chr2,31616238,31617359,+,"Serine protease inhibitor, potato inhibitor I-type family protein"
3.2215709218487707e-7,4.253713991594658,0.019,0.001,0.00746889002521419,6,Caacu.v4.8G013510,Chr8,14934822,14938693,-,hypothetical protein
3.2384755460249623e-7,4.165623999859976,0.019,0.001,0.007508081705904272,6,Caacu.v4.5G012510,Chr5,10951665,10956903,+,cullin4
3.272552513842035e-7,3.0210955540397673,0.038,0.005,0.007587085748091374,6,Caacu.v4.7G005500,Chr7,11383052,11391911,-,Eukaryotic aspartyl protease family protein
3.2897048145428946e-7,3.602358812406317,0.019,0.001,0.007626851642036247,6,Caacu.v4.20G002130,Chr20,1534157,1536604,+,Mitochondrial glycoprotein family protein
3.472832076258522e-7,2.6700833510811086,0.038,0.005,0.008051413885597759,6,Caacu.v4.21G001180,Chr21,1118160,1120297,-,Pollen Ole e 1 allergen and extensin family protein
3.971869795887022e-7,2.2805680830119215,0.062,0.013,0.009208382934784471,6,Caacu.v4.7G007290,Chr7,13375912,13381723,+,Protein kinase superfamily protein
6.369756117220183e-208,5.769562918181128,0.487,0.012,1.4767642582163272e-203,7,Caacu.v4.11G010040,Chr11,11988522,11990403,-,cysteine-rich RLK (RECEPTOR-like protein kinase)
6.369756117220183e-208,5.769562918181128,0.487,0.012,1.4767642582163272e-203,7,Caacu.v4.11G010080,Chr11,12011019,12013023,-,cysteine-rich RLK (RECEPTOR-like protein kinase)
8.7997416581481e-149,6.551082048690926,0.354,0.009,2.0401321060250553e-144,7,Caacu.v4.2G017930,Chr2,23859567,23865342,-,mitochondrial acyl carrier protein
3.0236535763868807e-146,5.987013752277408,0.354,0.01,7.010038451495344e-142,7,Caacu.v4.2G000060,Chr2,35283,41192,-,mitochondrial acyl carrier protein
2.366339890275277e-55,5.898992409216509,0.186,0.003,5.486122401614203e-51,7,Caacu.v4.11G003530,Chr11,4293625,4294188,+,ribosomal protein L5
2.366339890275277e-55,5.898992409216509,0.186,0.003,5.486122401614203e-51,7,Caacu.v4.11G003770,Chr11,4345028,4345591,+,ribosomal protein L5
2.366339890275277e-55,5.898992409216509,0.186,0.003,5.486122401614203e-51,7,Caacu.v4.S001830,scf_4,311880,312443,+,ribosomal protein L5
7.349483548837775e-11,2.3383619249624594,0.106,0.018,1.7039042659625498e-6,7,Caacu.v4.10G004520,Chr10,4534889,4536904,+,fatty acid desaturase A
7.42289667754071e-11,6.465694641389289,0.018,0,1.7209243657210384e-6,7,Caacu.v4.6G007720,Chr6,6790179,6791137,-,TCP family transcription factor 
7.511643455713944e-11,4.4777823655229145,0.018,0,1.7414994187727208e-6,7,Caacu.v4.15G005050,Chr15,9812780,9815138,-,Probable methyltransferase PMT18
1.7498459929468588e-10,1.2713069109897774,0.319,0.135,4.056842950047997e-6,7,Caacu.v4.4G004240,Chr4,7700816,7714503,+,"ATP synthase epsilon chain, mitochondrial"
5.065479416448081e-10,3.931683228025587,0.035,0.002,1.1743807479093231e-5,7,Caacu.v4.20G007760,Chr20,7386647,7401166,-,GroES-like zinc-binding dehydrogenase family protein
5.2116769850892e-10,3.644592026523105,0.035,0.002,1.2082751922230801e-5,7,Caacu.v4.12G002230,Chr12,1998257,2004563,-,peptide deformylase 1B
2.7264355290089546e-9,2.2747613528603625,0.142,0.034,6.320968130454361e-5,7,Caacu.v4.3G010250,Chr3,8573294,8583417,-,DUF4477 domain containing protein
3.9718796203544255e-9,2.3344010765552166,0.08,0.012,9.2084057118297e-5,7,Caacu.v4.2G002250,Chr2,1601938,1605463,+,alpha/beta-Hydrolases superfamily protein
1.567996940729704e-8,2.950383239397116,0.035,0.003,3.6352441073877453e-4,7,Caacu.v4.4G018690,Chr4,20923782,20933510,+,Protein kinase superfamily protein
1.575567789037642e-8,3.068115245767003,0.035,0.003,3.652796362104869e-4,7,Caacu.v4.2G006960,Chr2,5337007,5338737,+,conserved hypothetical protein
1.7053992378991044e-8,1.9951452606876106,0.018,0.004,3.9537975931452836e-4,7,Caacu.v4.11G010090,Chr11,12016966,12022165,-,cysteine-rich RLK (RECEPTOR-like protein kinase)
1.7053992378991044e-8,1.9951452606876106,0.018,0.004,3.9537975931452836e-4,7,Caacu.v4.11G010130,Chr11,12039526,12044725,-,cysteine-rich RLK (RECEPTOR-like protein kinase)
2.427328023754469e-8,2.188040959528257,0.15,0.041,5.627517290272362e-4,7,Caacu.v4.10G015110,Chr10,17736940,17738803,-,metallothionein
2.7617344260935897e-8,10.619931710942492,0.018,0,6.402805093455379e-4,7,Caacu.v4.5G008300,Chr5,6406832,6412556,-,Protein kinase superfamily protein
2.7617359344168128e-8,5.968674855500129,0.018,0.001,6.402808590351939e-4,7,Caacu.v4.20G006110,Chr20,4861736,4871158,+,ABC2 homolog
2.7862898115127643e-8,5.399753252917192,0.018,0.001,6.459734299011193e-4,7,Caacu.v4.6G003120,Chr6,2949836,2955363,+,TSL-kinase interacting protein
2.8110554552460544e-8,5.257266401159363,0.018,0.001,6.517150967442453e-4,7,Caacu.v4.8G015910,Chr8,16983387,16985387,+,PPPDE putative thiol peptidase family protein
2.8360346323020748e-8,4.0801032505700014,0.018,0.001,6.57506269152913e-4,7,Caacu.v4.3G001710,Chr3,1514902,1516385,+,hypothetical protein
2.8612291235735885e-8,3.148283600598565,0.018,0.001,6.633473600093008e-4,7,Caacu.v4.3G019280,Chr3,22388927,22389388,+,tubulin beta
2.8612291235735885e-8,4.32670528533436,0.018,0.001,6.633473600093008e-4,7,Caacu.v4.4G001120,Chr4,2340978,2343265,-,NAC (No Apical Meristem) domain transcriptional regulator superfamily protein
4.759466186909443e-8,2.7950082853639535,0.062,0.009,0.0011034346407730851,7,Caacu.v4.20G005840,Chr20,4609517,4617188,-,Major facilitator superfamily protein
5.8484031782816034e-8,3.3382608463371435,0.035,0.003,0.001355893792852807,7,Caacu.v4.9G000380,Chr9,1122750,1133403,-,Queuine tRNA-ribosyltransferase domain containing protein
6.007494964592623e-8,3.0372059410149457,0.035,0.003,0.0013927776325911537,7,Caacu.v4.8G016320,Chr8,17273039,17275755,+,fatty acid desaturase
6.061451410327692e-8,2.601832940130599,0.035,0.003,0.001405286894970372,7,Caacu.v4.13G000360,Chr13,311127,312650,-,Putative lysine decarboxylase family protein
7.328721705331709e-8,3.9063146647328426,0.027,0.002,0.0016990908401641033,7,Caacu.v4.5G009570,Chr5,7678443,7683211,-,"Protein NUCLEAR FUSION DEFECTIVE 6, chloroplastic/mitochondrial"
7.498640054286123e-8,3.464396504525716,0.027,0.002,0.001738484710185695,7,Caacu.v4.9G001060,Chr9,3850560,3850922,+,hypothetical protein
7.541712194953143e-8,3.628155031030706,0.027,0.002,0.0017484705552779367,7,Caacu.v4.4G009540,Chr4,13623765,13626040,+,Tetratricopeptide repeat (TPR)-like superfamily protein
7.988560372914169e-8,1.8221924920993162,0.106,0.024,0.001852067836856421,7,Caacu.v4.4G015780,Chr4,18676680,18678110,-,allene oxide cyclase
8.18149530794357e-8,1.4278664413254507,0.088,0.033,0.0018967978721936372,7,Caacu.v4.15G005230,Chr15,9948861,9955244,-,hypothetical protein
9.476767720526315e-8,3.5260731698956964,0.044,0.005,0.002197093828326821,7,Caacu.v4.9G010760,Chr9,14743902,14747735,-,Serine protease inhibitor (SERPIN) family protein
1.02445612106084e-7,0.7440696711838317,0.522,0.27,0.0023750990710674517,7,Caacu.v4.2G026800,Chr2,31179174,31180834,-,Chlorophyll A-B binding family protein
1.802120584743443e-7,2.807512504156631,0.08,0.015,0.0041780363636691985,7,Caacu.v4.14G003610,Chr14,2435001,2443877,-,DNA-directed RNA polymerase family protein
2.0886871341172814e-7,3.4866930566571708,0.044,0.005,0.004842412251737505,7,Caacu.v4.21G008670,Chr21,10227909,10234089,-,Protein kinase superfamily protein
2.739714126203017e-7,2.058688274544393,0.08,0.015,0.006351753230189075,7,Caacu.v4.18G013030,Chr18,13106057,13135180,+,Alanyl-tRNA synthetase
3.560635455501636e-7,3.319791975953202,0.053,0.008,0.008254977240034992,7,Caacu.v4.1G031550,Chr1,34851349,34854794,-,hypothetical protein
4.2928892567855944e-7,4.184020224854036,0.027,0.002,0.009952634452931722,7,Caacu.v4.1G010210,Chr1,16723660,16732236,-,RNApolymerase sigma-subunit C
1.9694171366142706e-293,7.289187264337625,0.532,0.006,4.565896689526525e-289,8,Caacu.v4.S002420,scf_4,449455,450978,-,ATP synthase subunit
1.9694171366142706e-293,7.289187264337625,0.532,0.006,4.565896689526525e-289,8,Caacu.v4.S003190,scf_29,678,2201,+,ATP synthase subunit
8.341109900365018e-235,7.300231798816105,0.489,0.005,1.9338029193006256e-230,8,Caacu.v4.17G003320,Chr17,7004464,7009698,-,hypothetical protein
8.341109900365018e-235,7.300231798816105,0.489,0.005,1.9338029193006256e-230,8,Caacu.v4.17G003350,Chr17,7071075,7076277,-,hypothetical protein
7.019681278455714e-13,7.600766277629747,0.021,0,1.6274429075971727e-8,8,Caacu.v4.10G015640,Chr10,18224791,18231708,+,RING/U-box superfamily protein
7.222954750821462e-13,5.581419732867242,0.021,0,1.674569829430448e-8,8,Caacu.v4.1G010120,Chr1,16627296,16638752,+,Class I peptide chain release factor
7.222954750821462e-13,5.206657808978406,0.021,0,1.674569829430448e-8,8,Caacu.v4.8G002970,Chr8,3797672,3799258,-,Pyridoxal-5'-phosphate-dependent enzyme family protein
3.1236273062892156e-10,8.687577664177107,0.011,0,7.2418175469009176e-6,8,Caacu.v4.14G006510,Chr14,4780286,4787710,-,Protein kinase protein with adenine nucleotide alpha hydrolases-like domain
8.414991823089659e-10,5.348827313069306,0.021,0.001,1.9509317042651066e-5,8,Caacu.v4.2G007880,Chr2,6162459,6163890,+,ovate family protein
8.414991823089659e-10,5.939228808194174,0.021,0.001,1.9509317042651066e-5,8,Caacu.v4.4G004110,Chr4,7335618,7335947,-,hypothetical protein
8.414991823089659e-10,5.102968770797258,0.021,0.001,1.9509317042651066e-5,8,Caacu.v4.2G018220,Chr2,24191103,24194689,+,Duplicated homeodomain-like superfamily protein
2.327407732227465e-9,2.6622904746932172,0.021,0.002,5.395862086396155e-5,8,Caacu.v4.S025950,scf_172,45949,49455,+,DNA-directed RNA polymerase family protein
4.575912918076662e-9,3.3401701398542167,0.053,0.006,1.0608796509268933e-4,8,Caacu.v4.17G003280,Chr17,6867525,6873555,-,conserved hypothetical protein
5.64947664902731e-8,2.070965142023435,0.117,0.025,0.0013097746663104915,8,Caacu.v4.9G006770,Chr9,11306092,11307515,+,ATP synthase delta-subunit gene
1.0814998242704738e-7,3.460180736494748,0.032,0.002,0.0025073491925886667,8,Caacu.v4.1G018180,Chr1,23989093,23993326,-,calmodulin-binding family protein
1.0815000215236392e-7,2.939347127778868,0.032,0.002,0.002507349649900405,8,Caacu.v4.S001960,scf_4,344719,346983,-,hypothetical protein
2.638294844228051e-7,2.6443541767773766,0.053,0.006,0.006116622766858313,8,Caacu.v4.20G006790,Chr20,5541430,5546570,+,receptor like protein
4.128641836529885e-7,2.2623045916190416,0.043,0.004,0.009571843233810886,8,Caacu.v4.9G006420,Chr9,10888731,10890245,+,Nucleic acid-binding proteins superfamily
1.6034932622820878e-214,8.537022049300145,0.341,0.002,3.717538779274792e-210,9,Caacu.v4.9G003900,Chr9,8076969,8082748,+,nodulin MtN21 /EamA-like transporter family protein
3.2591197115371143e-198,7.199917242396525,0.398,0.006,7.555943139227646e-194,9,Caacu.v4.2G012460,Chr2,17197413,17200042,-,nodulin MtN21 /EamA-like transporter family protein
1.2265854480466762e-184,8.520309319924856,0.295,0.002,2.843715702751414e-180,9,Caacu.v4.3G000480,Chr3,586276,594700,+,heavy metal atpase
1.9369443289975983e-182,6.881786996516706,0.375,0.006,4.490611732348032e-178,9,Caacu.v4.1G019380,Chr1,24992038,24993182,+,hypothetical protein
3.2953516321176765e-162,8.635847234236486,0.227,0.001,7.63994322390162e-158,9,Caacu.v4.16G009610,Chr16,9582898,9585386,+,nodulin MtN21 /EamA-like transporter family protein
8.761723206711121e-155,7.396115667858313,0.25,0.002,2.0313179082439064e-150,9,Caacu.v4.19G001970,Chr19,5208865,5212601,+,basic helix-loop-helix (bHLH) DNA-binding superfamily protein
1.6119069526416673e-147,5.1784337758699905,0.511,0.021,3.7370450790044416e-143,9,Caacu.v4.8G002310,Chr8,2976761,2977738,+,hypothetical protein
3.896294083962219e-136,6.812641133798929,0.273,0.004,9.033168204258009e-132,9,Caacu.v4.1G011980,Chr1,18323026,18324299,+,hypothetical protein
6.887066923351849e-135,6.002500575827071,0.318,0.007,1.5966975955098927e-130,9,Caacu.v4.1G019370,Chr1,24986438,24987936,+,hypothetical protein
5.754491103864183e-119,6.990834534158889,0.227,0.002,1.3341212175198721e-114,9,Caacu.v4.14G000910,Chr14,704661,708265,+,amino acid permease
1.525051862607637e-104,6.720133996547144,0.17,0.001,3.5356802382695455e-100,9,Caacu.v4.8G002300,Chr8,2973980,2974501,+,hypothetical protein
4.8298527795695005e-104,9.699278577784408,0.136,0,1.119753068415393e-99,9,Caacu.v4.16G001490,Chr16,1359345,1362805,+,nodulin MtN21 /EamA-like transporter family protein
3.4339004028890806e-103,7.0961696748724314,0.182,0.002,7.961154694058044e-99,9,Caacu.v4.18G008890,Chr18,7628622,7635264,+,nitrate excretion transporter1
9.980571150581277e-100,4.209236374537312,0.568,0.045,2.3138956155507633e-95,9,Caacu.v4.8G000590,Chr8,684745,696054,+,heavy metal atpase
1.252590543740527e-98,6.05948794360827,0.193,0.003,2.9040059166080377e-94,9,Caacu.v4.19G005360,Chr19,9124789,9126361,-,hypothetical protein
2.9425448381367563e-96,5.268138577001799,0.523,0.04,6.821995952736256e-92,9,Caacu.v4.9G011940,Chr9,15631648,15634584,-,Walls Are Thin
1.3438915681937067e-91,6.327420354860671,0.193,0.003,3.1156782117002895e-87,9,Caacu.v4.2G017540,Chr2,23500300,23502182,+,2-oxoglutarate (2OG) and Fe(II)-dependent oxygenase superfamily protein
1.7722554329383773e-88,5.400070207895784,0.239,0.006,4.1087969957243342e-84,9,Caacu.v4.1G002850,Chr1,6771883,6772853,-,glutamine dumper
2.85663706207084e-84,5.533944476596661,0.205,0.005,6.622827364705036e-80,9,Caacu.v4.2G026680,Chr2,31092457,31098565,-,sulfate transporter 3;1
3.226914563011981e-78,5.857707024820574,0.148,0.002,7.481278722886977e-74,9,Caacu.v4.3G000350,Chr3,432964,443196,-,high-affinity K+ transporter
2.2634783746349005e-69,4.963096177518121,0.25,0.011,5.247648263753553e-65,9,Caacu.v4.1G014290,Chr1,20481404,20482704,-,hypothetical protein
1.9075111121283897e-68,5.4154332919341615,0.17,0.004,4.4223737623584586e-64,9,Caacu.v4.21G002430,Chr21,3690628,3692563,+,Bifunctional inhibitor/lipid-transfer protein/seed storage 2S albumin superfamily protein
7.87095865344809e-67,7.243599102694877,0.114,0.001,1.8248030542154053e-62,9,Caacu.v4.16G012990,Chr16,14406970,14409844,-,"HAD superfamily, subfamily IIIB acid phosphatase "
7.202225196283467e-64,5.406514583618269,0.17,0.005,1.669763889506359e-59,9,Caacu.v4.20G005220,Chr20,4090464,4091277,+,conserved hypothetical protein
2.4442444265310147e-63,6.296379142399372,0.136,0.002,5.666736278469505e-59,9,Caacu.v4.4G005430,Chr4,9421342,9427717,-,plant glycogenin-like starch initiation protein
4.8427612630785166e-63,5.568037399422119,0.205,0.008,1.1227457712321232e-58,9,Caacu.v4.15G010430,Chr15,14578298,14580644,+,hypothetical protein
2.8331296076797693e-59,4.378374453606068,0.148,0.003,6.568327682444777e-55,9,Caacu.v4.3G004460,Chr3,3803938,3806866,-,hypothetical protein
3.972686403989684e-58,6.106205281083715,0.114,0.002,9.210276159009683e-54,9,Caacu.v4.4G012680,Chr4,16181613,16192271,+,histidine kinase
7.800822329751887e-55,5.2738503377249595,0.193,0.008,1.8085426489296775e-50,9,Caacu.v4.6G016100,Chr6,15881215,15884466,+,Bifunctional inhibitor/lipid-transfer protein/seed storage 2S albumin superfamily protein
3.531775314507937e-54,8.11107660203255,0.102,0.001,8.188067889155201e-50,9,Caacu.v4.8G002670,Chr8,3413404,3419573,-,Cellulose synthase family protein
1.3875817607375756e-53,4.785520941721743,0.239,0.014,3.2169695540939954e-49,9,Caacu.v4.5G009540,Chr5,7654129,7659875,-,hypothetical protein
3.5689141443311175e-53,7.084672210716503,0.125,0.003,8.274170552217262e-49,9,Caacu.v4.7G012660,Chr7,17738878,17744437,+,cellulose synthase A4
1.4718845685200478e-51,7.462356915154131,0.08,0.001,3.4124171836568787e-47,9,Caacu.v4.8G011460,Chr8,13163228,13163782,+,conserved hypothetical protein
1.511058955971689e-51,6.816386958436258,0.114,0.002,3.503239083524764e-47,9,Caacu.v4.3G002260,Chr3,1971462,1977559,-,Cellulose synthase family protein
1.6078396037365818e-51,6.709454337680342,0.08,0.001,3.727615337302891e-47,9,Caacu.v4.13G004580,Chr13,3572356,3578939,+,Rhamnogalacturonate lyase family protein
1.422738336558357e-50,5.8464936529223195,0.125,0.003,3.298476559476895e-46,9,Caacu.v4.7G005530,Chr7,11410695,11414273,-,Serine carboxypeptidase S28 family protein
2.8166073640010467e-50,4.106758548137503,0.261,0.018,6.530022512700027e-46,9,Caacu.v4.14G003330,Chr14,2284482,2293334,+,S-adenosyl-L-methionine-dependent methyltransferases superfamily protein
4.71267142251821e-49,8.681953505809037,0.068,0,1.0925857425966217e-44,9,Caacu.v4.9G015110,Chr9,17905912,17908152,-,nodulin MtN21 /EamA-like transporter family protein
4.900351069274801e-49,8.303949430915305,0.068,0,1.1360973919006698e-44,9,Caacu.v4.16G011120,Chr16,11280905,11283374,+,Plant protein of unknown function (DUF828)
2.536739787145269e-48,5.800949739250171,0.125,0.003,5.881177522517592e-44,9,Caacu.v4.3G003340,Chr3,2798823,2806928,+,2-oxoglutarate (2OG) and Fe(II)-dependent oxygenase superfamily protein
2.3536093779108065e-47,4.617331768079903,0.205,0.011,5.4566079817484135e-43,9,Caacu.v4.11G001940,Chr11,2652691,2655925,+,"cytochrome P450, family 98, subfamily A, polypeptide"
4.38785940669076e-47,4.116474464859985,0.25,0.018,1.0172813248471858e-42,9,Caacu.v4.6G017210,Chr6,17028327,17029245,+,hypothetical protein
6.178482881540709e-47,5.775632829170014,0.136,0.004,1.432419471256398e-42,9,Caacu.v4.16G011910,Chr16,12405460,12414633,-,alanine:glyoxylate aminotransferase
7.445611620774258e-47,5.37210769514854,0.136,0.004,1.726190598160304e-42,9,Caacu.v4.21G001670,Chr21,1627695,1633331,-,Subtilase family protein
2.4429943133174485e-46,6.588699157211657,0.125,0.003,5.6638380159951725e-42,9,Caacu.v4.5G010910,Chr5,8907723,8915620,-,cellulose synthase family protein
2.740012315033799e-46,6.6225473177767,0.08,0.001,6.35244455117436e-42,9,Caacu.v4.20G002420,Chr20,1715970,1720200,-,Leucine-rich receptor-like protein kinase family protein
9.891593077611594e-45,3.824904631932641,0.33,0.034,2.293266939113472e-40,9,Caacu.v4.7G005310,Chr7,11164083,11164881,+,hypothetical protein
1.3587936176187754e-44,4.380569032498104,0.148,0.006,3.150227123087369e-40,9,Caacu.v4.1G002340,Chr1,6165634,6173953,+,cyclic nucleotide-gated channel
3.416325574190449e-44,5.243312051760394,0.125,0.004,7.920409211203137e-40,9,Caacu.v4.4G018110,Chr4,20485679,20492094,+,ABC transporter family protein
1.0651707833539715e-41,6.323339508434611,0.102,0.002,2.4694919441278477e-37,9,Caacu.v4.2G028240,Chr2,32321013,32326905,+,actin-related protein C2B
1.2888034502765038e-41,5.515451357188906,0.102,0.002,2.9879619191210467e-37,9,Caacu.v4.1G003140,Chr1,7099307,7105012,-,cellulose synthase like G2
2.2078663400256216e-41,4.653994229129554,0.193,0.012,5.118717322715401e-37,9,Caacu.v4.12G006560,Chr12,11594776,11597173,-,S-adenosyl-L-methionine-dependent methyltransferases superfamily protein
5.27457664079578e-40,9.180506702050902,0.057,0,1.2228578484020937e-35,9,Caacu.v4.13G006930,Chr13,5810690,5825478,-,nodulin MtN21 /EamA-like transporter family protein
5.690644851036769e-40,7.2791232855057775,0.057,0,1.3193191022643646e-35,9,Caacu.v4.7G006340,Chr7,12315742,12316387,-,hypothetical protein
2.0956421494160076e-39,6.084074830285655,0.102,0.003,4.858536759206072e-35,9,Caacu.v4.7G009260,Chr7,14909572,14915001,+,Laccase/Diphenol oxidase family protein
8.796244204076702e-39,12.100431766342425,0.045,0,2.0393212562731427e-34,9,Caacu.v4.4G013080,Chr4,16483605,16484677,-,IQ-domain
8.796244204076702e-39,12.050687366320636,0.045,0,2.0393212562731427e-34,9,Caacu.v4.6G011110,Chr6,11039707,11045219,-,Auxin efflux carrier family protein
9.12358947694379e-39,3.4941180823949902,0.261,0.024,2.1152129843346486e-34,9,Caacu.v4.20G008470,Chr20,8671338,8676176,+,Auxin efflux carrier family protein
2.147782106339913e-38,7.549004542807045,0.08,0.001,4.979418035338454e-34,9,Caacu.v4.2G021950,Chr2,27206642,27211386,+,Laccase/Diphenol oxidase family protein
4.005636366539887e-38,5.483798553092345,0.114,0.004,9.286667352186074e-34,9,Caacu.v4.11G002900,Chr11,3955366,3962877,-,Phototropic-responsive NPH3 family protein
4.0480789870177856e-38,5.50516658973627,0.17,0.006,9.385066323502034e-34,9,Caacu.v4.12G002990,Chr12,2774176,2777773,-,Major facilitator superfamily protein
2.4488540904296184e-37,3.5117504481993276,0.341,0.044,5.677423323252027e-33,9,Caacu.v4.16G005810,Chr16,5316873,5318122,+,hypothetical protein
6.815477467310137e-37,5.117458791883338,0.136,0.006,1.580100296021182e-32,9,Caacu.v4.2G021500,Chr2,26910044,26911587,-,Bifunctional inhibitor/lipid-transfer protein/seed storage 2S albumin superfamily protein
1.3261867958290356e-35,4.30079099717718,0.148,0.008,3.074631467450036e-31,9,Caacu.v4.12G002510,Chr12,2290252,2294291,+,homeobox
4.3976347511551875e-35,3.8388275216958374,0.205,0.016,1.0195476407078187e-30,9,Caacu.v4.17G009580,Chr17,13764220,13768131,+,"Protein of unknown function, DUF599"
6.315780612299792e-35,5.634434096615086,0.091,0.002,1.4642505771555838e-30,9,Caacu.v4.6G003580,Chr6,3362554,3366274,-,COBRA-like extracellular glycosyl-phosphatidyl inositol-anchored protein family
3.0422104063768545e-34,8.583805702446572,0.057,0.001,7.053060606144099e-30,9,Caacu.v4.5G012010,Chr5,10369110,10372392,+,purine permease
1.2755541972955343e-33,5.476585770145979,0.114,0.005,2.957244851009967e-29,9,Caacu.v4.4G018030,Chr4,20429895,20431518,-,Pathogenesis-related thaumatin superfamily protein
4.642433664734987e-33,4.345845666844088,0.17,0.012,1.0763018208321594e-28,9,Caacu.v4.9G012710,Chr9,16307298,16312422,-,Subtilisin-like serine endopeptidase family protein
8.315393866833999e-33,4.889131047519086,0.136,0.007,1.9278409140867943e-28,9,Caacu.v4.15G004150,Chr15,8746873,8757981,+,"dehydroquinate dehydratase, putative / shikimate dehydrogenase, putative"
1.1595939120351936e-32,4.891930940367982,0.08,0.002,2.688402525662393e-28,9,Caacu.v4.4G001850,Chr4,3256701,3258944,-,Peroxidase superfamily protein
2.9118129496613494e-31,6.037464559376361,0.125,0.003,6.750747142494872e-27,9,Caacu.v4.10G008480,Chr10,11342708,11353359,-,subtilase family protein
4.851446059933296e-31,10.43487323758673,0.045,0,1.1247592545349353e-26,9,Caacu.v4.15G006100,Chr15,10784858,10786862,-,hypothetical protein
5.031570240053274e-31,7.567268659888777,0.045,0,1.1665192444539509e-26,9,Caacu.v4.16G003990,Chr16,3741486,3745375,+,alpha carbonic anhydrase
1.541462603273381e-30,6.4906368749732195,0.08,0.002,3.5737268994290064e-26,9,Caacu.v4.12G011440,Chr12,16554625,16558928,+,Laccase/Diphenol oxidase family protein
1.6306374516251534e-30,3.349339722152018,0.136,0.011,3.7804698678477555e-26,9,Caacu.v4.12G002970,Chr12,2763157,2766701,-,Major facilitator superfamily protein
1.7291502932103226e-30,5.711710333100819,0.08,0.002,4.008862039778812e-26,9,Caacu.v4.18G001910,Chr18,1918694,1919617,-,hypothetical protein
6.884216038324975e-30,6.380284174214861,0.057,0.001,1.5960366463252622e-25,9,Caacu.v4.1G027070,Chr1,31221784,31225077,-,myb domain protein
1.6771158514020493e-29,12.312545794419318,0.034,0,3.888225389890511e-25,9,Caacu.v4.2G029030,Chr2,32999796,33002019,-,MATE efflux family protein
1.6771158514020493e-29,11.173466016329607,0.034,0,3.888225389890511e-25,9,Caacu.v4.14G009380,Chr14,7732544,7739078,+,Actin-binding FH2 (formin homology 2) family protein
1.6771158514020493e-29,12.193866173444103,0.034,0,3.888225389890511e-25,9,Caacu.v4.2G011150,Chr2,14654382,14656837,-,Plant protein of unknown function (DUF828)
2.0019859647906083e-29,3.4428381207664405,0.25,0.029,4.641404260770547e-25,9,Caacu.v4.9G012900,Chr9,16438996,16450178,+,Major facilitator superfamily protein
4.179887565865208e-29,5.029603403750524,0.182,0.016,9.690651332701899e-25,9,Caacu.v4.14G007960,Chr14,6315572,6317095,-,germin-like protein
2.4510374388819208e-28,5.289581439992467,0.102,0.005,5.682485198303845e-24,9,Caacu.v4.6G019190,Chr6,18987408,18991675,-,hypothetical protein
5.126015218607788e-28,5.303614331375297,0.091,0.002,1.1884153682820297e-23,9,Caacu.v4.13G006110,Chr13,4959577,4964027,+,Cellulase (glycosyl hydrolase family 5) domain containing protein
2.6462899055779993e-27,4.1242047069799,0.125,0.008,6.135158517092033e-23,9,Caacu.v4.4G012140,Chr4,15726572,15727761,-,hypothetical protein
1.545150703063477e-26,6.466673208099351,0.057,0.001,3.5822773899823647e-22,9,Caacu.v4.6G001750,Chr6,1688454,1690021,+,conserved hypothetical protein
3.705063111949688e-26,4.7415370805258465,0.102,0.005,8.589818318744156e-22,9,Caacu.v4.3G000900,Chr3,1000433,1003479,-,conserved hypothetical protein
4.693412616045074e-26,4.38464041323171,0.102,0.005,1.08812078090389e-21,9,Caacu.v4.2G020960,Chr2,26509441,26512572,-,Haloacid dehalogenase-like hydrolase (HAD) superfamily protein
5.129809833504775e-26,4.686254192766573,0.068,0.002,1.189295111799747e-21,9,Caacu.v4.4G008360,Chr4,12538078,12545231,-,hydroxyproline-rich glycoprotein family protein
7.243501401059344e-26,7.454425230742774,0.045,0.001,1.6793333648215983e-21,9,Caacu.v4.1G005860,Chr1,10722801,10725709,-,myb domain protein
7.57980811264864e-26,6.399308589358397,0.045,0.001,1.7573027128364605e-21,9,Caacu.v4.4G015700,Chr4,18617413,18620828,-,conserved hypothetical protein
1.7102846767006625e-25,3.2081309376592895,0.295,0.047,3.965123994462816e-21,9,Caacu.v4.4G016960,Chr4,19593341,19598180,-,hypothetical protein
2.727843436753333e-25,4.415882950530013,0.125,0.008,6.324232223768927e-21,9,Caacu.v4.1G037200,Chr1,39036237,39039417,+,RmlC-like cupins superfamily protein
3.526089181761374e-25,4.5571863504614845,0.102,0.005,8.17488515899557e-21,9,Caacu.v4.1G020700,Chr1,26169901,26176005,+,nudix hydrolase homolog
7.962969108461458e-24,5.526711950546576,0.057,0.001,1.8461347581057043e-19,9,Caacu.v4.4G016130,Chr4,18929516,18930344,+,glutamine dumper
8.393105730224879e-24,4.710981974424634,0.08,0.003,1.945857632495336e-19,9,Caacu.v4.21G006770,Chr21,8784006,8784862,+,basic leucine-zipper
1.7676908411004492e-23,5.234182916614607,0.102,0.006,4.0982144460072817e-19,9,Caacu.v4.15G007130,Chr15,11846640,11851039,-,Major facilitator superfamily protein
7.386442716002308e-23,3.536742899023725,0.17,0.018,1.7124728792779752e-18,9,Caacu.v4.10G004260,Chr10,4284817,4286800,-,conserved hypothetical protein
7.526203913041753e-23,4.057944557846801,0.159,0.014,1.7448751151996003e-18,9,Caacu.v4.5G002420,Chr5,1715933,1748362,+,Major Facilitator Superfamily with SPX (SYG1/Pho81/XPR1) domain-containing protein
7.785574713082741e-23,3.268603245550694,0.193,0.023,1.8050076414811027e-18,9,Caacu.v4.11G005500,Chr11,7145581,7150246,-,Eukaryotic aspartyl protease family protein
8.948183580681508e-23,2.851377586369899,0.261,0.044,2.074546881345201e-18,9,Caacu.v4.7G013710,Chr7,18571402,18580033,-,basic helix-loop-helix (bHLH) DNA-binding superfamily protein
1.0928268833671241e-22,4.183246568755227,0.148,0.013,2.5336098463983408e-18,9,Caacu.v4.12G001210,Chr12,981942,982997,-,Cupredoxin superfamily protein
1.4701224574157214e-22,4.592229500502151,0.08,0.003,3.4083319052726083e-18,9,Caacu.v4.18G006150,Chr18,5078326,5082726,-,Plant protein of unknown function (DUF828)
2.0841164051877888e-22,3.3849645830281725,0.193,0.023,4.8318154737873694e-18,9,Caacu.v4.9G009820,Chr9,14038360,14039907,-,N-terminal nucleophile aminohydrolases (Ntn hydrolases) superfamily protein
2.4674609721539053e-22,3.7223714539816175,0.159,0.016,5.720561517841614e-18,9,Caacu.v4.10G004880,Chr10,4994768,4997890,-,methylesterase PCR A
2.973791272951274e-22,3.293269032891431,0.227,0.032,6.894437687210234e-18,9,Caacu.v4.3G005310,Chr3,4459227,4464314,+,phytochrome-associated protein
3.2375531570779107e-22,7.2289699692903895,0.034,0,7.505943239369428e-18,9,Caacu.v4.16G001280,Chr16,1201704,1205177,-,conserved hypothetical protein
3.2375531570779107e-22,7.220651881650033,0.034,0,7.505943239369428e-18,9,Caacu.v4.8G001280,Chr8,1618363,1619511,+,Ribulose bisphosphate carboxylase (small chain) family protein
3.2933903695747752e-22,7.155979629329634,0.034,0,7.635396232822159e-18,9,Caacu.v4.11G006660,Chr11,8819363,8822255,+,conserved hypothetical protein
3.350180479360414e-22,6.189289936480634,0.034,0,7.767058423349184e-18,9,Caacu.v4.8G014670,Chr8,15937681,15940679,-,fatty acyl-ACP thioesterases B
3.7755705382068087e-22,6.074225687589893,0.045,0.001,8.753282735778665e-18,9,Caacu.v4.1G012290,Chr1,18683034,18688577,+,nitrate transporter 1.5
1.2569932094314383e-21,5.500474961477659,0.057,0.002,2.9142130567458466e-17,9,Caacu.v4.17G007640,Chr17,12131124,12138361,+,"Protein of unknown function, DUF547"
1.3774931221370415e-21,5.168459221472056,0.057,0.002,3.193580054362517e-17,9,Caacu.v4.1G022450,Chr1,27753952,27757848,-,RHOMBOID-like
2.2729447661975428e-21,4.43554346232551,0.125,0.01,5.269595145952383e-17,9,Caacu.v4.9G014930,Chr9,17774052,17775930,+,xylem cysteine peptidase
4.592696733027271e-21,5.700346895148314,0.068,0.003,1.0647708105850425e-16,9,Caacu.v4.10G007070,Chr10,9279773,9283288,-,"cytochrome P450, family 72, subfamily A, polypeptide"
9.950382838821265e-21,2.857130868531777,0.159,0.017,2.3068967573523223e-16,9,Caacu.v4.8G001910,Chr8,2261560,2262489,-,glutamine dumper
1.2123278077161728e-20,3.0760456747183103,0.114,0.009,2.810660789409175e-16,9,Caacu.v4.13G006220,Chr13,5069427,5075255,-,beta glucosidase
2.2545070564453374e-20,2.7742685243248904,0.318,0.066,5.22684915966287e-16,9,Caacu.v4.6G002400,Chr6,2310827,2311608,-,"Lipase/lipooxygenase, PLAT/LH2 family protein"
3.3479797335842334e-20,11.150721320712327,0.023,0,7.761956214341687e-16,9,Caacu.v4.1G022760,Chr1,28013944,28014741,-,Copper transport protein family
3.3479797335842334e-20,11.229153503741312,0.023,0,7.761956214341687e-16,9,Caacu.v4.3G008710,Chr3,7410272,7413862,-,RING/U-box superfamily protein
3.3479797335842334e-20,10.660345807504573,0.023,0,7.761956214341687e-16,9,Caacu.v4.10G014500,Chr10,17211654,17214303,-,Plant protein of unknown function (DUF828)
7.547193455931966e-20,3.8924360131459843,0.102,0.007,1.749741330823267e-15,9,Caacu.v4.16G013130,Chr16,14730492,14733944,+,Glycosyl hydrolase superfamily protein
7.945441696095008e-20,6.050021727482172,0.057,0.002,1.8420712028226667e-15,9,Caacu.v4.3G010520,Chr3,8784478,8788764,+,galacturonosyltransferase
9.19057251850201e-20,3.1318093500542714,0.159,0.018,2.130742332689506e-15,9,Caacu.v4.15G000350,Chr15,873937,886147,+,copper-exporting ATPase / responsive-to-antagonist 1 / copper-transporting ATPase (RAN1)
1.7674026219201486e-19,4.900024582900572,0.08,0.004,4.097546238659672e-15,9,Caacu.v4.2G022520,Chr2,27730562,27734721,+,glutamate dehydrogenase
2.1080155009953177e-19,6.121942537970921,0.045,0.001,4.887223137507544e-15,9,Caacu.v4.18G012140,Chr18,12226849,12231883,-,O-methyltransferase
2.2553105946746906e-19,5.962067995152802,0.045,0.001,5.228712082693802e-15,9,Caacu.v4.13G005450,Chr13,4428273,4430208,+,Cupredoxin superfamily protein
2.5254206826216417e-19,3.8619857385320433,0.102,0.008,5.854935310590014e-15,9,Caacu.v4.3G008610,Chr3,7328937,7331895,-,BTB/POZ domain-containing protein
3.7643237908573077e-19,3.2333810021144735,0.193,0.027,8.727208276723582e-15,9,Caacu.v4.1G014170,Chr1,20424630,20430826,-,non-ATPase subunit
4.635153415255096e-19,3.5638747323824695,0.091,0.006,1.0746139677927414e-14,9,Caacu.v4.20G006450,Chr20,5203385,5204366,-,conserved hypothetical protein
4.996505759786567e-19,3.5509299091569813,0.091,0.006,1.1583898953489177e-14,9,Caacu.v4.6G008950,Chr6,7849847,7850844,-,PHYTOSULFOKINE 3 PRECURSOR
1.3862970768367431e-18,4.435570018049134,0.068,0.003,3.2139911429383055e-14,9,Caacu.v4.8G015320,Chr8,16481984,16489800,-,respiratory burst oxidase homologue D
7.581593073167921e-18,6.879563224912874,0.034,0.001,1.7577165380832509e-13,9,Caacu.v4.8G011190,Chr8,12931445,12933548,-,conserved hypothetical protein
7.79090052695152e-18,6.90764112027349,0.034,0.001,1.8062423781684404e-13,9,Caacu.v4.4G006750,Chr4,10890077,10892382,-,Protein of unknown function (DUF581)
7.79090052695152e-18,6.209665916315614,0.034,0.001,1.8062423781684404e-13,9,Caacu.v4.21G011170,Chr21,12187337,12192038,-,microtubule-associated protein 65-8
8.005909245355892e-18,5.847576691692918,0.034,0.001,1.85608999944331e-13,9,Caacu.v4.2G019690,Chr2,25539386,25540517,+,FASCICLIN-like arabinogalactan-protein
8.115599277792532e-18,5.7404098921022735,0.034,0.001,1.8815205365634206e-13,9,Caacu.v4.13G005990,Chr13,4841439,4844509,-,Haloacid dehalogenase-like hydrolase (HAD) superfamily protein
1.5408824522960566e-17,4.3912708084052685,0.068,0.003,3.5723818774031774e-13,9,Caacu.v4.1G000290,Chr1,682563,685075,+,Protein of unknown function (DUF1218)
3.176491807421538e-17,5.793122403782764,0.045,0.001,7.364378606326093e-13,9,Caacu.v4.17G009610,Chr17,13812870,13815833,-,Glycosyl hydrolase superfamily protein
3.208303397328157e-17,6.135423112432511,0.045,0.001,7.438130596365599e-13,9,Caacu.v4.9G005740,Chr9,10195397,10198782,+,Vacuolar iron transporter (VIT) family protein
3.305634076733385e-17,5.287801089081334,0.045,0.001,7.663782043498679e-13,9,Caacu.v4.2G006870,Chr2,5283012,5284590,+,receptor-like protein kinase-related family protein
3.33872294116944e-17,4.796922015595761,0.045,0.001,7.74049526680723e-13,9,Caacu.v4.7G007590,Chr7,13659268,13661095,-,myb domain protein
3.474369672550528e-17,4.852646710382512,0.045,0.001,8.054978648841144e-13,9,Caacu.v4.8G008740,Chr8,10308103,10309623,-,hypothetical protein
6.490458052812692e-17,5.1993143705466185,0.057,0.002,1.5047477949640947e-12,9,Caacu.v4.3G017090,Chr3,16507165,16517765,-,acyl-CoA oxidase
6.699268792133783e-17,5.120529886324517,0.057,0.002,1.5531584767682964e-12,9,Caacu.v4.5G006420,Chr5,4964175,4972936,+,Subtilase family protein
7.54300290239229e-17,4.237877986640795,0.057,0.002,1.7487697928906285e-12,9,Caacu.v4.2G017660,Chr2,23660156,23664429,+,Rho GTPase activating protein with PAK-box/P21-Rho-binding domain
1.5278358748938978e-16,3.4957803861381462,0.136,0.016,3.542134692354013e-12,9,Caacu.v4.8G011960,Chr8,13556259,13566649,-,nitrate transporter 1:2
2.061248837872514e-16,3.0344383969904687,0.148,0.019,4.778799305723637e-12,9,Caacu.v4.20G002990,Chr20,2189131,2193449,-,serine carboxypeptidase-like
2.3105106257585764e-16,3.597415825037519,0.114,0.011,5.356687834758683e-12,9,Caacu.v4.1G000600,Chr1,1385550,1389098,+,ATP-binding cassette
2.912887946818006e-16,3.031449374672266,0.159,0.022,6.753239415902865e-12,9,Caacu.v4.5G001380,Chr5,970650,972674,-,Heavy metal transport/detoxification superfamily protein 
3.4342317578843515e-16,1.8064533422389073,0.466,0.138,7.96192290747908e-12,9,Caacu.v4.10G008510,Chr10,11403443,11407413,-,Subtilisin-like serine endopeptidase family protein
7.681314478116773e-16,4.604249026443513,0.08,0.006,1.7808359486065927e-11,9,Caacu.v4.11G016090,Chr11,16979824,16983561,-,O-methyltransferase
8.192435018800793e-16,4.482004248673974,0.068,0.004,1.899334134758776e-11,9,Caacu.v4.19G006110,Chr19,9827117,9830555,+,ACT domain repeat
1.1137105960428556e-15,3.7211776885822414,0.057,0.003,2.5820266458657564e-11,9,Caacu.v4.18G001640,Chr18,1585860,1591641,-,Nucleotide-diphospho-sugar transferases superfamily protein
1.1958526871047539e-15,3.71819712875108,0.091,0.008,2.7724648697836613e-11,9,Caacu.v4.6G020800,Chr6,20302358,20306893,+,Auxin-responsive GH3 family protein
1.7009148789503545e-15,5.315371080675304,0.045,0.002,3.9434010553585017e-11,9,Caacu.v4.21G006050,Chr21,8004211,8013394,-,bZIP transcription factor family protein
1.7315751501938556e-15,5.157037037139159,0.045,0.002,4.0144838282094345e-11,9,Caacu.v4.20G010710,Chr20,11626165,11628450,+,response regulator
1.778588869451361e-15,5.164612753805458,0.045,0.002,4.123480434936035e-11,9,Caacu.v4.2G001780,Chr2,1259532,1264179,+,beta-xylosidase
1.826859257645172e-15,4.6690694687222605,0.045,0.002,4.235390502924567e-11,9,Caacu.v4.10G012190,Chr10,15286087,15287620,+,Auxin-responsive family protein
3.4649039459774855e-15,3.029913793676699,0.182,0.03,8.033033308354202e-11,9,Caacu.v4.4G016950,Chr4,19590684,19593311,-,Plant calmodulin-binding protein-related
3.4749666491930552e-15,3.830078443876717,0.08,0.006,8.056362679489179e-11,9,Caacu.v4.9G008780,Chr9,13225631,13233261,+,glycosyl hydrolase family 10 protein / carbohydrate-binding domain-containing protein
6.443973954041099e-15,7.218711209755368,0.034,0.001,1.4939709215048884e-10,9,Caacu.v4.10G005150,Chr10,5342545,5346826,+,galacturonosyltransferase
6.443973954041099e-15,7.161890527004662,0.034,0.001,1.4939709215048884e-10,9,Caacu.v4.12G006420,Chr12,11258314,11259786,-,Protein of unknown function (DUF579)
6.6659806489932385e-15,5.597139579039809,0.034,0.001,1.5454409536625925e-10,9,Caacu.v4.11G009660,Chr11,11759551,11762834,-,basic helix-loop-helix (bHLH) DNA-binding superfamily protein
6.818149929461734e-15,4.851975625313226,0.034,0.001,1.5807198796464083e-10,9,Caacu.v4.2G014300,Chr2,19651147,19652723,+,"Protein of unknown function, DUF617"
6.925753850553091e-15,3.093300356733547,0.136,0.018,1.6056667727122286e-10,9,Caacu.v4.13G005470,Chr13,4432192,4432596,-,hypothetical protein
1.0319165266385784e-14,4.549206058682534,0.057,0.003,2.39239527535888e-10,9,Caacu.v4.8G018070,Chr8,18568675,18570557,-,conserved hypothetical protein
1.2498078492589916e-14,3.689946266229043,0.08,0.006,2.897554517722046e-10,9,Caacu.v4.6G007990,Chr6,6983032,6990121,-,ATP binding cassette subfamily B1
2.1877016423237606e-14,4.892513065132494,0.068,0.004,5.071967487563406e-10,9,Caacu.v4.3G017140,Chr3,16534569,16539608,-,RAC-like GTP binding protein
2.231405803281626e-14,2.965138788640344,0.148,0.021,5.173291214328122e-10,9,Caacu.v4.9G011640,Chr9,15381497,15384425,+,NmrA-like negative transcriptional regulator family protein
4.8054993933960457e-14,4.664564736050492,0.045,0.002,1.1141069793649393e-9,9,Caacu.v4.2G019480,Chr2,25356645,25360290,-,PHE ammonia lyase
4.8054993933960457e-14,4.597883455676245,0.045,0.002,1.1141069793649393e-9,9,Caacu.v4.6G001020,Chr6,1044445,1046111,+,hydroxyproline-rich glycoprotein family protein
4.9832972301012524e-14,3.9246718122856743,0.011,0.001,1.1553276298266744e-9,9,Caacu.v4.21G006140,Chr21,8084771,8092585,-,Transmembrane amino acid transporter family protein
5.003517627368441e-14,3.7623567844947576,0.045,0.002,1.1600155267290994e-9,9,Caacu.v4.1G014920,Chr1,21062905,21065508,+,VQ motif-containing protein
5.064470382200467e-14,4.027022363386468,0.045,0.002,1.1741468134093562e-9,9,Caacu.v4.21G001050,Chr21,988523,992164,+,amino acid permease
5.0849521950361025e-14,3.43448575560957,0.045,0.002,1.17889531689717e-9,9,Caacu.v4.7G011070,Chr7,16411119,16413150,+,UDP-glycosyltransferase 74 F1
5.0849521950361025e-14,4.116919987266937,0.045,0.002,1.17889531689717e-9,9,Caacu.v4.16G003340,Chr16,3276714,3278932,+,Family of unknown function (DUF662) 
9.243902802155551e-14,2.7635746031208415,0.125,0.016,2.143106425651743e-9,9,Caacu.v4.9G008580,Chr9,13028839,13037452,+,phosphoenolpyruvate carboxykinase
1.0702425596152774e-13,7.954719876194914,0.023,0,2.4812503502120593e-9,9,Caacu.v4.4G005480,Chr4,9471512,9488877,-,Ankyrin repeat family protein
1.0702425596152774e-13,7.323712460594849,0.023,0,2.4812503502120593e-9,9,Caacu.v4.5G003850,Chr5,2986978,2994687,+,WRKY family transcription factor
1.0702425596152774e-13,6.644343574433179,0.023,0,2.4812503502120593e-9,9,Caacu.v4.13G009920,Chr13,9783378,9788307,-,ATP-binding casette family G25
1.0702425596152774e-13,6.615082305407952,0.023,0,2.4812503502120593e-9,9,Caacu.v4.11G008120,Chr11,10414820,10419624,+,Mitochondrial substrate carrier family protein
1.0702425596152774e-13,7.87379733644659,0.023,0,2.4812503502120593e-9,9,Caacu.v4.12G010580,Chr12,15928278,15931190,-,laccase
1.0866811153958617e-13,6.398646632375982,0.023,0,2.5193614979337656e-9,9,Caacu.v4.17G004090,Chr17,8139611,8141201,+,"AGC (cAMP-dependent, cGMP-dependent and protein kinase C) kinase family protein"
1.0866811153958617e-13,6.6837838451735205,0.023,0,2.5193614979337656e-9,9,Caacu.v4.1G019030,Chr1,24698191,24700499,+,Calcium-binding EF-hand family protein
1.0866811153958617e-13,6.684124066874432,0.023,0,2.5193614979337656e-9,9,Caacu.v4.12G008920,Chr12,14315974,14318654,+,ferulic acid 5-hydroxylase
1.0866811153958617e-13,6.018337078840708,0.023,0,2.5193614979337656e-9,9,Caacu.v4.21G003710,Chr21,5467231,5484031,-,RNA-dependent RNA polymerase
1.1033677509284569e-13,5.484159352177777,0.023,0,2.5580477937525344e-9,9,Caacu.v4.5G011060,Chr5,9092407,9097008,-,phosphate transporter 2;1
1.1033677509284569e-13,5.75607469385321,0.023,0,2.5580477937525344e-9,9,Caacu.v4.8G018870,Chr8,19265648,19269866,-,Plant protein of unknown function (DUF936)
1.1033677509284569e-13,5.401436824705649,0.023,0,2.5580477937525344e-9,9,Caacu.v4.16G011580,Chr16,11865686,11869289,+,TRICHOME BIREFRINGENCE-LIKE
1.1033677509284569e-13,5.24629016593945,0.023,0,2.5580477937525344e-9,9,Caacu.v4.17G003210,Chr17,6698417,6718288,+,NAD(P)-binding Rossmann-fold superfamily protein
3.8984981658528777e-13,3.9795845807864367,0.068,0.005,9.038278147713312e-9,9,Caacu.v4.14G007490,Chr14,5808208,5812845,+,Major facilitator superfamily protein
4.992000537324316e-13,4.424552474424339,0.057,0.003,1.1573454045732695e-8,9,Caacu.v4.3G006680,Chr3,5578942,5584470,+,BREVIS RADIX-like
6.045476303603881e-13,4.713657978152396,0.091,0.009,1.4015832262275238e-8,9,Caacu.v4.10G005180,Chr10,5351712,5357709,-,kinesin
7.189068980083768e-13,4.441503234653589,0.045,0.002,1.6667137523426207e-8,9,Caacu.v4.4G007370,Chr4,11605977,11608069,+,Peroxidase superfamily protein
7.189068980083768e-13,4.86622953758115,0.045,0.002,1.6667137523426207e-8,9,Caacu.v4.7G004060,Chr7,9538683,9539901,-,conserved hypothetical protein
7.901254121881662e-13,6.585787567449545,0.034,0.001,1.8318267556170444e-8,9,Caacu.v4.6G016390,Chr6,16246267,16247207,-,conserved hypothetical protein
7.977752363935282e-13,5.82733993466886,0.034,0.001,1.849562108054756e-8,9,Caacu.v4.17G007850,Chr17,12350211,12356346,+,Nucleotide/sugar transporter family protein
8.054977446792041e-13,5.769032270058962,0.034,0.001,1.8674659712642667e-8,9,Caacu.v4.12G005610,Chr12,9879427,9880761,+,Eukaryotic aspartyl protease family protein
8.29108175022841e-13,5.014457624386559,0.034,0.001,1.9222043929729547e-8,9,Caacu.v4.14G002130,Chr14,1456729,1458868,-,laccase
8.371282517266561e-13,5.538164452963011,0.034,0.001,1.9407981388030794e-8,9,Caacu.v4.16G010950,Chr16,10885739,10888762,-,2-oxoglutarate (2OG) and Fe(II)-dependent oxygenase superfamily protein
1.4777293839598213e-12,2.6317182130923618,0.125,0.018,3.42596780377245e-8,9,Caacu.v4.20G010590,Chr20,11511930,11519968,-,DNA glycosylase superfamily protein
2.4103375710610126e-12,3.8063766243430366,0.08,0.008,5.588126624747852e-8,9,Caacu.v4.7G006830,Chr7,12828620,12830043,+,FASCICLIN-like arabinogalactan-protein
2.5812735012621172e-12,2.926346083517207,0.136,0.021,5.984424485326093e-8,9,Caacu.v4.16G006410,Chr16,5940429,5946465,-,fatty acid desaturase
2.7969644205621994e-12,3.548152867151723,0.057,0.004,6.484482312631403e-8,9,Caacu.v4.9G009560,Chr9,13878638,13879718,+,Gibberellin-regulated family protein
4.417289014124532e-12,3.5750268251629445,0.068,0.006,1.0241042850346315e-7,9,Caacu.v4.8G006760,Chr8,8416709,8420136,-,glucuronidase
6.492382512337277e-12,2.2740108314821086,0.227,0.054,1.5051939616602744e-7,9,Caacu.v4.16G005390,Chr16,5009112,5014415,-,Cobalamin-independent synthase family protein
7.416831751007419e-12,1.8332086632618303,0.398,0.141,1.71951827315356e-7,9,Caacu.v4.10G008490,Chr10,11368511,11372850,-,Subtilase family protein
7.921111542994832e-12,1.7049204039154442,0.409,0.15,1.836430500127922e-7,9,Caacu.v4.13G000490,Chr13,388335,395358,-,Prolyl oligopeptidase family protein
8.800478062271458e-12,2.375869238081517,0.17,0.033,2.0403028339570148e-7,9,Caacu.v4.7G006710,Chr7,12701702,12709414,-,RING/U-box superfamily protein
1.1396447174072882e-11,4.29171411866827,0.057,0.004,2.6421523128370567e-7,9,Caacu.v4.14G006960,Chr14,5208068,5216470,-,NIFU-like protein
1.1458406539858953e-11,4.160665631615944,0.057,0.004,2.6565169722008993e-7,9,Caacu.v4.6G015740,Chr6,15488148,15489166,+,Microsomal signal peptidase 25 kDa subunit (SPC25)
1.512338711929878e-11,2.8011835527214455,0.159,0.03,3.506206069738229e-7,9,Caacu.v4.1G038580,Chr1,40097948,40104354,+,IQ-domain
1.5276783895644687e-11,3.029798642086646,0.114,0.016,3.541769578366264e-7,9,Caacu.v4.11G009650,Chr11,11749744,11752012,+,flavodoxin-like quinone reductase
2.6161066335788268e-11,3.551719607739318,0.08,0.008,6.065181619289153e-7,9,Caacu.v4.14G014460,Chr14,16030835,16041639,-,VACUOLAR SORTING RECEPTOR
2.761887747464321e-11,3.23613819544824,0.08,0.008,6.403160553721282e-7,9,Caacu.v4.5G013530,Chr5,13099763,13105752,+,hypothetical protein
3.034033548101267e-11,5.361839646120695,0.034,0.001,7.034103377917977e-7,9,Caacu.v4.9G005350,Chr9,9778916,9780044,-,tracheary element differentiation-related
3.111320893238193e-11,4.918019454250097,0.034,0.001,7.213286358883426e-7,9,Caacu.v4.19G002590,Chr19,6314663,6326880,+,Glutathione S-transferase family protein
3.1520061005936256e-11,3.8672227598335684,0.068,0.006,7.307610943616262e-7,9,Caacu.v4.6G006450,Chr6,5754953,5757673,+,nodulin MtN21 /EamA-like transporter family protein
3.2173744988905906e-11,3.831267912058231,0.034,0.001,7.459161038227946e-7,9,Caacu.v4.9G008840,Chr9,13269132,13271221,-,Homeobox-leucine zipper protein family
3.2173744988905906e-11,3.8817168781985565,0.034,0.001,7.459161038227946e-7,9,Caacu.v4.13G002800,Chr13,2086790,2091059,-,"cytochrome P450, family 707, subfamily A, polypeptide"
3.326963482059857e-11,3.6547114181007188,0.034,0.001,7.713232136807573e-7,9,Caacu.v4.5G000670,Chr5,473095,476682,+,Cytochrome b561/ferric reductase transmembrane with DOMON related domain
4.302911899197124e-11,4.122234811962778,0.057,0.004,9.975870947098612e-7,9,Caacu.v4.4G012530,Chr4,16049639,16059542,+,calcium-dependent protein kinase
4.8607199194633316e-11,5.4287324457400015,0.045,0.003,1.126909306128379e-6,9,Caacu.v4.18G006730,Chr18,5639672,5641934,-,Duplicated homeodomain-like superfamily protein
5.047322317043185e-11,4.704642444456771,0.045,0.003,1.170171205983292e-6,9,Caacu.v4.7G009190,Chr7,14858196,14864067,-,calmodulin-binding receptor-like cytoplasmic kinase
5.1432335314150434e-11,4.565138484562943,0.045,0.003,1.1924072619232636e-6,9,Caacu.v4.16G008010,Chr16,7755025,7763954,-,purple acid phosphatase
5.7934183325284044e-11,3.6214223127509735,0.045,0.003,1.3431461062133852e-6,9,Caacu.v4.6G002480,Chr6,2388414,2395724,+,slufate transporter 2;1
7.578596534434152e-11,8.791207240743148,0.011,0,1.7570218205432137e-6,9,Caacu.v4.20G009530,Chr20,10215023,10221101,-,Calmodulin binding protein-like
7.578596534434152e-11,9.936840743410137,0.011,0,1.7570218205432137e-6,9,Caacu.v4.15G001920,Chr15,3133534,3136432,-,Protein of unknown function (DUF640)
7.578596534434152e-11,10.791522721401341,0.011,0,1.7570218205432137e-6,9,Caacu.v4.19G006210,Chr19,9886723,9893151,+,RING/U-box superfamily protein
8.395543863675158e-11,3.3327655539461807,0.102,0.014,1.9464228893544486e-6,9,Caacu.v4.1G021210,Chr1,26712476,26721195,-,adenine phosphoribosyl transferase
8.533684138839334e-11,3.0920701703334394,0.102,0.014,1.978449330748511e-6,9,Caacu.v4.1G014800,Chr1,20944741,20950600,-,Eukaryotic aspartyl protease family protein
8.574138577347544e-11,3.282225668444325,0.068,0.006,1.987828287772255e-6,9,Caacu.v4.7G015440,Chr7,20001545,20003193,+,Heavy metal transport/detoxification superfamily protein 
9.293949958154764e-11,3.4914933159531687,0.068,0.006,2.1547093582986005e-6,9,Caacu.v4.18G005290,Chr18,4415614,4417324,-,conserved hypothetical protein
1.003614657015052e-10,2.564368482950423,0.182,0.041,2.3267802208236965e-6,9,Caacu.v4.6G003140,Chr6,2967565,2971522,-,essential meiotic endonuclease 1B
1.3352203681696243e-10,4.325931268112953,0.057,0.005,3.0955749015644572e-6,9,Caacu.v4.8G008260,Chr8,9693841,9697764,+,Auxin efflux carrier family protein
1.3578248116728205e-10,3.722722789404621,0.148,0.029,3.147981043382267e-6,9,Caacu.v4.11G006030,Chr11,8047532,8060964,-,O-acetyltransferase family protein
1.4133396966475463e-10,2.545457559933221,0.08,0.009,3.276686752707671e-6,9,Caacu.v4.16G002340,Chr16,2083291,2087069,-,plasma membrane intrinsic protein 2;5
1.5202597741214082e-10,3.6963552795481367,0.057,0.005,3.5245702603230726e-6,9,Caacu.v4.16G004080,Chr16,3805330,3809972,-,Rho GTPase activating protein with PAK-box/P21-Rho-binding domain
1.5352001518719872e-10,3.773781430347284,0.057,0.005,3.559208032100015e-6,9,Caacu.v4.11G013160,Chr11,14463731,14465852,-,RING/U-box superfamily protein
1.6360298528289382e-10,2.8414459240316643,0.102,0.014,3.7929716107986103e-6,9,Caacu.v4.13G004300,Chr13,3233082,3237536,-,tubulin alpha-2 chain
1.9914309740318284e-10,6.376357748759298,0.023,0.001,4.616933570195391e-6,9,Caacu.v4.4G012290,Chr4,15880350,15883860,+,vascular related NAC-domain protein
1.9914309740318284e-10,6.320247491391678,0.023,0.001,4.616933570195391e-6,9,Caacu.v4.11G012080,Chr11,13572810,13577355,-,Pectin lyase-like superfamily protein
2.0137454466013202e-10,3.543015503301574,0.068,0.007,4.6686674434005005e-6,9,Caacu.v4.16G002610,Chr16,2511079,2522039,-,Transmembrane amino acid transporter family protein
2.01420209278923e-10,5.7809552469169025,0.023,0.001,4.6697261319225506e-6,9,Caacu.v4.14G004140,Chr14,2841721,2845173,+,Glycosyl hydrolase family protein
2.0372275121900632e-10,5.547537903104914,0.023,0.001,4.723108264261443e-6,9,Caacu.v4.2G019850,Chr2,25660733,25665817,+,Nucleotide-diphospho-sugar transferases superfamily protein
2.0372275121900632e-10,5.477956762069156,0.023,0.001,4.723108264261443e-6,9,Caacu.v4.7G016010,Chr7,20394999,20399609,-,conserved hypothetical protein
2.0605100011962056e-10,4.893365663598827,0.023,0.001,4.777086386773283e-6,9,Caacu.v4.5G000170,Chr5,160038,163195,+,"D-arabinono-1,4-lactone oxidase family protein"
2.0840523581076049e-10,3.8942735052824125,0.023,0.001,4.831666987036671e-6,9,Caacu.v4.9G008480,Chr9,12931289,12935910,+,Protein of unknown function (duplicated DUF1399)
2.0840523581076049e-10,5.083472625331645,0.023,0.001,4.831666987036671e-6,9,Caacu.v4.1G009690,Chr1,16214172,16217665,-,"D-arabinono-1,4-lactone oxidase family protein"
2.0840523581076049e-10,4.614847772032088,0.023,0.001,4.831666987036671e-6,9,Caacu.v4.2G002490,Chr2,1766157,1769528,-,Small nuclear ribonucleoprotein family protein
2.167961605646107e-10,1.3465665420839428,0.42,0.16,5.026202186529935e-6,9,Caacu.v4.16G008090,Chr16,7890988,7893372,-,dehydration-induced protein (ERD15)
2.812515993606947e-10,4.855679241808229,0.045,0.003,6.520537079578346e-6,9,Caacu.v4.2G024770,Chr2,29650482,29660719,-,Leucine-rich repeat receptor-like protein kinase family protein
2.8957292894605226e-10,4.1647229878052405,0.045,0.003,6.713458784685276e-6,9,Caacu.v4.4G016120,Chr4,18921433,18922044,+,glutamine dumper
3.1083450439831783e-10,2.1041722333700914,0.227,0.062,7.206387149970601e-6,9,Caacu.v4.20G002240,Chr20,1597638,1601525,+,cinnamoyl coa reductase
3.1417250883947664e-10,3.103757528893965,0.045,0.003,7.283775444934426e-6,9,Caacu.v4.2G005890,Chr2,4557615,4568130,+,hypothetical protein
3.178492874243675e-10,3.52852440000018,0.045,0.003,7.369017879646536e-6,9,Caacu.v4.3G010850,Chr3,9030937,9034165,-,basic helix-loop-helix (bHLH) DNA-binding superfamily protein
3.664541812946436e-10,2.1961387405691264,0.182,0.042,8.495873739135018e-6,9,Caacu.v4.7G009860,Chr7,15333197,15335993,-,ZIP metal ion transporter family
4.272913654996503e-10,2.9109247029491576,0.091,0.012,9.906323017743892e-6,9,Caacu.v4.11G012680,Chr11,14111021,14123303,+,Major facilitator superfamily protein
4.658839293755288e-10,3.645779702252805,0.057,0.005,1.0801053018642259e-5,9,Caacu.v4.8G018180,Chr8,18710747,18714350,+,translocase inner membrane subunit 23-2
5.055862447577731e-10,5.360218237836187,0.034,0.002,1.1721511498464212e-5,9,Caacu.v4.3G019300,Chr3,22417459,22418639,+,hypothetical protein
5.364879253635595e-10,4.284342449156306,0.034,0.002,1.2437936061628762e-5,9,Caacu.v4.3G014570,Chr3,12985902,12991204,-,alkenal reductase
5.642883227307985e-10,2.415447445650856,0.125,0.022,1.3082460474190832e-5,9,Caacu.v4.5G005000,Chr5,3864771,3867988,-,myb-like HTH transcriptional regulator family protein
1.2665973558911985e-9,3.5954917706099123,0.057,0.005,2.9364793098981544e-5,9,Caacu.v4.8G013410,Chr8,14835819,14840050,-,NAD(P)-binding Rossmann-fold superfamily protein
1.2799219065947242e-9,4.134281313594367,0.045,0.003,2.9673709482492086e-5,9,Caacu.v4.12G009950,Chr12,15328239,15353475,-,Transducin/WD40 repeat-like superfamily protein
1.3009962392670625e-9,4.289359060261252,0.045,0.003,3.0162296811167577e-5,9,Caacu.v4.1G018670,Chr1,24332365,24361598,+,early-responsive to dehydration stress protein (ERD4)
1.3066709280766876e-9,3.3396582153614522,0.057,0.005,3.0293858796529926e-5,9,Caacu.v4.1G022580,Chr1,27879662,27880339,+,osmotin
1.3588618015692058e-9,3.7475242431581584,0.045,0.003,3.150385200758047e-5,9,Caacu.v4.1G032710,Chr1,35650010,35656503,-,Protein of unknown function (DUF1012)
1.5586425633342043e-9,2.965864888217115,0.08,0.01,3.613556918834019e-5,9,Caacu.v4.16G013170,Chr16,14812468,14822200,-,Leucine-rich repeat protein kinase family protein
1.6306755275670076e-9,2.403713831467046,0.17,0.04,3.78055814311135e-5,9,Caacu.v4.17G006790,Chr17,11240096,11241150,-,homeobox protein
1.813685860964936e-9,3.6919419333047307,0.068,0.008,4.204849300061108e-5,9,Caacu.v4.4G004820,Chr4,8744072,8765483,+,Leucine-rich repeat protein kinase family protein
2.1203225203864046e-9,2.6016523012585244,0.125,0.023,4.9157557312638405e-5,9,Caacu.v4.1G002520,Chr1,6371110,6378629,+,H(+)-ATPase
2.837988144569414e-9,2.654780286717677,0.148,0.032,6.57959171436973e-5,9,Caacu.v4.7G010980,Chr7,16334531,16341194,+,peroxin
3.136268331446323e-9,1.6141981220043802,0.17,0.039,7.271124499625155e-5,9,Caacu.v4.16G004730,Chr16,4289335,4290564,-,NDR1/HIN1-like
3.401119101406901e-9,3.039162464260608,0.148,0.032,7.88515452470176e-5,9,Caacu.v4.16G001330,Chr16,1242467,1248038,+,UDP-XYL synthase
3.6730548054019945e-9,3.409708055938799,0.068,0.008,8.515610260843985e-5,9,Caacu.v4.14G006620,Chr14,4903257,4909339,+,potassium transport 2/3
3.809685827146121e-9,3.1762616839959508,0.08,0.01,8.832375621655567e-5,9,Caacu.v4.7G005590,Chr7,11528335,11534164,-,serine carboxypeptidase-like
4.829157220868009e-9,4.084448970000171,0.045,0.003,1.1195918100860393e-4,9,Caacu.v4.9G005850,Chr9,10336996,10341500,+,nodulin MtN21 /EamA-like transporter family protein
4.951550136489776e-9,4.751380968544798,0.034,0.002,1.1479673836437896e-4,9,Caacu.v4.13G011270,Chr13,11744424,11746302,+,Protein of unknown function (DUF579)
5.051198768920977e-9,4.420848899894511,0.034,0.002,1.1710699225866393e-4,9,Caacu.v4.10G001800,Chr10,1944135,1961723,+,Transglycosylase SLT domain containing protein
5.1017508713091685e-9,4.274384342445027,0.034,0.002,1.1827899220043175e-4,9,Caacu.v4.19G008390,Chr19,11579330,11583939,-,Protein kinase superfamily protein
5.1601049956092235e-9,3.6587015021713554,0.045,0.003,1.1963187421820424e-4,9,Caacu.v4.2G028100,Chr2,32195780,32211879,+,Transcription factor GTE6
5.187103600368682e-9,3.9807650961963814,0.034,0.002,1.2025780987094752e-4,9,Caacu.v4.8G012430,Chr8,13944936,13952543,-,anaphase-promoting complex subunit
5.338563850233337e-9,1.8297635016554499,0.148,0.032,1.237692643038097e-4,9,Caacu.v4.13G012340,Chr13,15541701,15547158,-,S-adenosyl-L-methionine-dependent methyltransferases superfamily protein
5.3473420785078266e-9,3.4721119980286836,0.045,0.003,1.2397277874812545e-4,9,Caacu.v4.3G018170,Chr3,18769633,18776646,-,Nucleotide/sugar transporter family protein
5.4020415304703974e-9,3.2910465282623065,0.045,0.003,1.252409308424257e-4,9,Caacu.v4.13G005940,Chr13,4812938,4817529,+,tetratricopeptide repeat (TPR)-containing protein
5.8027534333919255e-9,2.6617630597191564,0.102,0.017,1.345310355997584e-4,9,Caacu.v4.1G036320,Chr1,38346506,38352527,+,hypothetical protein
5.834283397989534e-9,2.400898960834441,0.114,0.02,1.3526202629898936e-4,9,Caacu.v4.2G030570,Chr2,34340487,34348845,-,15-cis-zeta-carotene isomerase
6.377545831170011e-9,2.661275462291937,0.091,0.014,1.4785702254984553e-4,9,Caacu.v4.4G014950,Chr4,17998633,18002701,+,ARM repeat superfamily protein
6.876290672419053e-9,2.137388227373562,0.216,0.062,1.594199229493633e-4,9,Caacu.v4.3G001050,Chr3,1116694,1117643,+,sulfotransferase 4A
8.075870611319372e-9,3.4008224560140863,0.068,0.008,1.872309842528283e-4,9,Caacu.v4.18G006540,Chr18,5468744,5496959,-,like AUXIN RESISTANT
8.2741754808268e-9,2.9853060444849833,0.068,0.008,1.9182848434748853e-4,9,Caacu.v4.18G010300,Chr18,10106584,10107625,+,NAC domain containing protein
8.704898044435656e-9,2.764325914853224,0.057,0.005,2.0181435626219623e-4,9,Caacu.v4.21G008930,Chr21,10442272,10451335,-,transmembrane receptors;ATP binding
1.270460516094989e-8,2.9515925206615314,0.091,0.014,2.9454356605146224e-4,9,Caacu.v4.1G038830,Chr1,40255456,40261270,-,Zinc-binding dehydrogenase family protein
1.5736327507449598e-8,3.8817911340460243,0.045,0.004,3.648310169327115e-4,9,Caacu.v4.11G013720,Chr11,14889893,14891904,-,Protein of unknown function (DUF668)
1.6180730590399495e-8,3.622467616852564,0.08,0.011,3.751340580078219e-4,9,Caacu.v4.8G013690,Chr8,15039610,15046549,-,with no lysine (K) kinase
1.6829032227932323e-8,3.227790520112419,0.045,0.003,3.90164283172383e-4,9,Caacu.v4.10G005810,Chr10,6193031,6199167,-,cyclic nucleotide-gated cation channel
1.8035867977463637e-8,2.7394142033576285,0.057,0.006,4.18143563189517e-4,9,Caacu.v4.7G006630,Chr7,12642903,12643782,+,conserved hypothetical protein
1.8518784966065484e-8,2.41914288508441,0.045,0.004,4.293395106532622e-4,9,Caacu.v4.3G013670,Chr3,11901279,11902869,-,Auxin-responsive family protein
1.8836158557564554e-8,6.073768381003418,0.023,0.001,4.366974999985766e-4,9,Caacu.v4.4G012830,Chr4,16294974,16295877,+,RING/U-box superfamily protein
1.8842753657921737e-8,2.4632564044051213,0.102,0.018,4.3685040080525755e-4,9,Caacu.v4.1G010910,Chr1,17338118,17343236,+,Mob1/phocein family protein
1.900727355200869e-8,4.8767476750218,0.023,0.001,4.4066463002976947e-4,9,Caacu.v4.16G000730,Chr16,764175,766539,-,BTB/POZ domain-containing protein
1.9354043231536535e-8,4.251791212556602,0.023,0.001,4.48704138279943e-4,9,Caacu.v4.12G006230,Chr12,10949054,10952627,+,protein kinase family protein
1.9354043231536535e-8,4.502251710956595,0.023,0.001,4.48704138279943e-4,9,Caacu.v4.6G008440,Chr6,7428986,7433115,-,Pectin lyase-like superfamily protein
1.9529723785346034e-8,4.440547520433327,0.023,0.001,4.5277711623946246e-4,9,Caacu.v4.6G007310,Chr6,6472605,6479760,-,hypothetical protein
1.9529723785346034e-8,4.57468310189452,0.023,0.001,4.5277711623946246e-4,9,Caacu.v4.10G006280,Chr10,7254569,7256810,+,Carbohydrate-binding X8 domain superfamily protein
1.9529723785346034e-8,4.152649583594265,0.023,0.001,4.5277711623946246e-4,9,Caacu.v4.14G002790,Chr14,1942843,1943663,+,Family of unknown function (DUF716) 
1.961813494895346e-8,4.2258833696842055,0.023,0.001,4.5482684065653703e-4,9,Caacu.v4.15G004420,Chr15,9130602,9138554,+,Major facilitator superfamily protein
1.9706952238676997e-8,3.7131811193408204,0.023,0.001,4.568859807014875e-4,9,Caacu.v4.8G013070,Chr8,14428925,14430511,-,Protein of unknown function (DUF1645)
2.091819356340021e-8,2.9309619997023884,0.125,0.026,4.8496739957387046e-4,9,Caacu.v4.10G015790,Chr10,18357688,18369274,-,Reticulon family protein
2.4195291998488175e-8,3.2262087056586544,0.068,0.009,5.609436496929499e-4,9,Caacu.v4.3G014010,Chr3,12240775,12245013,+,Phosphotyrosine protein phosphatases superfamily protein
3.099773993871575e-8,5.153475169158463,0.034,0.002,7.18651602739186e-4,9,Caacu.v4.19G007260,Chr19,10683892,10690487,-,ribonuclease
3.175216212704633e-8,5.249134177184863,0.034,0.002,7.361421267534421e-4,9,Caacu.v4.15G007390,Chr15,12147342,12148291,+,Protein of unknown function (DUF579)
3.252438334688723e-8,4.111922036965405,0.034,0.002,7.540453035142336e-4,9,Caacu.v4.17G009570,Chr17,13758253,13762922,+,triosephosphate isomerase
3.2917295086313115e-8,4.032021079545207,0.034,0.002,7.631545692810833e-4,9,Caacu.v4.3G013770,Chr3,11978961,11980844,-,hypothetical protein
3.3314809482102605e-8,4.049625969894189,0.034,0.002,7.723705430330668e-4,9,Caacu.v4.8G013400,Chr8,14825488,14829779,-,Leucine-rich receptor-like protein kinase family protein
3.3716978663975307e-8,3.6774898183637514,0.034,0.002,7.816944333456035e-4,9,Caacu.v4.11G005800,Chr11,7821685,7825287,+,Cytochrome b561/ferric reductase transmembrane protein family
3.432907559574755e-8,3.358358527354964,0.034,0.002,7.958852886118112e-4,9,Caacu.v4.18G004760,Chr18,3988014,3988794,-,hypothetical protein
3.476633551075775e-8,3.6841860320849134,0.057,0.006,8.060227224814077e-4,9,Caacu.v4.15G008660,Chr15,13239976,13242368,-,Bifunctional inhibitor/lipid-transfer protein/seed storage 2S albumin superfamily protein
3.905784124662633e-8,3.3555377646415625,0.068,0.009,9.055169914617848e-4,9,Caacu.v4.21G006120,Chr21,8073948,8077888,-,Transmembrane amino acid transporter family protein
4.386725594668642e-8,2.03984655760284,0.25,0.085,0.0010170184618679778,9,Caacu.v4.13G004440,Chr13,3393768,3401128,-,indoleacetic acid-induced protein
4.703763641819735e-8,2.728417050237061,0.102,0.019,0.0010905205627194873,9,Caacu.v4.2G012970,Chr2,17958999,17961956,+,Plant invertase/pectin methylesterase inhibitor superfamily
4.85023058040491e-8,3.3535112561379856,0.045,0.004,0.0011244774577610743,9,Caacu.v4.11G001750,Chr11,2372913,2374827,-,FAD-binding Berberine family protein
5.1666808012568666e-8,2.5277578606368825,0.045,0.004,0.001197843276963392,9,Caacu.v4.10G011080,Chr10,14161612,14179062,-,MATE efflux family protein
7.153998365127123e-8,3.3706407108442162,0.068,0.009,0.0016585829809710722,9,Caacu.v4.6G016220,Chr6,16029825,16035933,+,Major facilitator superfamily protein
7.194867038093259e-8,2.4054248456665905,0.102,0.019,0.0016680579741115411,9,Caacu.v4.1G013740,Chr1,20086444,20092879,+,Protein kinase superfamily protein
7.24904530948747e-8,3.3937408123667194,0.057,0.006,0.001680618664551575,9,Caacu.v4.6G005290,Chr6,4798817,4801151,-,myb domain protein
7.515771166328731e-8,2.972708091892208,0.068,0.009,0.001742456387201653,9,Caacu.v4.4G003610,Chr4,5981205,5995253,-,conserved hypothetical protein
7.95669504857072e-8,1.8361477654504006,0.091,0.015,0.0018446801800606357,9,Caacu.v4.17G008030,Chr17,12573110,12574343,+,conserved hypothetical protein
8.514581011131888e-8,2.00810857573042,0.17,0.046,0.001974020461620817,9,Caacu.v4.18G006720,Chr18,5621732,5628030,+,RNI-like superfamily protein
8.801615274219456e-8,2.561361853702513,0.091,0.016,0.0020405664851750388,9,Caacu.v4.2G019650,Chr2,25495846,25503194,+,RING/U-box superfamily protein
1.2108029435058713e-7,3.825573741314296,0.045,0.004,0.002807125544224012,9,Caacu.v4.10G004620,Chr10,4626816,4628426,-,conserved hypothetical protein
1.2799685315710624e-7,1.2730433833431851,0.011,0.002,0.002967479043594351,9,Caacu.v4.9G013530,Chr9,16870214,16878857,-,Preprotein translocase SecA family protein
1.3132351851634802e-7,2.8363190261006883,0.045,0.004,0.0030446044532830125,9,Caacu.v4.2G017900,Chr2,23821149,23822252,+,RmlC-like cupins superfamily protein
1.3800643611609602e-7,3.107504853690277,0.057,0.007,0.0031995412149155703,9,Caacu.v4.19G001370,Chr19,4183576,4192521,-,Protein of unknown function (DUF3755)
2.705984706825777e-7,3.9230584757812355,0.045,0.005,0.0062735549443048814,9,Caacu.v4.1G020860,Chr1,26321772,26330896,-,hypothetical protein
2.88771147254972e-7,3.5646362941807186,0.045,0.005,0.0066948702779592705,9,Caacu.v4.1G016990,Chr1,22958418,22962956,-,rhomboid-like protein
3.069004765926638e-7,2.5280665363688755,0.125,0.029,0.007115180649324318,9,Caacu.v4.15G001170,Chr15,1901859,1905319,+,indoleacetic acid-induced protein
3.491096094401812e-7,2.616115332840817,0.114,0.024,0.00809375718526116,9,Caacu.v4.21G000970,Chr21,911023,918767,-,RAC-like GTP binding protein
3.5525579053597243e-07,2.138533161488264,0.08,0.013,0.008236250247785985,9,Caacu.v4.4G017680,Chr4,20110779,20119154,-,IQ-domain
3.910367772033885e-7,5.522084537110862,0.023,0.001,0.009065796642683359,9,Caacu.v4.18G002610,Chr18,2330917,2333942,+,Protein of unknown function (DUF677)
3.9397919357312724e-7,4.690288585759251,0.023,0.001,0.009134013623799382,9,Caacu.v4.3G015040,Chr3,13520723,13523774,+,Protein of unknown function (DUF604)
3.9397919357312724e-7,5.493021513321556,0.023,0.001,0.009134013623799382,9,Caacu.v4.6G007140,Chr6,6322543,6326497,-,Nucleotide-diphospho-sugar transferases superfamily protein
3.969429691222124e-7,4.997243441604002,0.023,0.001,0.009202725796129373,9,Caacu.v4.3G019030,Chr3,20926764,20928277,+,Bifunctional inhibitor/lipid-transfer protein/seed storage 2S albumin superfamily protein
3.969429691222124e-7,4.971036847046839,0.023,0.001,0.009202725796129373,9,Caacu.v4.17G009450,Chr17,13700462,13707367,+,U-box domain-containing protein kinase family protein
3.9948375142909665e-7,1.807881243626234,0.205,0.066,0.009261631293132178,9,Caacu.v4.1G034860,Chr1,37262173,37271300,-,squamosa promoter binding protein-like
3.999282528270552e-7,4.6782777186306514,0.023,0.001,0.009271936613542447,9,Caacu.v4.2G021040,Chr2,26565782,26569379,-,laccase
3.999282528270552e-7,5.317146047909302,0.023,0.001,0.009271936613542447,9,Caacu.v4.2G021430,Chr2,26857577,26862257,-,Major facilitator superfamily protein
3.999282528270552e-7,5.233746682115019,0.023,0.001,0.009271936613542447,9,Caacu.v4.5G010860,Chr5,8883229,8886428,+,RING/FYVE/PHD zinc finger superfamily protein
3.999282528270552e-7,4.4770463107217795,0.023,0.001,0.009271936613542447,9,Caacu.v4.7G015680,Chr7,20211406,20213823,-,exocyst complex component sec15B
3.999282528270552e-7,4.573923623180008,0.023,0.001,0.009271936613542447,9,Caacu.v4.8G016610,Chr8,17447860,17452799,-,alpha/beta-Hydrolases superfamily protein
3.999282528270552e-7,5.2888663026148,0.023,0.001,0.009271936613542447,9,Caacu.v4.15G011620,Chr15,15458778,15460590,+,plant U-box
3.999282528270552e-7,4.879524548574988,0.023,0.001,0.009271936613542447,9,Caacu.v4.16G003140,Chr16,3123958,3130745,+,Nucleotide-diphospho-sugar transferases superfamily protein
4.02935194657399e-7,4.279453163867171,0.023,0.001,0.00934164955293714,9,Caacu.v4.5G009820,Chr5,7871790,7873238,-,hypothetical protein
4.02935194657399e-7,3.812150364548912,0.023,0.001,0.00934164955293714,9,Caacu.v4.11G006450,Chr11,8574911,8575993,-,"Protein of unknown function, DUF584"
4.0596394558259284e-7,4.157377562268135,0.023,0.001,0.009411868114386832,9,Caacu.v4.14G011240,Chr14,11432794,11441013,-,5'-3' exonuclease family protein
4.10548171792645e-7,3.478119473475959,0.023,0.001,0.009518148814840682,9,Caacu.v4.1G021220,Chr1,26734228,26736354,-,WRKY DNA-binding protein
4.120874836310159e-7,3.2932584350429446,0.023,0.001,0.009553836220501473,9,Caacu.v4.1G033790,Chr1,36388412,36395637,+,Major facilitator superfamily protein
4.120874836310159e-7,3.2455957055365197,0.023,0.001,0.009553836220501473,9,Caacu.v4.7G012580,Chr7,17688643,17693094,-,conserved hypothetical protein
4.120874836310159e-7,3.8108804873478355,0.023,0.001,0.009553836220501473,9,Caacu.v4.13G002250,Chr13,1684039,1686353,+,allene oxide synthase
4.120874836310159e-7,3.794960542425428,0.023,0.001,0.009553836220501473,9,Caacu.v4.14G006820,Chr14,5086113,5086683,+,cleavage and polyadenylation specificity factor 73-I
4.1376980268881217e-7,3.122346553706655,0.068,0.01,0.009592839105537421,9,Caacu.v4.11G001210,Chr11,1797021,1812748,+,Calcium-dependent ARF-type GTPase activating protein family
4.151825777481452e-7,2.7034287013058407,0.023,0.001,0.009625592882512999,9,Caacu.v4.1G023650,Chr1,28660777,28669171,+,respiratory burst oxidase protein F
2.7796000788087908e-117,5.12955673527758,0.654,0.027,6.444224822710301e-113,10,Caacu.v4.11G004750,Chr11,5069974,5074173,+,Heavy metal transport/detoxification superfamily protein 
5.2321112321528404e-111,5.213184885651614,0.462,0.015,1.2130126680623146e-106,10,Caacu.v4.2G019130,Chr2,25059239,25062584,-,xyloglucan endotransglucosylase/hydrolase
3.2999091427070846e-61,4.876364895807128,0.308,0.013,7.650509356452105e-57,10,Caacu.v4.4G010420,Chr4,14373242,14375102,+,NAD(P)-binding Rossmann-fold superfamily protein
2.07702592308432e-59,3.8559408783403466,0.769,0.102,4.815376900078688e-55,10,Caacu.v4.1G008850,Chr1,15344344,15349220,-,"Protein of unknown function, DUF642"
1.2771027895605649e-54,3.988499008249635,0.5,0.042,2.960835107317214e-50,10,Caacu.v4.11G007630,Chr11,9919470,9923594,-,Heavy metal transport/detoxification superfamily protein 
1.871035682938616e-43,3.0096300193222714,0.308,0.046,4.3378091273248876e-39,10,Caacu.v4.11G007640,Chr11,9939663,9951753,-,Heavy metal transport/detoxification superfamily protein 
3.253724664207984e-36,4.6150113377963375,0.231,0.013,7.54343526149979e-32,10,Caacu.v4.7G006440,Chr7,12432939,12445356,+,cyclic nucleotide-gated channel
6.115049223498104e-36,6.412094236066553,0.115,0.003,1.4177130119758003e-31,10,Caacu.v4.13G000180,Chr13,175609,180369,-,SET domain protein
1.366467016990017e-35,4.030950508571504,0.288,0.021,3.168017132189656e-31,10,Caacu.v4.7G010490,Chr7,15848675,15850692,-,expansin A8
2.3211844737377566e-33,12.07783331524544,0.038,0,5.381434083913615e-29,10,Caacu.v4.9G015590,Chr9,18344553,18347511,+,annexin
7.074345030176976e-29,4.5808819164377175,0.173,0.007,1.6401161517962301e-24,10,Caacu.v4.1G032320,Chr1,35381281,35384187,-,indole-3-acetic acid
1.0388394938909717e-26,3.847779562859378,0.173,0.01,2.4084454826368287e-22,10,Caacu.v4.17G004360,Chr17,8498345,8500730,-,hypothetical protein
5.79243789062234e-26,3.7338231990388433,0.288,0.029,1.3429188005618835e-21,10,Caacu.v4.4G017320,Chr4,19839686,19840764,+,expansin A5
1.3579340956600377e-23,3.790144015602675,0.231,0.02,3.1482344073782313e-19,10,Caacu.v4.21G005950,Chr21,7917993,7924535,+,Major facilitator superfamily protein
6.873146085336449e-22,3.227421435049825,0.25,0.026,1.5934701884244025e-17,10,Caacu.v4.20G011150,Chr20,12112054,12118367,+,Squamosa promoter-binding protein-like (SBP domain) transcription factor family protein
1.5410021116869093e-19,2.984126654446037,0.25,0.029,3.5726592957349305e-15,10,Caacu.v4.7G003950,Chr7,9299253,9307405,+,5'-3' exoribonuclease
1.623229734407979e-19,4.725698694266183,0.115,0.006,3.7632958162514586e-15,10,Caacu.v4.7G007240,Chr7,13287644,13293180,-,related to AP2.7
4.257222779610539e-19,4.322137696438048,0.154,0.008,9.869945292249073e-15,10,Caacu.v4.6G020850,Chr6,20338264,20339432,+,NAD(P)-binding Rossmann-fold superfamily protein
2.6236429116206162e-18,4.145789014832959,0.154,0.012,6.082653726301236e-14,10,Caacu.v4.13G000950,Chr13,740099,744556,-,hexokinase
1.6687672743804048e-17,3.7465961269519106,0.192,0.02,3.8688700489235303e-13,10,Caacu.v4.16G005270,Chr16,4925860,4931917,-,hypothetical protein
9.954385692358982e-17,3.1658533917760145,0.115,0.01,2.3078247789165064e-12,10,Caacu.v4.6G020870,Chr6,20342755,20348704,+,NAD(P)-binding Rossmann-fold superfamily protein
1.0708045758581272e-16,5.6713970119499315,0.058,0.002,2.482553328669482e-12,10,Caacu.v4.1G023490,Chr1,28531711,28532465,+,golgin candidate
1.1702025948015694e-16,5.5989867072836965,0.058,0.002,2.7129976957879585e-12,10,Caacu.v4.1G007180,Chr1,13346395,13352918,-,hypothetical protein
4.107962891105611e-16,3.265752983637495,0.212,0.025,9.523901166739248e-12,10,Caacu.v4.10G011580,Chr10,14669980,14674452,-,glycosyl hydrolase 9B8
5.757328723772028e-16,3.008222459581318,0.154,0.014,1.3347790913193071e-11,10,Caacu.v4.6G004910,Chr6,4428157,4434229,-,RING/FYVE/PHD zinc finger superfamily protein
6.113459846912962e-16,4.183284629256446,0.135,0.011,1.4173445309083011e-11,10,Caacu.v4.5G001900,Chr5,1357117,1366245,+,VH1-interacting kinase
2.7398423631937242e-15,4.891224955448198,0.135,0.009,6.35205053482833e-11,10,Caacu.v4.1G038280,Chr1,39907262,39912773,-,O-acetyltransferase family protein
5.668146725379928e-15,4.030204167146898,0.058,0.002,1.3141031368120826e-10,10,Caacu.v4.2G004000,Chr2,2938169,2940795,-,homocysteine methyltransferase
7.710350402570474e-15,3.0455173749748257,0.231,0.032,1.7875676373319388e-10,10,Caacu.v4.7G013780,Chr7,18642069,18647700,-,hypothetical protein
2.2838674205777067e-14,2.5287025421249556,0.269,0.044,5.294918227867355e-10,10,Caacu.v4.9G012300,Chr9,15975292,15980914,-,glycosyl hydrolase 9B7
8.585485402422851e-14,6.328520338540851,0.038,0.001,1.9904589356977137e-9,10,Caacu.v4.4G014380,Chr4,17486410,17494407,+,UDP-glucose pyrophosphorylase
8.989928336980562e-14,5.2292527096793116,0.038,0.001,2.0842249856455734e-9,10,Caacu.v4.5G000490,Chr5,349380,353359,-,auxin response factor
9.367352441366781e-14,2.786913033855106,0.269,0.046,2.1717269900064743e-9,10,Caacu.v4.21G009880,Chr21,11214957,11218814,+,Phototropic-responsive NPH3 family protein
1.040740857380644e-13,5.552924789661853,0.058,0.002,2.412853603751285e-9,10,Caacu.v4.9G008230,Chr9,12631373,12634085,+,vernalization5/VIN3-like
1.0746822839607839e-13,2.935250800694537,0.288,0.053,2.4915434071346815e-9,10,Caacu.v4.4G011780,Chr4,15466951,15470796,+,Glycosyl hydrolase superfamily protein
1.1067594546411362e-13,3.1622808309919455,0.212,0.029,2.56591111964001e-9,10,Caacu.v4.5G006820,Chr5,5229252,5240447,-,STRUBBELIG-receptor family
2.1296600088066938e-13,1.8199145073204361,0.5,0.141,4.937403764417439e-9,10,Caacu.v4.13G003710,Chr13,2746865,2747753,+,Gibberellin-regulated family protein
4.922851080946861e-13,3.3342104537325272,0.173,0.021,1.1413137946067202e-8,10,Caacu.v4.3G008550,Chr3,7278847,7281239,-,amino acid permease
6.058487835980299e-13,2.3491825611557267,0.288,0.055,1.4045998198936725e-8,10,Caacu.v4.10G012620,Chr10,15678231,15679915,+,FASCICLIN-like arabinogalactan
8.868728888142219e-13,2.3010339153250197,0.385,0.096,2.056126105426892e-8,10,Caacu.v4.18G011320,Chr18,11462866,11466543,+,pectin methylesterase PCR fragment F
1.413046369987587e-12,5.136975999681318,0.058,0.002,3.276006704179222e-8,10,Caacu.v4.2G012840,Chr2,17735102,17741268,+,CDPK-related kinase
1.5465641320584778e-12,3.0072887527631327,0.212,0.032,3.5855542837643746e-8,10,Caacu.v4.13G001080,Chr13,800695,809594,-,Plant protein of unknown function (DUF869)
1.9048014600120117e-12,3.2854900809482146,0.154,0.017,4.416091704891848e-8,10,Caacu.v4.1G038380,Chr1,39963011,39968623,+,2-isopropylmalate synthase
2.7348248289614013e-12,3.9214640144341937,0.115,0.01,6.340417883464113e-8,10,Caacu.v4.5G003200,Chr5,2395813,2398273,-,cyclin p3;2
1.3438335145201536e-11,5.578407126695414,0.038,0.001,3.1155436200635243e-7,10,Caacu.v4.2G011180,Chr2,14716557,14722802,+,SAC domain-containing protein
1.3438335145201536e-11,5.746224929934523,0.038,0.001,3.1155436200635243e-7,10,Caacu.v4.14G000840,Chr14,634123,637117,-,Protein kinase protein with adenine nucleotide alpha hydrolases-like domain
1.3610749218133967e-11,5.071712311326669,0.038,0.001,3.155516098732179e-7,10,Caacu.v4.12G004810,Chr12,7446098,7447225,-,conserved hypothetical protein
1.3962101965886769e-11,5.0711221778271485,0.038,0.001,3.2369737197711885e-7,10,Caacu.v4.9G015140,Chr9,17928371,17932393,+,hypothetical protein
2.103812709739574e-11,2.0781426378994956,0.346,0.083,4.877479386260228e-7,10,Caacu.v4.7G006050,Chr7,12010016,12012513,+,Heavy metal transport/detoxification superfamily protein 
2.2240976605543616e-11,2.4530483695209795,0.404,0.115,5.156348016229232e-7,10,Caacu.v4.5G011350,Chr5,9333909,9362509,+,Leucine-rich repeat transmembrane protein kinase
8.372537328776833e-11,4.63088331640423,0.058,0.003,1.941089054303621e-6,10,Caacu.v4.19G000340,Chr19,685889,688358,-,conserved hypothetical protein
8.856661719502126e-11,4.035455817037905,0.038,0.003,2.0533284530493728e-6,10,Caacu.v4.16G002440,Chr16,2217943,2228842,-,hypothetical protein
8.999939446690057e-11,3.491135744376634,0.058,0.003,2.0865459613206227e-6,10,Caacu.v4.8G004660,Chr8,6325413,6328509,-,Integrase-type DNA-binding superfamily protein
1.619728910190717e-10,2.6376909979002123,0.154,0.021,3.7551795053861582e-6,10,Caacu.v4.15G006610,Chr15,11240195,11247945,-,Pectinacetylesterase family protein
1.6530471884878428e-10,3.173528472990154,0.096,0.008,3.8324246017902145e-6,10,Caacu.v4.13G003750,Chr13,2774569,2780940,-,interferon-related developmental regulator family protein / IFRD protein family
1.9484489831515216e-10,1.6284080413046929,0.481,0.162,4.517284122538487e-6,10,Caacu.v4.16G008090,Chr16,7890988,7893372,-,dehydration-induced protein (ERD15)
1.9689282370628298e-10,3.0762261981700965,0.115,0.012,4.564763224806465e-6,10,Caacu.v4.11G008900,Chr11,11132104,11144567,+,Protein of unknown function (DUF707)
2.0726424775634313e-10,2.8263110546544685,0.077,0.01,4.805214319983059e-6,10,Caacu.v4.3G014170,Chr3,12479518,12492491,-,NB-ARC domain-containing disease resistance protein
2.348592748879008e-10,2.89694881573897,0.154,0.021,5.444977429001092e-6,10,Caacu.v4.16G005260,Chr16,4921341,4925809,-,Glycosyl hydrolase family protein
2.3690116835902816e-10,2.6084985285355073,0.173,0.024,5.492316687235709e-6,10,Caacu.v4.1G020650,Chr1,26139909,26148557,+,hypothetical protein
5.928920474926463e-10,3.65157321042883,0.077,0.006,1.3745609229069512e-5,10,Caacu.v4.21G008610,Chr21,10178443,10183826,+,zinc knuckle (CCHC-type) family protein
7.704112416922857e-10,3.3329418207330255,0.173,0.028,1.786121422739395e-5,10,Caacu.v4.18G000080,Chr18,71443,90909,+,Tetratricopeptide repeat (TPR)-like superfamily protein
8.09369588451506e-10,2.337820471874891,0.115,0.017,1.8764424538659715e-5,10,Caacu.v4.5G000350,Chr5,261115,263495,+,hypothetical protein
9.816073537333892e-10,3.352157550522694,0.096,0.009,2.2757584888954895e-5,10,Caacu.v4.1G028840,Chr1,32900229,32915120,-,conserved hypothetical protein
9.978208923288304e-10,2.710767239511491,0.212,0.041,2.3133479567751606e-5,10,Caacu.v4.4G001130,Chr4,2357942,2389657,+,beta-galactosidase
1.4694738133092044e-9,3.5053392296427286,0.077,0.006,3.4068280887760594e-5,10,Caacu.v4.8G010370,Chr8,12041492,12047217,+,hypothetical protein
1.5265535840015343e-9,2.5991077556204996,0.154,0.023,3.5391618291491574e-5,10,Caacu.v4.1G036930,Chr1,38804735,38807379,-,hypothetical protein
1.589904758432881e-9,3.609699457683357,0.096,0.009,3.6860351919507915e-5,10,Caacu.v4.17G006410,Chr17,10896297,10900425,+,NB-ARC domain-containing disease resistance protein
1.602324803082907e-9,3.1724207421888506,0.077,0.006,3.7148298234674116e-5,10,Caacu.v4.8G006080,Chr8,7673871,7679518,+,DUF4050 domain containing protein
1.7391337588141276e-9,4.4912055536021525,0.058,0.003,4.032007706434673e-5,10,Caacu.v4.1G036230,Chr1,38298936,38299611,+,hypothetical protein
1.7760029206329529e-9,4.3681051962524045,0.058,0.003,4.117485171195438e-5,10,Caacu.v4.20G012140,Chr20,13115799,13119048,+,Protein kinase superfamily protein
1.8136332781429746e-9,4.029629523289856,0.058,0.003,4.2047273920466725e-5,10,Caacu.v4.13G000400,Chr13,335349,338636,+,Transmembrane amino acid transporter family protein
1.8650176099830297e-9,3.8540278098148755,0.058,0.003,4.323856826984656e-5,10,Caacu.v4.12G002800,Chr12,2565217,2566581,+,Peroxidase superfamily protein
2.726934319900557e-9,2.0756308789985094,0.25,0.055,6.322124527257452e-5,10,Caacu.v4.5G003830,Chr5,2959038,2967162,+,ELMO/CED-12 family protein
2.801157481197396e-9,1.960660948046788,0.038,0.004,6.494203504408042e-5,10,Caacu.v4.9G013590,Chr9,16906157,16913244,-,hypothetical protein
2.911989607236388e-9,3.4589898049951024,0.096,0.01,6.751156705416842e-5,10,Caacu.v4.2G005440,Chr2,4063459,4068037,-,Exostosin family protein
2.933263005145051e-9,7.070929530352689,0.019,0,6.800476951128287e-5,10,Caacu.v4.14G006520,Chr14,4789635,4791485,+,6-phosphogluconate dehydrogenase family protein
2.933263005145051e-9,8.109500263898912,0.019,0,6.800476951128287e-5,10,Caacu.v4.1G033260,Chr1,36044654,36050646,-,homocysteine methyltransferase
2.933263005145051e-9,6.701690981699749,0.019,0,6.800476951128287e-5,10,Caacu.v4.3G015640,Chr3,14208225,14213710,-,RNI-like superfamily protein
2.933263005145051e-9,6.686792864167441,0.019,0,6.800476951128287e-5,10,Caacu.v4.6G000980,Chr6,997384,1004541,-,hypothetical protein
2.933263005145051e-9,10.661711055937767,0.019,0,6.800476951128287e-5,10,Caacu.v4.7G002980,Chr7,7849449,7858399,-,serine carboxypeptidase-like
2.933263005145051e-9,6.392290738770942,0.019,0,6.800476951128287e-5,10,Caacu.v4.13G005060,Chr13,4017506,4018375,+,Clathrin adaptor complexes medium subunit family protein
2.933263005145051e-9,6.301961495615437,0.019,0,6.800476951128287e-5,10,Caacu.v4.17G006160,Chr17,10763328,10765187,+,hypothetical protein
2.9909534734201377e-9,5.487297457457146,0.019,0,6.934226532777248e-5,10,Caacu.v4.8G004950,Chr8,6556192,6558141,-,hypothetical protein
2.9909534734201377e-9,5.960792307972682,0.019,0,6.934226532777248e-5,10,Caacu.v4.9G003240,Chr9,7237442,7238735,+,conserved hypothetical protein
2.9909534734201377e-9,5.295032094229772,0.019,0,6.934226532777248e-5,10,Caacu.v4.10G002020,Chr10,2128208,2129660,+,hypothetical protein
2.9909534734201377e-9,5.515916983145778,0.019,0,6.934226532777248e-5,10,Caacu.v4.16G007090,Chr16,6622322,6629185,+,"nuclear factor Y, subunit A1"
3.0635425218059946e-9,2.7148315588872354,0.173,0.029,7.102516982555018e-5,10,Caacu.v4.3G009680,Chr3,8152787,8164172,-,EPS15 homology domain
3.2816069727054234e-9,3.032964481243874,0.096,0.01,7.608077605520254e-5,10,Caacu.v4.10G003810,Chr10,3824429,3840877,-,EPS15 homology domain
5.763917287544523e-9,2.9193917394102673,0.096,0.01,1.3363065839443221e-4,10,Caacu.v4.8G011090,Chr8,12818560,12823586,+,Flavin-binding monooxygenase family protein
6.4488876634425594e-09,4.034567332407885,0.058,0.004,1.495110115892523e-4,10,Caacu.v4.10G015670,Chr10,18253302,18273800,-,ubiquitin-specific protease
6.553296696111551e-9,3.487852289915555,0.077,0.007,1.5193163060265018e-4,10,Caacu.v4.10G001730,Chr10,1897988,1899319,-,conserved hypothetical protein
6.576934143104453e-9,3.8177777545488554,0.058,0.004,1.5247964117373364e-4,10,Caacu.v4.15G005280,Chr15,10018940,10021699,-,Methionine sulfoxide reductase (MSS4-like) family protein
6.838206203843969e-9,2.2718841763525375,0.288,0.076,1.5853697262991858e-4,10,Caacu.v4.7G005350,Chr7,11214237,11220527,-,cellulose synthase-like A02
7.363251602007281e-9,5.336600469932341,0.038,0.002,1.707096251409368e-4,10,Caacu.v4.2G004880,Chr2,3575017,3580499,+,Peptidase S24/S26A/S26B/S26C family protein
7.427363943292835e-9,3.606622473270565,0.096,0.01,1.721960056613011e-4,10,Caacu.v4.20G007320,Chr20,6554885,6564320,+,RING/U-box superfamily protein
7.433602074918755e-9,5.390614664572423,0.038,0.002,1.7234063050491642e-4,10,Caacu.v4.11G002510,Chr11,3470573,3483719,-,Protein of unknown function (DUF810)
7.942934793978624e-9,3.125630490625529,0.077,0.006,1.8414900026360044e-4,10,Caacu.v4.9G013580,Chr9,16900960,16903958,-,Ubiquitin-like superfamily protein
8.09687844417051e-9,3.7213090197060583,0.038,0.002,1.8771802984964911e-4,10,Caacu.v4.2G018400,Chr2,24382208,24383241,-,conserved hypothetical protein
1.0128067702208329e-8,2.1551760563853195,0.25,0.059,2.348091216079979e-4,10,Caacu.v4.2G020040,Chr2,25799667,25811921,-,Homeodomain-like superfamily protein
1.228717167072765e-8,3.8523810181006466,0.077,0.007,2.8486578801414984e-4,10,Caacu.v4.14G001550,Chr14,1048132,1053267,+,ubiquitin fusion degradation
1.2527125932118315e-8,3.3329305124772204,0.077,0.007,2.9042888761023105e-4,10,Caacu.v4.9G013740,Chr9,17003702,17010407,-,Preprotein translocase SecA family protein
1.3634673001707229e-8,2.8466210648347783,0.135,0.02,3.161062588715804e-4,10,Caacu.v4.1G003070,Chr1,7048492,7051811,-,ABL interactor-like protein
1.6383189902188476e-8,3.2209722361564426,0.115,0.015,3.798278746923376e-4,10,Caacu.v4.4G013410,Chr4,16723141,16745431,+,Phosphoinositide phosphatase family protein
1.7367701074974626e-8,2.875363459728121,0.115,0.015,4.0265278172221174e-4,10,Caacu.v4.21G005210,Chr21,7268312,7274795,-,lipid phosphate phosphatase
1.8625104779078753e-8,2.705924209203696,0.115,0.015,4.318044291981618e-4,10,Caacu.v4.9G004190,Chr9,8382895,8385856,-,GDSL-like Lipase/Acylhydrolase superfamily protein
1.9020258064079648e-8,2.936180518574224,0.173,0.032,4.4096566295762253e-4,10,Caacu.v4.1G016420,Chr1,22397771,22401356,-,"Protein of unknown function, DUF642"
2.031316389503097e-8,3.791170819028066,0.058,0.004,4.70940391742398e-4,10,Caacu.v4.8G000820,Chr8,1004643,1013810,+,RNA-binding KH domain-containing protein
2.0771996508879237e-8,2.851353416079534,0.077,0.008,4.815779670618562e-4,10,Caacu.v4.9G013700,Chr9,16980285,16986990,-,Preprotein translocase SecA family protein
2.431097748040444e-8,3.747916188650807,0.115,0.016,5.636257019056965e-4,10,Caacu.v4.4G021830,Chr4,22915397,22927732,+,Protein of unknown function (DUF803)
2.6550819160871385e-8,2.9641257371124494,0.154,0.026,6.155541914256422e-4,10,Caacu.v4.11G009140,Chr11,11342839,11351551,+,F-box/RNI-like superfamily protein
2.7239352386598916e-8,4.315956051908387,0.077,0.008,6.315171457309093e-4,10,Caacu.v4.9G013600,Chr9,16906960,16918873,-,RHOMBOID-like
3.083839556985239e-8,2.7840073659587894,0.212,0.047,7.149573628914579e-4,10,Caacu.v4.5G002030,Chr5,1438475,1443194,+,Remorin family protein
3.5935762282400356e-8,2.650748927020124,0.096,0.009,8.331347127551699e-4,10,Caacu.v4.20G007980,Chr20,7701287,7705546,+,hypothetical protein
3.594719717479311e-8,2.251092258771427,0.212,0.046,8.333998193004034e-4,10,Caacu.v4.2G018390,Chr2,24366808,24374309,-,Nucleotide-diphospho-sugar transferases superfamily protein
3.6002998011519755e-8,2.716816461231914,0.154,0.027,8.34693505899074e-4,10,Caacu.v4.11G004900,Chr11,5340306,5355575,+,ferredoxin hydrogenases
4.717953437713576e-8,3.330979179680619,0.096,0.011,0.0010938103249995155,10,Caacu.v4.12G005250,Chr12,9158844,9180147,-,beta-galactosidase
4.981578167196378e-8,2.547381242812338,0.173,0.033,0.0011549290822828082,10,Caacu.v4.20G003330,Chr20,2458948,2473941,+,FIST C domain containing protein
6.189969150296346e-8,5.042028084029878,0.038,0.002,0.0014350824478047048,10,Caacu.v4.9G006360,Chr9,10802599,10811396,-,Pyridoxal phosphate (PLP)-dependent transferases superfamily protein
6.295135175847099e-8,4.789444470706773,0.038,0.002,0.0014594641391683914,10,Caacu.v4.8G015970,Chr8,17028306,17033690,-,HOPW1-1-interacting
8.35078269606905e-8,3.0231993003538298,0.135,0.022,0.0019360454602566485,10,Caacu.v4.7G015570,Chr7,20123821,20127961,+,conserved hypothetical protein
1.0700290825863008e-7,3.129242306824456,0.096,0.012,0.00248075542506808,10,Caacu.v4.18G001000,Chr18,1031170,1044443,+,"uricase / urate oxidase / nodulin 35, putative"
1.150289735208193e-7,2.9950506088680076,0.096,0.012,0.0026668317221066745,10,Caacu.v4.1G005540,Chr1,10143112,10144267,+,hypothetical protein
1.3856798906773414e-7,3.3520120000675493,0.058,0.005,0.0032125602585463485,10,Caacu.v4.3G009730,Chr3,8192134,8195851,+,glycosyl hydrolase 9B8
1.445332584089132e-7,2.8521298896468084,0.115,0.017,0.0033508590629522435,10,Caacu.v4.1G013190,Chr1,19565597,19568026,-,homeobox protein
1.4641639248061427e-7,3.459854924099529,0.096,0.012,0.0033945176432705615,10,Caacu.v4.6G011780,Chr6,12571038,12578979,-,"cytochrome P450, family 97, subfamily A, polypeptide"
1.4871502407819046e-7,2.9740897839507534,0.096,0.012,0.0034478091182287675,10,Caacu.v4.15G000080,Chr15,114416,152005,-,transcription activators
1.9424915468036636e-7,2.037996566381693,0.192,0.055,0.0045034724021096135,10,Caacu.v4.12G008290,Chr12,13639825,13641993,+,hypothetical protein
2.1164584456544876e-7,2.4913594767834844,0.115,0.017,0.004906797260405364,10,Caacu.v4.8G013940,Chr8,15234682,15237168,-,Pectate lyase family protein
2.31239882080015e-7,3.4181986402225504,0.077,0.008,0.005361065426143068,10,Caacu.v4.18G002980,Chr18,2630390,2635585,-,Arabidopsis thaliana protein of unknown function (DUF821)
2.446015822324777e-7,2.738170635770758,0.096,0.012,0.0056708430824777625,10,Caacu.v4.4G015030,Chr4,18055323,18072848,+,AAR2 protein family
2.483235356108378e-7,1.9969113362985762,0.231,0.057,0.005757132849601664,10,Caacu.v4.9G014330,Chr9,17341603,17359406,-,chromatin-remodeling protein
3.44212752086176e-7,4.8117168943472395,0.038,0.002,0.007980228444365904,10,Caacu.v4.14G002480,Chr14,1726843,1730148,+,Nucleotide-diphospho-sugar transferase family protein
3.4945275375702016e-7,4.601198125311516,0.038,0.002,0.008101712643102756,10,Caacu.v4.12G003510,Chr12,3376683,3378861,-,basic helix-loop-helix (bHLH) DNA-binding family protein
3.4945275375702016e-7,4.397395192632547,0.038,0.002,0.008101712643102756,10,Caacu.v4.15G011400,Chr15,15290986,15293247,+,Cyclin-dependent kinase inhibitor family protein
3.5210154555326485e-7,4.653683256953665,0.038,0.002,0.008163122232106893,10,Caacu.v4.1G005090,Chr1,9453657,9456819,+,hypothetical protein
3.5703182090046484e-7,2.2532048818377772,0.135,0.023,0.008277425735756377,10,Caacu.v4.11G011650,Chr11,13187638,13207881,-,transducin family protein / WD-40 repeat family protein
3.628918200331241e-7,3.9369261364033754,0.038,0.002,0.008413283955647948,10,Caacu.v4.8G019380,Chr8,19658602,19660183,-,Ribosomal protein S8e family protein
3.656388533968557e-7,3.7686976982922564,0.038,0.002,0.008476971177152702,10,Caacu.v4.12G011460,Chr12,16566651,16571038,+,Duplicated homeodomain-like superfamily protein
3.800782195986101e-7,3.31896507457029,0.077,0.008,0.008811733443174177,10,Caacu.v4.1G010840,Chr1,17282532,17286196,+,S-adenosyl-L-methionine-dependent methyltransferases superfamily protein
4.0304132918158104e-7,2.56977869705513,0.154,0.03,0.009344110175745775,10,Caacu.v4.16G000680,Chr16,715642,718175,+,Staphylococcal nuclease homologue
4.043634014121746e-7,2.9518750077238645,0.154,0.03,0.009374761098339856,10,Caacu.v4.9G011300,Chr9,15144167,15149687,+,DUTP-PYROPHOSPHATASE-LIKE
4.122076538931864e-7,2.370380189728263,0.135,0.024,0.009556622247859635,10,Caacu.v4.18G003410,Chr18,2965636,2965920,-,hypothetical protein
4.1831285450428215e-7,2.292117779585388,0.135,0.023,0.009698165218827277,10,Caacu.v4.2G001380,Chr2,994183,1002568,+,RHOMBOID-like protein
1.0593825588797566e-279,7.623683004756655,0.577,0.006,2.4560725245068278e-275,11,Caacu.v4.3G000740,Chr3,891692,894331,-,hypothetical protein
2.551702428197588e-267,7.7982206300957575,0.596,0.007,5.915866909533288e-263,11,Caacu.v4.4G007490,Chr4,11673658,11675022,-,hypothetical protein
2.057026561873849e-235,6.905985939279076,0.981,0.035,4.7690103810483316e-231,11,Caacu.v4.1G027520,Chr1,31643526,31649316,+,lipoxygenase
1.0038971580311231e-234,6.566376497674552,0.846,0.023,2.3274351711793556e-230,11,Caacu.v4.9G010160,Chr9,14349618,14353378,+,alpha/beta-Hydrolases superfamily protein
1.8860290232304275e-232,7.736317704153511,0.404,0.002,4.372569687457423e-228,11,Caacu.v4.17G002170,Chr17,4437346,4439466,+,"cytochrome P450, family 76, subfamily C, polypeptide"
1.751441721239785e-211,8.724559370878044,0.385,0.003,4.0605424865223175e-207,11,Caacu.v4.4G007530,Chr4,11724807,11727754,-,hypothetical protein
4.676522159530539e-207,6.456805018405444,0.692,0.017,1.0842048974655602e-202,11,Caacu.v4.9G010920,Chr9,14836902,14839089,-,allene oxide synthase
9.631943227478925e-199,8.845794649061418,0.288,0.001,2.233069717858714e-194,11,Caacu.v4.10G006470,Chr10,7682249,7686286,-,hypothetical protein
9.325938656400798e-184,7.1585491794403096,0.365,0.003,2.162125618099961e-179,11,Caacu.v4.14G002410,Chr14,1664317,1670463,-,Undecaprenyl pyrophosphate synthetase family protein
2.7797537758879553e-179,8.653383147247478,0.25,0.001,6.444581154018635e-175,11,Caacu.v4.11G013060,Chr11,14379153,14382527,-,Calcium-binding EF hand family protein
8.294571753826522e-178,7.251404613448262,0.365,0.003,1.9230135154071408e-173,11,Caacu.v4.6G007500,Chr6,6616218,6619241,-,SGNH hydrolase-type esterase superfamily protein
1.5736624755055018e-170,7.389066986660393,0.385,0.005,3.6483790832119554e-166,11,Caacu.v4.14G004690,Chr14,3275279,3280201,-,FAD/NAD(P)-binding oxidoreductase family protein
3.132023281200359e-170,7.2398328433664645,0.346,0.003,7.261282775134912e-166,11,Caacu.v4.6G007490,Chr6,6609445,6612412,-,SGNH hydrolase-type esterase superfamily protein
2.0897007532422703e-139,6.775192346756802,0.385,0.007,4.8447622263168795e-135,11,Caacu.v4.19G005950,Chr19,9684096,9693479,-,Chaperone protein htpG family protein
7.593387731544524e-124,5.654478214299621,0.481,0.014,1.7604510116812826e-119,11,Caacu.v4.12G009870,Chr12,15264527,15266889,-,Undecaprenyl pyrophosphate synthetase family protein
1.4213709218884024e-107,5.904351513849502,0.346,0.008,3.295306345306072e-103,11,Caacu.v4.21G010330,Chr21,11534642,11536344,-,Plant protein 1589 of unknown function (A_thal_3526) domain containing protein
3.214394574850813e-103,6.428401953992543,0.231,0.003,7.452252382334125e-99,11,Caacu.v4.21G002220,Chr21,3252183,3254312,+,Protein prenylyltransferase superfamily protein
7.329362762087226e-93,7.557039830894286,0.154,0.001,1.6992394627623025e-88,11,Caacu.v4.5G011300,Chr5,9283757,9286591,-,Putative adipose-regulatory protein (Seipin)
1.4749419518350369e-87,5.035954850015018,0.385,0.013,3.419505421134349e-83,11,Caacu.v4.3G002880,Chr3,2494687,2495553,+,conserved hypothetical protein
8.462405852520571e-87,5.61293792613868,0.365,0.012,1.961924172848369e-82,11,Caacu.v4.5G006380,Chr5,4931524,4933150,-,uclacyanin
1.4270582674539514e-83,5.9395712970351475,0.231,0.004,3.308491887265241e-79,11,Caacu.v4.4G013930,Chr4,17143933,17158683,-,diacylglycerol acyltransferase family
4.9880374993100096e-79,6.494045238680343,0.192,0.003,1.1564266138400325e-74,11,Caacu.v4.12G010990,Chr12,16208226,16211542,-,Major facilitator superfamily protein
3.185428082706881e-71,5.795736282961183,0.365,0.016,7.385096466947633e-67,11,Caacu.v4.7G010870,Chr7,16210022,16215704,-,"TRAM, LAG1 and CLN8 (TLC) lipid-sensing domain containing protein"
2.9696237865855965e-65,6.779577533928762,0.135,0.001,6.884775786820046e-61,11,Caacu.v4.8G008410,Chr8,9891103,9892862,-,myb domain protein
8.808457349897262e-58,5.038100443105787,0.192,0.005,2.042152752000181e-53,11,Caacu.v4.1G026520,Chr1,30830107,30831288,-,carboxyesterase
1.3737947995167875e-57,4.91602103585052,0.269,0.01,3.18500586319972e-53,11,Caacu.v4.21G006780,Chr21,8791142,8794777,+,hypothetical protein
4.36478869486325e-48,6.892660143406063,0.115,0.002,1.0119326110170959e-43,11,Caacu.v4.20G002490,Chr20,1770725,1774230,+,ARIA-interacting double AP2 domain protein
7.231316327731316e-45,7.963557036647465,0.096,0.001,1.6765083774212281e-40,11,Caacu.v4.13G003320,Chr13,2510738,2514393,-,"cytochrome P450, family 81, subfamily K, polypeptide"
3.962102750341008e-42,4.253217018975299,0.327,0.023,9.185739016390593e-38,11,Caacu.v4.7G009680,Chr7,15209169,15213011,-,fatty acid desaturase
9.058415468406769e-40,4.431603379951399,0.231,0.011,2.1001030421954252e-35,11,Caacu.v4.11G012180,Chr11,13654516,13675452,-,telomerase reverse transcriptase
1.7215163424146433e-39,5.730727415266337,0.231,0.005,3.991163488254109e-35,11,Caacu.v4.20G000450,Chr20,368079,374781,+,HD-ZIP IV family of homeobox-leucine zipper protein with lipid-binding START domain
2.3446101839247417e-37,3.9716504919577327,0.212,0.01,5.435744250411121e-33,11,Caacu.v4.9G010930,Chr9,14843026,14848107,+,conserved hypothetical protein
5.104363070044475e-37,8.725147602549594,0.058,0,1.183395534159111e-32,11,Caacu.v4.20G009640,Chr20,10359483,10361521,-,myb domain protein
8.66303589384992e-36,4.642718339509236,0.173,0.007,2.0084382416301654e-31,11,Caacu.v4.14G002260,Chr14,1554148,1558717,+,Erythronate-4-phosphate dehydrogenase family protein
9.053300908388749e-36,3.6819955678187943,0.462,0.054,2.0989172826008478e-31,11,Caacu.v4.1G022360,Chr1,27688301,27695979,-,MBOAT (membrane bound O-acyl transferase) family protein
3.0819740140871534e-34,4.023502128840095,0.231,0.014,7.145248554259656e-30,11,Caacu.v4.2G026300,Chr2,30807211,30811744,-,amine oxidase
3.9440067211500165e-34,3.5509167632692824,0.731,0.153,9.143785182314198e-30,11,Caacu.v4.20G001760,Chr20,1246404,1265350,+,Tetratricopeptide repeat (TPR)-like superfamily protein
2.3211844737377566e-33,11.255577829537625,0.038,0,5.381434083913615e-29,11,Caacu.v4.11G013080,Chr11,14385027,14386499,+,hypothetical protein
3.881132433481339e-32,5.010031269667236,0.154,0.006,8.998017433783136e-28,11,Caacu.v4.20G011410,Chr20,12351375,12359451,-,conserved hypothetical protein
7.580152988791057e-29,3.4330284463712926,0.288,0.026,1.7573826689213186e-24,11,Caacu.v4.10G013730,Chr10,16554520,16563210,-,solanesyl diphosphate synthase
4.4043927461558445e-26,3.348408793575512,0.192,0.012,1.021114414268771e-21,11,Caacu.v4.1G013550,Chr1,19860353,19865207,+,Polyketide cyclase/dehydrase and lipid transport superfamily protein
4.9751832218017304e-26,5.2849521680145335,0.077,0.002,1.1534464781425131e-21,11,Caacu.v4.4G019000,Chr4,21127715,21131618,+,Raffinose synthase family protein
1.5705608889732067e-25,4.593610557793369,0.135,0.006,3.6411883649954826e-21,11,Caacu.v4.3G014770,Chr3,13229749,13237594,+,hypothetical protein
1.1056918567232909e-23,3.637048197886279,0.231,0.02,2.5634360006272774e-19,11,Caacu.v4.7G004750,Chr7,10273012,10288639,-,Tubulin/FtsZ family protein
1.3392767873874966e-23,5.835765874139631,0.096,0.003,3.104979303879172e-19,11,Caacu.v4.11G009800,Chr11,11853566,11856061,+,NAD(P)-binding Rossmann-fold superfamily protein
1.6272625200459207e-22,9.262060260561197,0.038,0,3.772645426474462e-18,11,Caacu.v4.2G026290,Chr2,30802835,30805308,-,receptor-like protein kinase
1.6272625200459207e-22,7.618861096021671,0.038,0,3.772645426474462e-18,11,Caacu.v4.4G003170,Chr4,5035559,5042002,-,alpha/beta-Hydrolases superfamily protein
1.713214106611829e-22,6.124231270734697,0.038,0,3.971915584768864e-18,11,Caacu.v4.4G008150,Chr4,12339404,12341699,-,cinnamyl alcohol dehydrogenase
1.713214106611829e-22,6.336549076218228,0.038,0,3.971915584768864e-18,11,Caacu.v4.7G006140,Chr7,12110964,12111891,-,hypothetical protein
1.713214106611829e-22,6.485917820471359,0.038,0,3.971915584768864e-18,11,Caacu.v4.12G009520,Chr12,14996681,15000806,-,protein kinase family protein
7.870729053600115e-22,4.658082737850386,0.154,0.01,1.8247498237866506e-17,11,Caacu.v4.10G006430,Chr10,7634746,7637969,-,hypothetical protein
2.843955837190493e-21,4.8922883981354,0.058,0.001,6.59342721294244e-17,11,Caacu.v4.14G000340,Chr14,273131,275074,-,NAC domain containing protein
3.267532400940805e-21,3.551660231958376,0.25,0.027,7.575447118341163e-17,11,Caacu.v4.2G015490,Chr2,21246267,21251561,+,fatty acid desaturase
6.1652257909610664e-21,3.115416499351414,0.231,0.023,1.4293459473764135e-16,11,Caacu.v4.11G010230,Chr11,12134403,12135163,+,Homeodomain-like superfamily protein
5.725977470711251e-20,3.1998588001614015,0.308,0.042,1.3275106168096965e-15,11,Caacu.v4.1G017850,Chr1,23724680,23731218,+,ferrochelatase
6.092818323682258e-20,2.315165394664412,0.673,0.193,1.4125590001624947e-15,11,Caacu.v4.14G013460,Chr14,14749927,14754990,+,hypothetical protein
1.7708868168497386e-17,8.726150582108168,0.019,0,4.105623996184434e-13,11,Caacu.v4.14G004540,Chr14,3164438,3167188,-,target of rapamycin
1.7708868168497386e-17,11.486171768876298,0.019,0,4.105623996184434e-13,11,Caacu.v4.14G007980,Chr14,6328224,6344386,+,MBOAT (membrane bound O-acyl transferase) family protein
1.7708868168497386e-17,10.283339434470106,0.019,0,4.105623996184434e-13,11,Caacu.v4.14G010950,Chr14,10868206,10871387,-,O-fucosyltransferase family protein
4.66541659464661e-17,5.8458774386870065,0.038,0.001,1.08163018330287e-12,11,Caacu.v4.20G002060,Chr20,1489373,1491991,+,RNAse THREE-like protein
9.599990681704874e-17,2.9084359281711523,0.212,0.024,2.225661839646458e-12,11,Caacu.v4.9G011270,Chr9,15125193,15129413,-,"Outer envelope pore protein 24A, chloroplastic"
8.36689605235986e-16,3.6176345311282088,0.096,0.005,1.93978118077911e-11,11,Caacu.v4.1G029980,Chr1,33624443,33626363,-,conserved hypothetical protein
2.806342045624277e-15,4.336742092706199,0.096,0.006,6.506223398575324e-11,11,Caacu.v4.20G004610,Chr20,3474820,3478532,-,MATE efflux family protein
8.853075847346477e-14,7.122214479538293,0.038,0.001,2.0524971044488073e-9,11,Caacu.v4.21G004160,Chr21,6139675,6140347,+,MLP-like protein
8.989928336980562e-14,4.779830202311359,0.038,0.001,2.0842249856455734e-9,11,Caacu.v4.19G000360,Chr19,740645,743388,+,Pentatricopeptide repeat (PPR) superfamily protein
9.26990061902942e-14,4.610281779526355,0.038,0.001,2.1491337595157807e-9,11,Caacu.v4.8G017640,Chr8,18186864,18188097,+,conserved hypothetical protein
2.305517397740446e-13,2.8023749367525466,0.173,0.02,5.34511153492145e-9,11,Caacu.v4.10G002930,Chr10,2921094,2944536,+,kinesin-like protein
5.56444435575612e-13,3.5768603600620184,0.173,0.022,1.2900607794384989e-8,11,Caacu.v4.15G008510,Chr15,13129324,13145513,-,P-loop containing nucleoside triphosphate hydrolases superfamily protein
9.28214412471262e-13,4.145537719579679,0.096,0.007,2.1519722938733738e-8,11,Caacu.v4.1G027260,Chr1,31422100,31433792,-,heavy metal atpase
1.5526777117509858e-12,4.15083293515415,0.058,0.002,3.5997280069234856e-8,11,Caacu.v4.18G001840,Chr18,1846324,1847305,+,hypothetical protein
1.5971459074269716e-12,4.264437379188213,0.058,0.002,3.702823071778691e-8,11,Caacu.v4.4G001770,Chr4,3128539,3129810,-,hypothetical protein
2.413009385615418e-12,4.065816482449333,0.077,0.005,5.594320959610785e-8,11,Caacu.v4.16G008860,Chr16,8770686,8772112,-,Myb/SANT-like DNA-binding domain containing protein
2.7787410585799282e-12,3.134799450495466,0.077,0.005,6.442233270211705e-8,11,Caacu.v4.7G015810,Chr7,20292807,20296185,-,hypothetical protein
1.2491674268176584e-11,5.405850314312086,0.058,0.003,2.896069762334059e-7,11,Caacu.v4.7G012720,Chr7,17782303,17797469,+,phospholipid sterol acyl transferase
1.2989225201085016e-11,4.66114523862928,0.058,0.003,3.01142197061955e-7,11,Caacu.v4.5G000780,Chr5,579595,587100,-,alpha/beta-Hydrolases superfamily protein
1.333475183183259e-11,3.723500058063663,0.135,0.015,3.091528864692068e-7,11,Caacu.v4.18G007960,Chr18,6733083,6740179,+,SEC14 cytosolic factor family protein / phosphoglyceride transfer family protein
1.3438335145201536e-11,5.709015276116357,0.038,0.001,3.1155436200635243e-7,11,Caacu.v4.3G007230,Chr3,6057678,6061770,+,fatty acid biosynthesis
1.3785329288911256e-11,5.155543567105447,0.038,0.001,3.195990742341186e-7,11,Caacu.v4.8G008860,Chr8,10415033,10418872,-,"Core-2/I-branching beta-1,6-N-acetylglucosaminyltransferase family protein"
1.4141094176554587e-11,4.0708130726257945,0.038,0.001,3.2784712738924157e-7,11,Caacu.v4.10G007110,Chr10,9362486,9364199,-,alpha/beta-Hydrolases superfamily protein
1.4141094176554587e-11,4.5638909115646324,0.038,0.001,3.2784712738924157e-7,11,Caacu.v4.20G001060,Chr20,780102,786799,-,Protein of unknown function (DUF2921)
1.4322333171280431e-11,4.703650160524503,0.038,0.001,3.320489722429655e-7,11,Caacu.v4.1G033650,Chr1,36309805,36312878,+,Copper amine oxidase family protein
2.87145600942483e-11,4.439015021113244,0.077,0.005,6.657183612250526e-7,11,Caacu.v4.2G007910,Chr2,6201761,6209327,+,SOS3-interacting protein
3.0618386189368247e-11,3.7100544358768035,0.077,0.005,7.098566654143135e-7,11,Caacu.v4.3G017170,Chr3,16567832,16571769,+,Basic-leucine zipper (bZIP) transcription factor family protein
3.405574039753632e-11,2.0418770664157133,0.385,0.1,7.895482853764821e-7,11,Caacu.v4.11G005760,Chr11,7764510,7771397,-,Zinc-binding dehydrogenase family protein
4.337549657002071e-11,2.4085139338715438,0.25,0.048,1.00561751247936e-6,11,Caacu.v4.2G031480,Chr2,35111810,35119219,+,Plant stearoyl-acyl-carrier-protein desaturase family protein
4.3379647115166825e-11,2.119793989106168,0.365,0.093,1.0057137387180277e-6,11,Caacu.v4.1G034950,Chr1,37336060,37339044,-,acyl carrier protein
8.327016863770606e-11,1.614826608636271,0.462,0.136,1.9305355896965773e-6,11,Caacu.v4.9G006000,Chr9,10509398,10512430,+,hypothetical protein
8.71315647081092e-11,2.0094107359405395,0.115,0.012,2.0200581961928037e-6,11,Caacu.v4.4G020460,Chr4,22051380,22058483,+,Sieve element occlusion N-terminus domain containing protein
4.444598727205809e-10,3.998888112527527,0.058,0.003,1.0304357689153948e-5,11,Caacu.v4.21G006270,Chr21,8226485,8230113,+,NAD(P)-binding Rossmann-fold superfamily protein
4.762310112959784e-10,2.5586857085005277,0.154,0.021,1.1040939765885962e-5,11,Caacu.v4.16G008290,Chr16,8156066,8162034,-,Plant protein of unknown function (DUF247)
5.075249700225321e-10,5.041166918632597,0.038,0.001,1.1766458905002385e-5,11,Caacu.v4.5G007940,Chr5,6106541,6108799,-,Tetratricopeptide repeat (TPR)-like superfamily protein
5.130814626679484e-10,4.537108923722274,0.038,0.001,1.1895280630493716e-5,11,Caacu.v4.14G005520,Chr14,3984065,3988379,+,Aldolase-type TIM barrel family protein
5.186973072677582e-10,4.391051612008359,0.038,0.001,1.2025478371695706e-5,11,Caacu.v4.1G022080,Chr1,27407866,27409368,-,non-yellowing
5.186973072677582e-10,3.65812851698877,0.038,0.001,1.2025478371695706e-5,11,Caacu.v4.1G025660,Chr1,30228350,30230090,+,F-box family protein
5.186973072677582e-10,4.612605808544094,0.038,0.001,1.2025478371695706e-5,11,Caacu.v4.16G001930,Chr16,1726303,1730348,+,related to AP2.7
5.301095281030843e-10,3.662151009345812,0.038,0.001,1.2290059299541906e-5,11,Caacu.v4.4G016770,Chr4,19420024,19421186,-,conserved hypothetical protein
5.301095281030843e-10,4.242928122170264,0.038,0.001,1.2290059299541906e-5,11,Caacu.v4.6G017980,Chr6,17797866,17805672,-,Protein kinase superfamily protein
6.730332298810219e-10,3.296617472783006,0.077,0.006,1.560360240156161e-5,11,Caacu.v4.2G007320,Chr2,5682945,5684492,-,DUF2996 domain containing protein
9.297050421713148e-10,3.406049985689708,0.135,0.018,2.155428169769976e-5,11,Caacu.v4.8G012700,Chr8,14148183,14159220,-,RAC-like
1.4110826609058167e-9,2.556070463657486,0.25,0.056,3.2714540410440456e-5,11,Caacu.v4.7G010260,Chr7,15683630,15696667,+,translocon at the inner envelope membrane of chloroplasts
1.7760029206329529e-9,4.849376024494119,0.058,0.003,4.117485171195438e-5,11,Caacu.v4.8G010830,Chr8,12563277,12566486,-,Cytochrome P450 superfamily protein
1.8136332781429746e-9,4.111343263290696,0.058,0.003,4.2047273920466725e-5,11,Caacu.v4.2G015870,Chr2,21712136,21714525,+,Ubiquitin carboxyl-terminal hydrolase family protein
1.917819389553957e-9,3.630942667866605,0.058,0.003,4.446272472741894e-5,11,Caacu.v4.10G014750,Chr10,17423625,17426048,-,conserved hypothetical protein
2.933263005145051e-9,6.28071471268429,0.019,0,6.800476951128287e-5,11,Caacu.v4.16G013310,Chr16,15227263,15229634,+,hypothetical protein
2.933263005145051e-9,6.283247878955026,0.019,0,6.800476951128287e-5,11,Caacu.v4.13G002370,Chr13,1759095,1762846,-,"cytochrome P450, family 82, subfamily C, polypeptide"
2.9909534734201377e-9,5.970262954763719,0.019,0,6.934226532777248e-5,11,Caacu.v4.3G003570,Chr3,2965676,2969200,-,vesicle-associated membrane protein
2.9909534734201377e-9,5.831682663088872,0.019,0,6.934226532777248e-5,11,Caacu.v4.7G009580,Chr7,15162451,15167161,+,Arabidopsis thaliana protein of unknown function (DUF821)
2.9909534734201377e-9,5.499591004242721,0.019,0,6.934226532777248e-5,11,Caacu.v4.8G016380,Chr8,17314066,17316056,+,Protein of unknown function (DUF_B2219) domain containing protein
2.9909534734201377e-9,4.668787801157633,0.019,0,6.934226532777248e-5,11,Caacu.v4.2G009760,Chr2,7962749,7966611,+,laccase
2.9909534734201377e-9,5.692778933224828,0.019,0,6.934226532777248e-5,11,Caacu.v4.4G001100,Chr4,2323441,2331267,-,SHV3-like
2.9909534734201377e-9,3.407577095806229,0.019,0,6.934226532777248e-5,11,Caacu.v4.4G001570,Chr4,2838728,2844655,-,"Dihydrolipoamide acetyltransferase, long form protein"
2.9909534734201377e-9,4.263271661852402,0.019,0,6.934226532777248e-5,11,Caacu.v4.7G008510,Chr7,14390815,14392012,-,hypothetical protein
2.9909534734201377e-9,5.76899747718705,0.019,0,6.934226532777248e-5,11,Caacu.v4.8G012560,Chr8,14038979,14042372,-,Peroxidase superfamily protein
2.9909534734201377e-9,4.739195819882244,0.019,0,6.934226532777248e-5,11,Caacu.v4.16G005990,Chr16,5505407,5507999,+,Protein of unknown function (DUF620)
3.410152968003864e-9,1.2229699112806776,0.846,0.57,7.906098641020159e-5,11,Caacu.v4.16G012270,Chr16,13018974,13020027,+,lipid transfer protein
3.5129224241257187e-9,2.9416156990056876,0.096,0.01,8.144359348093066e-5,11,Caacu.v4.13G001780,Chr13,1326301,1334092,-,Leucine-rich repeat protein kinase family protein
3.633201588064777e-9,3.2768055058708536,0.115,0.014,8.42321456176938e-5,11,Caacu.v4.7G006430,Chr7,12411141,12422487,+,3'-5'-exoribonuclease family protein
3.671761755167708e-9,3.0341379064322354,0.077,0.006,8.512612453180815e-5,11,Caacu.v4.20G002470,Chr20,1755162,1761310,-,conserved hypothetical protein
4.9935065999963155e-9,2.955178623313499,0.173,0.03,1.1576945701431458e-4,11,Caacu.v4.21G006100,Chr21,8050961,8059836,+,conserved hypothetical protein
5.882702123724944e-9,4.867459531176578,0.058,0.004,1.363845660364391e-4,11,Caacu.v4.3G018630,Chr3,19823525,19827278,-,MATE efflux family protein
6.323267202932765e-9,4.1740960194624535,0.058,0.004,1.4659862683279323e-4,11,Caacu.v4.1G004800,Chr1,9169668,9173969,-,hAT transposon superfamily protein
7.620582670977554e-9,1.8191862052477583,0.346,0.1,1.7667558864394362e-4,11,Caacu.v4.3G011820,Chr3,10016637,10030138,+,sodium/calcium exchanger family protein / calcium-binding EF hand family protein
7.944685005218254e-9,4.230898096855894,0.038,0.002,1.8418957716098e-4,11,Caacu.v4.6G015790,Chr6,15548920,15557165,-,Laccase/Diphenol oxidase family protein
8.251905136332798e-9,2.9013389437974126,0.038,0.002,1.9131216868073958e-4,11,Caacu.v4.21G001240,Chr21,1211133,1212888,-,Protein of unknown function (DUF3414)
9.514301034826433e-9,3.259040529288006,0.096,0.01,2.2057955519141602e-4,11,Caacu.v4.21G008210,Chr21,9901912,9905888,-,hypothetical protein
1.1791449006018618e-8,2.607059752031649,0.135,0.02,2.733729537555356e-4,11,Caacu.v4.18G013290,Chr18,13328726,13336158,-,isopentenyl pyrophosphate:dimethylallyl pyrophosphate isomerase
1.9215328896861092e-8,3.7901466814302514,0.058,0.004,4.4548818514482754e-4,11,Caacu.v4.9G004540,Chr9,8822095,8833525,+,NAD kinase
5.8763518808227484e-8,1.2166248557081083,0.846,0.575,0.001362373420049946,11,Caacu.v4.13G006820,Chr13,5685450,5686811,-,ABA/WDS induced protein domain containing protein
5.9463274212041353e-8,2.9122157524867784,0.058,0.004,0.0013785965493319668,11,Caacu.v4.16G002270,Chr16,2042476,2047477,-,PATATIN-like protein
6.295135175847099e-8,4.830292729419202,0.038,0.002,0.0014594641391683914,11,Caacu.v4.4G009540,Chr4,13623765,13626040,+,Tetratricopeptide repeat (TPR)-like superfamily protein
6.5656799639407e-8,3.9578906219561785,0.038,0.002,0.001522187242840012,11,Caacu.v4.9G009490,Chr9,13835672,13836265,-,cytochrome B5 isoform D
6.677022721271238e-8,3.661493494616413,0.038,0.002,0.0015480009476995238,11,Caacu.v4.20G003680,Chr20,2734663,2744252,+,"COG complex component, COG2, C-terminal domain containing protein"
6.818773876661514e-8,2.1227432863347997,0.019,0.002,0.0015808645355652054,11,Caacu.v4.4G002590,Chr4,4201712,4205517,+,Glycosyl hydrolases family 32 protein
9.013335063653118e-8,2.380955978607035,0.096,0.012,0.002089651601157339,11,Caacu.v4.8G013690,Chr8,15039610,15046549,-,with no lysine (K) kinase
9.249082810266478e-8,0.985136664876201,1,0.955,0.00214430735873218,11,Caacu.v4.10G003670,Chr10,3723560,3724544,-,Glycine rich protein family domain containing protein
9.367467584852813e-8,2.870129465403995,0.154,0.028,0.0021717536848722763,11,Caacu.v4.1G027430,Chr1,31568061,31569717,-,Leucine-rich repeat (LRR) family protein
1.2421782106016252e-7,2.0885767930078596,0.212,0.044,0.002879865963458808,11,Caacu.v4.14G005450,Chr14,3920890,3931270,+,white-brown complex homolog protein
1.2649312323257951e-7,2.634191108702396,0.096,0.012,0.0029326165690241233,11,Caacu.v4.6G005000,Chr6,4497311,4498367,+,hypothetical protein
1.3856683797489187e-7,2.3710363019961163,0.019,0.003,0.003212533571609893,11,Caacu.v4.1G005380,Chr1,9937631,9940661,+,leucoanthocyanidin dioxygenase
1.4136776065716032e-7,3.3772396608541824,0.077,0.008,0.003277470163075605,11,Caacu.v4.19G008700,Chr19,11797283,11800291,-,hypothetical protein
1.480409783880188e-7,2.5491746481619804,0.058,0.005,0.003432182042947828,11,Caacu.v4.1G010390,Chr1,16918656,16920924,+,ferrochelatase
1.4885807175490886e-7,2.3704888496505285,0.058,0.005,0.003451125535565807,11,Caacu.v4.13G002080,Chr13,1550742,1551434,+,RING/U-box superfamily protein
1.673262790491993e-7,2.0490825164899067,0.173,0.035,0.0038792924534766368,11,Caacu.v4.3G009120,Chr3,7717421,7718123,-,conserved hypothetical protein
1.6955073623373176e-7,2.3448271672603775,0.115,0.017,0.003930864268842837,11,Caacu.v4.15G007360,Chr15,12120023,12123582,-,cytochrome c-2
2.0867734812140968e-7,1.6293230681050619,0.154,0.028,0.004837975638846762,11,Caacu.v4.9G010960,Chr9,14855805,14876725,-,exocyst complex component sec3A
2.658128692246772e-7,2.8398536622719495,0.077,0.008,0.006162605560104916,11,Caacu.v4.11G013700,Chr11,14879312,14885074,+,FK506 BINDING PROTEIN
2.780851075724123e-7,2.0042436123793017,0.154,0.029,0.0064471251339588065,11,Caacu.v4.10G009760,Chr10,12890060,12894330,-,Protein of unknown function (DUF789)
3.0456064220012167e-7,3.350684951143754,0.058,0.005,0.007060933928767621,11,Caacu.v4.21G011290,Chr21,12273464,12275715,-,Calmodulin-binding transcription activator protein with CG-1 and Ankyrin domains
3.4273871641532165e-7,2.018181886777167,0.231,0.06,0.007946054401372818,11,Caacu.v4.21G007740,Chr21,9478416,9484732,-,RING/U-box superfamily protein
3.574573875486605e-7,3.7441791139827445,0.038,0.002,0.008287292072928144,11,Caacu.v4.16G000790,Chr16,804753,807688,+,AZA-guanine resistant1
3.6016471107372464e-7,3.1014339673641746,0.038,0.002,0.008350058661533231,11,Caacu.v4.12G004790,Chr12,7386091,7390295,-,ABC transporter family protein
3.656388533968557e-7,3.500651624947483,0.038,0.002,0.008476971177152702,11,Caacu.v4.5G005480,Chr5,4236370,4241244,+,NB-ARC domain-containing disease resistance protein
3.684059510683557e-7,3.079777770501336,0.038,0.002,0.008541123569568758,11,Caacu.v4.6G007920,Chr6,6921458,6922873,-,TBP-associated factor
3.7682904309069774e-7,2.3895776077050996,0.038,0.002,0.008736404535014737,11,Caacu.v4.2G008490,Chr2,6860160,6863041,-,"Protein CHUP1, chloroplastic"
3.846452720474181e-7,3.1448725885855717,0.077,0.008,0.008917615987147342,11,Caacu.v4.3G000510,Chr3,622778,624517,+,PADRE domain containing protein
3.978746079833643e-7,3.154767835497272,0.077,0.008,0.009224324911486318,11,Caacu.v4.3G016680,Chr3,15484476,15486493,-,aminophospholipid ATPase
0,8.791751566270133,0.765,0.003,0,12,Caacu.v4.4G012240,Chr4,15838952,15840306,-,Lactoylglutathione lyase / glyoxalase I family protein
1.468402675826466e-271,8.486292381541542,0.706,0.004,3.4043447636360787e-267,12,Caacu.v4.2G022810,Chr2,27952090,27956752,-,aspartic proteinase A1
2.3806369307362154e-257,8.178163026002792,0.588,0.002,5.519268660218842e-253,12,Caacu.v4.5G009590,Chr5,7688029,7689276,-,Protein E6
1.0288719834142139e-211,8.335986184759154,0.647,0.004,2.3853368063475135e-207,12,Caacu.v4.3G009100,Chr3,7709887,7712318,-,Outward rectifying potassium channel protein
6.326450880702194e-176,7.7080830761076955,0.824,0.011,1.4667243721819967e-171,12,Caacu.v4.4G006860,Chr4,11000847,11002294,+,"Lipase/lipooxygenase, PLAT/LH2 family protein"
1.721181389806637e-175,10.453964441765446,0.294,0.001,3.9903869341277073e-171,12,Caacu.v4.20G005950,Chr20,4700575,4704248,-,voltage dependent anion channel
6.059767393463527e-148,13.871706780778565,0.176,0,1.4048964725005842e-143,12,Caacu.v4.3G010930,Chr3,9090980,9095032,-,S-locus lectin protein kinase family protein
7.11670766971392e-141,7.406891677756899,0.412,0.003,1.649937506146475e-136,12,Caacu.v4.17G001210,Chr17,1895872,1897630,-,Family of unknown function (DUF716) 
7.938789266689218e-110,6.61451514344027,0.529,0.007,1.840528903589228e-105,12,Caacu.v4.16G002860,Chr16,2778711,2784631,-,Pectin lyase-like superfamily protein
2.160883326938976e-109,7.842328065526463,0.412,0.004,5.009791905175322e-105,12,Caacu.v4.3G010940,Chr3,9098719,9099396,+,Calcium-binding EF-hand family protein
1.1977053053253375e-107,7.522345834633069,0.529,0.007,2.7767599798662625e-103,12,Caacu.v4.12G008960,Chr12,14364306,14365919,-,Lactoylglutathione lyase / glyoxalase I family protein
1.1061349180353945e-98,6.62822873524619,0.824,0.022,2.5644631939732584e-94,12,Caacu.v4.2G008810,Chr2,7162052,7166082,+,cation exchanger
3.54349894019761e-98,7.513839554285471,0.353,0.003,8.215247942954139e-94,12,Caacu.v4.10G005810,Chr10,6193031,6199167,-,cyclic nucleotide-gated cation channel
3.224242188426287e-91,6.340782722209147,0.647,0.014,7.475083089647504e-87,12,Caacu.v4.14G008090,Chr14,6490459,6496887,-,aspartic proteinase A1
8.414643409933168e-88,8.446984317034957,0.235,0.001,1.9508509281589055e-83,12,Caacu.v4.4G011380,Chr4,15120577,15127182,+,Sulfite exporter TauE/SafE family protein
1.3104149775193725e-85,5.996571765528843,0.588,0.012,3.0380660838809133e-81,12,Caacu.v4.6G004500,Chr6,4161284,4167666,+,Elongator complex protein
6.642897326525658e-83,7.2769212632396725,0.412,0.006,1.5400893161817085e-78,12,Caacu.v4.5G008190,Chr5,6323919,6324772,+,Calcium-binding EF-hand family protein
4.1539202804837415e-82,7.552031421514323,0.294,0.003,9.630448778273505e-78,12,Caacu.v4.11G009400,Chr11,11553998,11555304,-,pinoid-binding protein
1.1624817507977996e-81,6.457792655778217,0.588,0.013,2.6950976910496186e-77,12,Caacu.v4.1G003420,Chr1,7370589,7389655,+,AMP-dependent synthetase and ligase family protein
2.6219888012401943e-74,6.876006659951461,0.176,0.001,6.078818836795266e-70,12,Caacu.v4.18G004780,Chr18,3996156,3998962,-,Ankyrin repeat family protein
7.379674580013279e-71,6.715381352253683,0.412,0.007,1.7109037546302786e-66,12,Caacu.v4.10G013250,Chr10,16161035,16162814,-,conserved hypothetical protein
1.4692706615001757e-66,9.918138073512482,0.118,0,3.4063571016220075e-62,12,Caacu.v4.5G009050,Chr5,7180750,7183148,-,Tetraspanin family protein
1.4692706615001757e-66,11.040795875468245,0.118,0,3.4063571016220075e-62,12,Caacu.v4.9G015120,Chr9,17921190,17922665,+,carboxyesterase
1.4692706615001757e-66,10.157681496542121,0.118,0,3.4063571016220075e-62,12,Caacu.v4.21G000270,Chr21,323161,330374,-,Plant regulator RWP-RK family protein
1.719207446021862e-66,7.675335099567963,0.118,0,3.985810542857085e-62,12,Caacu.v4.2G021600,Chr2,26967087,26968395,-,Ctr copper transporter family
5.930156078275241e-66,7.558653723652624,0.235,0.002,1.3748473851873318e-61,12,Caacu.v4.13G007730,Chr13,6574955,6575773,-,hypothetical protein
5.953914117020237e-64,8.348071971178413,0.176,0.001,1.3803554488899718e-59,12,Caacu.v4.14G000340,Chr14,273131,275074,-,NAC domain containing protein
6.925951746078283e-64,7.330473701662854,0.176,0.001,1.6057126528107892e-59,12,Caacu.v4.21G006740,Chr21,8771753,8773735,+,hypothetical protein
3.14113898181578e-60,5.442017519142492,0.588,0.018,7.282416615441705e-56,12,Caacu.v4.12G008190,Chr12,13516649,13539019,+,chromatin remodeling
1.6642070147598722e-57,4.657474477193291,0.647,0.024,3.858297543019288e-53,12,Caacu.v4.21G008520,Chr21,10126875,10130612,+,Duplicated homeodomain-like superfamily protein
6.5140845130147e-56,7.122415503034672,0.176,0.001,1.510225353497328e-51,12,Caacu.v4.10G005630,Chr10,6007623,6008370,+,Calcium-binding EF-hand family protein
1.190601441532126e-52,6.120662699201719,0.235,0.003,2.760290382048081e-48,12,Caacu.v4.8G001100,Chr8,1317231,1341085,-,hypothetical protein
2.3369412631114173e-52,5.034140641976581,0.529,0.017,5.41796462439751e-48,12,Caacu.v4.10G011170,Chr10,14283630,14292636,+,Ubiquitin-like superfamily protein
2.134612598903128e-51,6.650315793818205,0.294,0.004,4.948885849297012e-47,12,Caacu.v4.13G000590,Chr13,451203,458784,-,Major facilitator superfamily protein
2.214211615394711e-51,6.647861071155072,0.294,0.005,5.133428209131098e-47,12,Caacu.v4.8G004220,Chr8,5879751,5885776,+,NAC domain containing protein
1.5826420446033413e-50,11.341307191594586,0.059,0,3.669197316208386e-46,12,Caacu.v4.11G003160,Chr11,4220944,4222450,+,NADH dehydrogenase subunit
1.5826420446033413e-50,11.341307191594586,0.059,0,3.669197316208386e-46,12,Caacu.v4.S001020,scf_4,158187,159693,+,NADH dehydrogenase subunit
1.5826420446033413e-50,11.341307191594586,0.059,0,3.669197316208386e-46,12,Caacu.v4.S003130,scf_21,157251,158757,-,NADH dehydrogenase subunit
3.5356038201251635e-45,5.495035915087124,0.353,0.009,8.196943896578179e-41,12,Caacu.v4.3G004630,Chr3,3922090,3923741,-,hypothetical protein
3.299218351337199e-43,6.442301595037689,0.412,0.013,7.648907825740162e-39,12,Caacu.v4.1G017100,Chr1,23064498,23070806,-,alpha/beta-Hydrolases superfamily protein
5.1354653872571416e-42,6.037966823101015,0.471,0.018,1.1906062953816957e-37,12,Caacu.v4.7G012810,Chr7,17861468,17874578,-,Ypt/Rab-GAP domain of gyp1p superfamily protein
2.533342868820483e-40,7.752918735633998,0.118,0.001,5.873302107073408e-36,12,Caacu.v4.2G013530,Chr2,18515981,18519701,+,Concanavalin A-like lectin protein kinase family protein
2.533342868820483e-40,7.600789406196669,0.118,0.001,5.873302107073408e-36,12,Caacu.v4.6G009990,Chr6,9250240,9255140,+,Protein of unknown function (DUF640)
2.6553960053270903e-40,7.193755606529625,0.118,0.001,6.156270098750326e-36,12,Caacu.v4.17G009120,Chr17,13479205,13486485,-,methyl-CPG-binding domain
1.481134209922998e-37,6.8224412560675916,0.176,0.002,3.433861552285479e-33,12,Caacu.v4.9G010010,Chr9,14207636,14208997,+,HXXXD-type acyl-transferase family protein
6.950383140747193e-37,5.1807522586724195,0.412,0.015,1.611376827350829e-32,12,Caacu.v4.18G007200,Chr18,6055099,6059716,-,Glucose-1-phosphate adenylyltransferase family protein
3.7775474341477815e-36,6.047344225403623,0.235,0.005,8.757865971328217e-32,12,Caacu.v4.1G009160,Chr1,15662618,15663899,+,hypothetical protein
1.531732892340987e-34,6.001831226944448,0.235,0.005,3.5511695376033446e-30,12,Caacu.v4.11G008500,Chr11,10818646,10821009,+,Tetraspanin family protein
9.43064244068324e-34,7.284649488651018,0.118,0.001,2.1864001434480024e-29,12,Caacu.v4.19G004740,Chr19,8520985,8525637,-,hypothetical protein
3.811560031831738e-32,4.94947495859393,0.529,0.03,8.836720777798702e-28,12,Caacu.v4.21G006100,Chr21,8050961,8059836,+,conserved hypothetical protein
7.96229423029952e-32,6.169570698038255,0.294,0.009,1.8459782943526406e-27,12,Caacu.v4.16G012630,Chr16,13809318,13817493,+,Auxin efflux carrier family protein
2.3917002882223705e-29,4.5650802541545055,0.412,0.019,5.544917948214744e-25,12,Caacu.v4.6G019790,Chr6,19484085,19491430,+,phosphomannomutase
4.118915446777613e-29,8.085965471430459,0.118,0.001,9.54929357180922e-25,12,Caacu.v4.12G006640,Chr12,11685159,11687147,+,conserved hypothetical protein
5.037854026601867e-29,6.352893312302056,0.118,0.001,1.1679760775273768e-24,12,Caacu.v4.1G022990,Chr1,28215830,28222963,-,Mitochondrial substrate carrier family protein
1.96352267408055e-28,5.223961289080595,0.235,0.006,4.5522309675883474e-24,12,Caacu.v4.20G003510,Chr20,2597291,2599100,+,HCP-like superfamily protein with MYND-type zinc finger
2.598955702739494e-28,5.896809847811587,0.176,0.003,6.0254189012312424e-24,12,Caacu.v4.6G004480,Chr6,4150416,4157532,-,"Mannose-6-phosphate isomerase, type I"
1.6484569297119168e-26,6.042031733161995,0.235,0.007,3.821782545844108e-22,12,Caacu.v4.20G002170,Chr20,1563311,1567971,-,NOD26-like intrinsic protein 6;1
6.461907085513357e-26,9.720589645443662,0.059,0,1.4981285387054168e-21,12,Caacu.v4.1G007510,Chr1,13704667,13708412,-,Leucine-rich repeat (LRR) family protein
6.855178356146719e-26,7.578454774770611,0.059,0,1.5893045500890554e-21,12,Caacu.v4.21G000470,Chr21,506408,508163,-,NAC domain containing protein
6.855178356146719e-26,7.043016760902231,0.059,0,1.5893045500890554e-21,12,Caacu.v4.12G005170,Chr12,8863853,8865253,-,phosphatidylinositol 4-OH kinase beta2
7.130104443156302e-24,5.568717430996776,0.176,0.004,1.653043414101357e-19,12,Caacu.v4.4G008950,Chr4,13102959,13105382,-,CYCLIN D1;1
8.336535595908954e-24,4.98790885207616,0.176,0.004,1.9327424125555317e-19,12,Caacu.v4.21G002650,Chr21,4068062,4071443,+,indeterminate(ID)-domain
8.635191619394007e-23,6.346161409660727,0.118,0.002,2.0019828250403067e-18,12,Caacu.v4.6G009570,Chr6,8708812,8718947,+,5'-nucleotidases;magnesium ion binding
9.494482512997605e-23,5.070477932336538,0.235,0.008,2.2012008258133647e-18,12,Caacu.v4.4G020330,Chr4,21956581,21959529,-,"beta-1,4-N-acetylglucosaminyltransferase family protein"
1.4039125760146338e-20,6.061781201719716,0.118,0.002,3.254830916232327e-16,12,Caacu.v4.5G003270,Chr5,2483101,2487175,+,squamosa promoter binding protein-like
9.157796068916011e-20,4.964362818593995,0.176,0.005,2.123143440617488e-15,12,Caacu.v4.1G015890,Chr1,21978099,21985453,-,Protein kinase superfamily protein
2.1373543000100188e-18,6.392777318050966,0.176,0.006,4.9552422091432274e-14,12,Caacu.v4.3G007610,Chr3,6418696,6424046,-,Cation efflux family protein
3.2701028377216264e-18,2.6750620791216426,0.118,0.014,7.581406418973818e-14,12,Caacu.v4.19G001930,Chr19,5009961,5010800,-,low-molecular-weight cysteine-rich
4.896840402752756e-18,4.27349905046608,0.294,0.017,1.135283478974199e-13,12,Caacu.v4.18G006770,Chr18,5668439,5673760,+,"HAD superfamily, subfamily IIIB acid phosphatase "
1.1254234372760944e-17,7.380575171906029,0.059,0.001,2.6091816969808976e-13,12,Caacu.v4.2G007680,Chr2,6007514,6009436,+,cytokinin response factor
1.1254234372760944e-17,7.835670183881422,0.059,0.001,2.6091816969808976e-13,12,Caacu.v4.3G014350,Chr3,12673906,12676700,+,Ubiquitin fusion degradation UFD1 family protein
1.1254234372760944e-17,7.467032440330347,0.059,0.001,2.6091816969808976e-13,12,Caacu.v4.4G021840,Chr4,22929451,22931029,+,Calcium-dependent lipid-binding (CaLB domain) family protein
1.1254234372760944e-17,8.204374153940105,0.059,0.001,2.6091816969808976e-13,12,Caacu.v4.19G004150,Chr19,7905439,7907079,+,hypothetical protein
1.1254234372760944e-17,7.72463209730218,0.059,0.001,2.6091816969808976e-13,12,Caacu.v4.20G009390,Chr20,10048077,10064251,-,PR5-like receptor kinase
1.1254234372760944e-17,7.3009689201737755,0.059,0.001,2.6091816969808976e-13,12,Caacu.v4.4G011550,Chr4,15272895,15274899,+,GATA type zinc finger transcription factor family protein
1.1254234372760944e-17,7.205130216900542,0.059,0.001,2.6091816969808976e-13,12,Caacu.v4.5G013180,Chr5,11971540,11979963,-,hypothetical protein
1.1254234372760944e-17,7.368432358836531,0.059,0.001,2.6091816969808976e-13,12,Caacu.v4.6G016180,Chr6,15953081,15961742,-,Subtilisin-like serine endopeptidase family protein
1.1254234372760944e-17,7.497788449656883,0.059,0.001,2.6091816969808976e-13,12,Caacu.v4.9G001110,Chr9,3971565,3973278,+,Plant protein of unknown function (DUF247)
1.1254234372760944e-17,7.302375711264908,0.059,0.001,2.6091816969808976e-13,12,Caacu.v4.21G010840,Chr21,11942252,11947204,+,Ankyrin repeat family protein
1.1706532799650134e-17,6.842086933502844,0.059,0.001,2.714042564270887e-13,12,Caacu.v4.3G014380,Chr3,12728948,12740646,+,ERD (early-responsive to dehydration stress) family protein
1.1706532799650134e-17,6.78576613770644,0.059,0.001,2.714042564270887e-13,12,Caacu.v4.10G015930,Chr10,18525117,18528074,-,Pectin lyase-like superfamily protein
1.1706532799650134e-17,6.3345581965486515,0.059,0.001,2.714042564270887e-13,12,Caacu.v4.16G009460,Chr16,9392944,9413775,+,NB-ARC domain-containing disease resistance protein
1.1706532799650134e-17,6.604453455405492,0.059,0.001,2.714042564270887e-13,12,Caacu.v4.16G012920,Chr16,14261007,14264695,-,Leucine-rich repeat protein kinase family protein
1.1706532799650134e-17,6.451512748528019,0.059,0.001,2.714042564270887e-13,12,Caacu.v4.21G010850,Chr21,11947265,11950691,+,DNA polymerase alpha
1.2176760514955995e-17,5.925052503353864,0.059,0.001,2.823060157787398e-13,12,Caacu.v4.5G007210,Chr5,5515488,5518897,+,hypothetical protein
1.2176760514955995e-17,6.398752389859506,0.059,0.001,2.823060157787398e-13,12,Caacu.v4.7G015110,Chr7,19687750,19697215,-,sodium hydrogen exchanger
1.2176760514955995e-17,6.620092236218618,0.059,0.001,2.823060157787398e-13,12,Caacu.v4.20G000370,Chr20,296036,300708,+,basic helix-loop-helix (bHLH) DNA-binding superfamily protein
1.2176760514955995e-17,6.582763032916145,0.059,0.001,2.823060157787398e-13,12,Caacu.v4.20G000590,Chr20,453093,453650,+,conserved hypothetical protein
1.5449577485463018e-17,5.011070606078823,0.176,0.006,3.5818300442297463e-13,12,Caacu.v4.1G008040,Chr1,14462515,14467326,+,conserved hypothetical protein
1.853798317297616e-17,4.202686745516421,0.294,0.017,4.297846018822793e-13,12,Caacu.v4.1G025810,Chr1,30306996,30315096,-,RHO guanyl-nucleotide exchange factor
2.777253979800303e-17,5.752987878998758,0.118,0.003,6.438785626769022e-13,12,Caacu.v4.7G012750,Chr7,17808651,17814956,+,conserved hypothetical protein
5.749210508935205e-17,4.772414700539002,0.294,0.018,1.3328969643915379e-12,12,Caacu.v4.21G007870,Chr21,9618450,9623197,+,Vesicle transport v-SNARE family protein
2.5072239504509003e-16,4.689729991776005,0.176,0.007,5.812748006725367e-12,12,Caacu.v4.21G008550,Chr21,10143660,10148425,+,protein kinase 2B
4.599395771277264e-16,6.051408031866946,0.118,0.003,1.0663239156129209e-11,12,Caacu.v4.1G000540,Chr1,1286011,1288506,+,nine-cis-epoxycarotenoid dioxygenase
5.605635240145969e-16,4.934933103370162,0.118,0.003,1.2996104740754414e-11,12,Caacu.v4.6G004060,Chr6,3807578,3814927,-,Protein kinase superfamily protein
6.504647383344251e-16,3.562535161919752,0.412,0.036,1.508037449354531e-11,12,Caacu.v4.21G004470,Chr21,6445464,6447961,-,plasmodesmata-located protein
9.586644229177461e-16,3.6477020004457605,0.412,0.035,2.2225675980925026e-11,12,Caacu.v4.19G001920,Chr19,4999138,4999988,-,low-molecular-weight cysteine-rich
2.0739414050436643e-15,4.380759547228799,0.294,0.02,4.8082257534532314e-11,12,Caacu.v4.8G015990,Chr8,17038850,17044857,-,isopropylmalate dehydrogenase
2.3367280394196157e-15,5.557479412670307,0.176,0.007,5.417470286590437e-11,12,Caacu.v4.8G006940,Chr8,8505857,8511900,-,Major facilitator superfamily protein
4.27646600149224e-15,4.36482600113482,0.235,0.013,9.914558777859609e-11,12,Caacu.v4.21G010670,Chr21,11828944,11834722,+,response regulator
6.355279930518998e-15,5.493374702043814,0.118,0.003,1.4734080990915245e-10,12,Caacu.v4.1G017440,Chr1,23367956,23372666,-,Leucine-rich receptor-like protein kinase family protein
7.249809178330442e-15,5.436976637289346,0.176,0.004,1.6807957599041297e-10,12,Caacu.v4.21G004480,Chr21,6457738,6459878,-,plasmodesmata-located protein
7.261762262650806e-15,4.744846284125488,0.118,0.003,1.683566962972963e-10,12,Caacu.v4.18G000670,Chr18,760384,764103,+,"Signal transduction histidine kinase, hybrid-type, ethylene sensor"
8.698071583023392e-15,4.3112778061775,0.353,0.029,2.016560915808143e-10,12,Caacu.v4.1G035020,Chr1,37376785,37382348,+,tubby like protein
4.2740854138400036e-14,4.752168779974373,0.235,0.009,9.909039623446664e-10,12,Caacu.v4.6G011610,Chr6,12279445,12290694,+,F-box family protein
5.4537461466582754e-14,4.9909117389477196,0.176,0.008,1.2643965066412545e-9,12,Caacu.v4.9G016090,Chr9,18676352,18678760,+,mitochondrial acyl carrier protein
5.5172239621999804e-14,5.50420119120902,0.118,0.003,1.2791132033964434e-9,12,Caacu.v4.4G016590,Chr4,19265233,19272866,-,methyl esterase
5.5603269636886924e-14,5.262099882566423,0.118,0.003,1.2891062032615865e-9,12,Caacu.v4.12G005200,Chr12,9109297,9113289,-,Glycosyl hydrolases family 31  protein
6.296711259791717e-14,4.929290335355732,0.118,0.003,1.4598295384701118e-9,12,Caacu.v4.2G004310,Chr2,3203584,3208965,-,RNI-like superfamily protein
7.118773086575098e-14,3.64058001456303,0.412,0.043,1.6504163523915707e-9,12,Caacu.v4.10G015110,Chr10,17736940,17738803,-,metallothionein
1.5481677188976515e-13,8.315077070120891,0.059,0.001,3.5892720394923154e-9,12,Caacu.v4.17G009110,Chr17,13476071,13477842,-,hypothetical protein
1.5481677188976515e-13,6.646626392793967,0.059,0.001,3.5892720394923154e-9,12,Caacu.v4.20G002070,Chr20,1492598,1499131,-,H(+)-ATPase
1.594619276446235e-13,6.876649513489734,0.059,0.001,3.6969653305129512e-9,12,Caacu.v4.1G007100,Chr1,13218491,13220783,+,Ribosomal protein S6e
1.594619276446235e-13,6.878751362197074,0.059,0.001,3.6969653305129512e-9,12,Caacu.v4.5G004700,Chr5,3631389,3635300,-,hypothetical protein
1.594619276446235e-13,6.410927262522862,0.059,0.001,3.6969653305129512e-9,12,Caacu.v4.7G007800,Chr7,13842110,13844614,+,hercules receptor kinase
1.594619276446235e-13,6.55700318178371,0.059,0.001,3.6969653305129512e-9,12,Caacu.v4.7G009540,Chr7,15135921,15140198,-,cation exchanger
1.594619276446235e-13,5.74283654221768,0.059,0.001,3.6969653305129512e-9,12,Caacu.v4.13G010440,Chr13,10413527,10417424,-,C2 calcium/lipid-binding plant phosphoribosyltransferase family protein
1.594619276446235e-13,6.425019075880491,0.059,0.001,3.6969653305129512e-9,12,Caacu.v4.15G009090,Chr15,13592568,13609593,+,minichromosome maintenance
1.594619276446235e-13,6.439494509354098,0.059,0.001,3.6969653305129512e-9,12,Caacu.v4.20G003020,Chr20,2230231,2233741,+,basic helix-loop-helix (bHLH) DNA-binding superfamily protein
1.594619276446235e-13,6.043698957144908,0.059,0.001,3.6969653305129512e-9,12,Caacu.v4.8G013620,Chr8,15006500,15009207,-,Tetratricopeptide repeat (TPR)-like superfamily protein
1.6424395606330876e-13,5.9298621475212165,0.059,0.001,3.80783187737175e-9,12,Caacu.v4.13G005330,Chr13,4328434,4332278,-,purine permease
1.6424395606330876e-13,6.1931497436563205,0.059,0.001,3.80783187737175e-9,12,Caacu.v4.15G003320,Chr15,7143805,7148330,-,hypothetical protein
1.6424395606330876e-13,6.380507958415706,0.059,0.001,3.80783187737175e-9,12,Caacu.v4.19G000930,Chr19,2437772,2440609,-,pentatricopeptide repeat
3.2593939710981815e-13,6.297559997210079,0.118,0.004,7.556578982594023e-9,12,Caacu.v4.21G003660,Chr21,5384604,5388910,+,Acid phosphatase/vanadium-dependent haloperoxidase-related protein
3.652931451617581e-13,4.299291662257341,0.235,0.015,8.4689562774302e-9,12,Caacu.v4.1G018690,Chr1,24381341,24386997,+,basic pentacysteine
1.9066474230959723e-12,3.846935018253664,0.294,0.024,4.420371385705702e-8,12,Caacu.v4.13G005000,Chr13,3957140,3969942,-,K-box region and MADS-box transcription factor family protein 
1.9367616173828367e-12,5.383533467925247,0.118,0.004,4.490188133740369e-8,12,Caacu.v4.12G010110,Chr12,15515635,15521888,-,Auxin efflux carrier family protein
2.0181207398141746e-12,5.113241606121522,0.118,0.004,4.6788111231851824e-8,12,Caacu.v4.3G009150,Chr3,7736760,7740794,+,zinc ion binding
2.0742124859651503e-12,5.168629238663266,0.118,0.004,4.808854227461604e-8,12,Caacu.v4.4G007710,Chr4,11904283,11908778,+,Ribosomal protein S5 domain 2-like superfamily protein
2.1119176999994103e-12,4.062818343712074,0.176,0.009,4.896269995678633e-8,12,Caacu.v4.2G027000,Chr2,31322272,31327619,-,"GDP-D-mannose 3',5'-epimerase"
2.267280634312002e-12,4.795275454984562,0.118,0.004,5.256463422588945e-8,12,Caacu.v4.9G005850,Chr9,10336996,10341500,+,nodulin MtN21 /EamA-like transporter family protein
2.3142785148078574e-12,4.47293555352724,0.118,0.004,5.3654233087305363e-8,12,Caacu.v4.2G014950,Chr2,20668870,20680239,+,RING/FYVE/PHD zinc finger superfamily protein
6.195689756668728e-12,3.7176815339462443,0.294,0.025,1.4364087131860778e-7,12,Caacu.v4.3G000690,Chr3,836273,840733,+,hypothetical protein
8.510526123627723e-12,4.2432179991158065,0.176,0.009,1.9730803765018512e-7,12,Caacu.v4.13G003780,Chr13,2796242,2804156,-,autoinhibited Ca2+-ATPase
8.804053903871212e-12,5.25006966070076,0.118,0.004,2.0411318570735018e-7,12,Caacu.v4.5G002690,Chr5,1980896,1981558,+,hypothetical protein
8.861226943083997e-12,5.069633069861657,0.118,0.004,2.054386854484594e-7,12,Caacu.v4.1G031570,Chr1,34861456,34865510,-,phosphate transporter 1;5
9.211973031156515e-12,5.09428947357772,0.118,0.004,2.1357038275433264e-7,12,Caacu.v4.1G016800,Chr1,22778105,22781055,-,Protein of unknown function (DUF581)
2.1799851198754217e-11,3.883636394463851,0.235,0.017,5.054077501919178e-7,12,Caacu.v4.18G011440,Chr18,11598196,11603325,+,ABL interactor-like protein
4.0553180681899403e-11,3.6380854815491883,0.118,0.004,9.401849409291558e-7,12,Caacu.v4.10G010700,Chr10,13793112,13798505,+,hypothetical protein
4.8257342476178327e-11,6.910539340721292,0.059,0.001,1.1187982279677184e-6,12,Caacu.v4.10G010110,Chr10,13212972,13216528,+,Tetratricopeptide repeat (TPR)-like superfamily protein
4.8257342476178327e-11,6.6538933100987325,0.059,0.001,1.1187982279677184e-6,12,Caacu.v4.14G012510,Chr14,13599840,13601048,+,hypothetical protein
4.8257342476178327e-11,7.1667170158777465,0.059,0.001,1.1187982279677184e-6,12,Caacu.v4.18G004520,Chr18,3825477,3828568,+,DERLIN-1
4.9412609147786894e-11,6.395137034726076,0.059,0.001,1.1455819304822914e-6,12,Caacu.v4.1G024130,Chr1,28999405,29006447,+,Preprotein translocase SecA family protein
4.9412609147786894e-11,6.377778052872143,0.059,0.001,1.1455819304822914e-6,12,Caacu.v4.1G024250,Chr1,29070476,29077841,+,Preprotein translocase SecA family protein
4.941263912425667e-11,6.54633902179599,0.059,0.001,1.1455826254567666e-6,12,Caacu.v4.2G018800,Chr2,24712981,24724128,+,Myosin heavy chain-related protein
4.941263912425667e-11,5.9698254745017385,0.059,0.001,1.1455826254567666e-6,12,Caacu.v4.6G002920,Chr6,2754592,2755219,+,hypothetical protein
4.941263912425667e-11,6.0467110819054675,0.059,0.001,1.1455826254567666e-6,12,Caacu.v4.20G000420,Chr20,321324,322243,+,hypothetical protein
4.941263912425667e-11,5.268892588420442,0.059,0.001,1.1455826254567666e-6,12,Caacu.v4.21G004160,Chr21,6139675,6140347,+,MLP-like protein
5.059497970994891e-11,5.228617698374368,0.059,0.001,1.1729940095954555e-6,12,Caacu.v4.2G031650,Chr2,35261680,35265084,+,UDP-Glycosyltransferase superfamily protein
5.059497970994891e-11,5.25675143338886,0.059,0.001,1.1729940095954555e-6,12,Caacu.v4.6G018540,Chr6,18361709,18364957,+,DNAJ heat shock N-terminal domain-containing protein
5.059497970994891e-11,6.111885233878414,0.059,0.001,1.1729940095954555e-6,12,Caacu.v4.12G000880,Chr12,774000,776138,-,DUF3339 domain containing protein
5.059497970994891e-11,5.868320834899566,0.059,0.001,1.1729940095954555e-6,12,Caacu.v4.13G001430,Chr13,1104586,1110604,+,BEL1-like homeodomain
5.059497970994891e-11,5.877408903609207,0.059,0.001,1.1729940095954555e-6,12,Caacu.v4.S015400,scf_99,23649,26183,+,"Photosystem I, PsaA/PsaB protein"
5.059497970994891e-11,5.450756398318135,0.059,0.001,1.1729940095954555e-6,12,Caacu.v4.7G012430,Chr7,17547695,17551211,+,C2 calcium/lipid-binding plant phosphoribosyltransferase family protein
5.1804982298994176e-11,5.683932047645883,0.059,0.001,1.2010467096198809e-6,12,Caacu.v4.1G019670,Chr1,25206625,25218436,-,poltergeist like
5.1804982298994176e-11,5.687796825436604,0.059,0.001,1.2010467096198809e-6,12,Caacu.v4.2G022000,Chr2,27255875,27256840,+,conserved hypothetical protein
5.1804982298994176e-11,4.8348899409357795,0.059,0.001,1.2010467096198809e-6,12,Caacu.v4.7G007270,Chr7,13346406,13348809,+,hypothetical protein
5.93405091969877e-11,3.8633742643377635,0.176,0.01,1.3757503652229629e-6,12,Caacu.v4.4G000870,Chr4,1980054,2007392,-,autoinhibited Ca(2+)-ATPase
6.801450959698407e-11,3.696278677460432,0.235,0.018,1.5768483904964787e-6,12,Caacu.v4.8G006510,Chr8,8170789,8180443,-,Voltage-gated chloride channel family protein
2.2759225021646984e-10,3.7268856988495744,0.294,0.03,5.276498729018637e-6,12,Caacu.v4.7G008280,Chr7,14196542,14198876,-,expansin A4
2.5495277553929176e-10,2.593550221962548,0.706,0.162,5.91082514810294e-6,12,Caacu.v4.17G009510,Chr17,13737885,13738822,+,metallothionein 2A
3.39180531537845e-10,5.306155213010838,0.118,0.005,7.863561443173398e-6,12,Caacu.v4.3G005700,Chr3,4810843,4817076,+,NAC domain containing protein
4.944124956507013e-10,3.8654719091355103,0.176,0.011,1.1462459299165859e-5,12,Caacu.v4.21G010600,Chr21,11772094,11777815,-,beta-ketoacyl reductase
6.772810934707573e-10,4.168236107412718,0.176,0.012,1.5702084871026036e-5,12,Caacu.v4.5G000380,Chr5,279258,281158,-,Calcium-binding EF-hand family protein
9.152451144601661e-10,4.8322758208839955,0.118,0.005,2.121904273364449e-5,12,Caacu.v4.20G001900,Chr20,1398654,1399924,+,Sterile alpha motif (SAM) domain-containing protein
9.695591738683564e-10,4.720013495432999,0.176,0.012,2.2478259886963973e-5,12,Caacu.v4.6G019760,Chr6,19451992,19457102,+,NAD(P)-binding Rossmann-fold superfamily protein
9.884304513066832e-10,3.1690212090229766,0.176,0.012,2.2915771583094143e-5,12,Caacu.v4.3G008830,Chr3,7499258,7506496,-,Plant protein of unknown function (DUF827)
1.1223693903314028e-9,2.8956618168861974,0.294,0.031,2.602101194544324e-5,12,Caacu.v4.7G005240,Chr7,11072577,11073849,+,Stress responsive A/B Barrel Domain
1.1843507741141834e-9,4.181620513078482,0.176,0.012,2.745798834706323e-5,12,Caacu.v4.15G010330,Chr15,14510178,14511540,+,LOB domain-containing protein
1.8746337633424052e-9,3.7411352162432765,0.176,0.012,4.3461509169330324e-5,12,Caacu.v4.19G002010,Chr19,5433972,5438966,+,indeterminate(ID)-domain
1.9276527223891253e-9,3.851248631379828,0.176,0.012,4.469070071586948e-5,12,Caacu.v4.8G001090,Chr8,1268574,1303431,-,autoinhibited Ca(2+)-ATPase
2.070408577700052e-9,5.900454403744333,0.118,0.006,4.800035246539801e-5,12,Caacu.v4.2G007390,Chr2,5744357,5748237,+,Cystathionine beta-synthase (CBS) family protein
2.254653685388525e-9,5.973936564534253,0.059,0.001,5.227189104204757e-5,12,Caacu.v4.9G008080,Chr9,12441489,12444183,+,ubiquitin-specific protease
2.254653685388525e-9,6.639752781612041,0.059,0.001,5.227189104204757e-5,12,Caacu.v4.11G013090,Chr11,14387104,14391591,+,Tetratricopeptide repeat (TPR)-like superfamily protein
2.254653685388525e-9,6.945679319446466,0.059,0.001,5.227189104204757e-5,12,Caacu.v4.20G001410,Chr20,1012972,1014231,+,conserved hypothetical protein
2.299559446076718e-9,6.29030641433437,0.059,0.001,5.331298619784263e-5,12,Caacu.v4.9G002670,Chr9,6481325,6485103,+,leucine-rich repeat transmembrane protein kinase family protein
2.299559446076718e-9,6.376351014090904,0.059,0.001,5.331298619784263e-5,12,Caacu.v4.19G003250,Chr19,7070842,7077613,+,Caleosin-related family protein
2.345334964197053e-9,5.980396220341454,0.059,0.001,5.437424580994448e-5,12,Caacu.v4.1G007350,Chr1,13558448,13561406,-,Eukaryotic aspartyl protease family protein
2.345335947551113e-9,5.416222586351781,0.059,0.001,5.4374268608025e-5,12,Caacu.v4.3G002970,Chr3,2527253,2530145,-,hypothetical protein
2.345335947551113e-9,4.54293545681054,0.059,0.001,5.4374268608025e-5,12,Caacu.v4.4G017410,Chr4,19901478,19902847,+,Calcium-binding EF-hand family protein
2.345335947551113e-9,5.402110774816492,0.059,0.001,5.4374268608025e-5,12,Caacu.v4.4G021760,Chr4,22884977,22888150,+,hypothetical protein
2.345335947551113e-9,5.312009993552792,0.059,0.001,5.4374268608025e-5,12,Caacu.v4.11G013980,Chr11,15238603,15241935,-,DUF4378 domain containing protein
2.409089407353238e-9,4.778460315495948,0.118,0.006,5.585232882007747e-5,12,Caacu.v4.4G002700,Chr4,4340536,4343061,-,myristoyl-CoA:protein N-myristoyltransferase
2.4395670799914026e-9,4.903024429812212,0.059,0.001,5.655892318252068e-5,12,Caacu.v4.3G016010,Chr3,14644851,14650057,+,Ankyrin repeat family protein
2.4395670799914026e-9,4.572912009554701,0.059,0.001,5.655892318252068e-5,12,Caacu.v4.8G014000,Chr8,15292614,15297028,+,MA3 domain-containing protein
2.4395670799914026e-9,4.913018204494623,0.059,0.001,5.655892318252068e-5,12,Caacu.v4.10G010980,Chr10,14013651,14022304,-,syntaxin of plants
2.4395670799914026e-9,5.014018703404503,0.059,0.001,5.655892318252068e-5,12,Caacu.v4.21G000420,Chr21,484229,492152,+,BR-signaling kinase
2.4880554182020804e-9,4.385190849124594,0.059,0.001,5.768307681559703e-5,12,Caacu.v4.11G011110,Chr11,12770030,12780289,-,malonyl-CoA decarboxylase family protein
2.4880554182020804e-9,4.206222898437094,0.059,0.001,5.768307681559703e-5,12,Caacu.v4.16G008600,Chr16,8429029,8429680,-,hypothetical protein
2.4880554182020804e-9,4.896592626108,0.059,0.001,5.768307681559703e-5,12,Caacu.v4.19G003220,Chr19,7016800,7018559,+,nudix hydrolase homolog
2.5081595114488902e-9,4.503370529612239,0.118,0.006,5.814917011343107e-5,12,Caacu.v4.13G004280,Chr13,3226442,3228003,+,carboxyesterase
2.933611432306002e-9,3.8315438830527997,0.176,0.012,6.801284744658235e-5,12,Caacu.v4.14G007300,Chr14,5557677,5570469,-,Protein kinase superfamily protein
4.081964944737634e-9,3.0429072903833827,0.529,0.107,9.463627527879731e-5,12,Caacu.v4.14G012730,Chr14,13885039,13889281,+,"GDP-D-mannose 3',5'-epimerase"
5.213519481802335e-9,4.9610374843543426,0.118,0.006,1.2087023566610534e-4,12,Caacu.v4.2G004720,Chr2,3470729,3476903,+,autophagy 9 (APG9)
5.315297383636737e-9,5.405636678989417,0.118,0.006,1.232298545422341e-4,12,Caacu.v4.2G013960,Chr2,19162402,19163618,-,Calcium-binding EF-hand family protein
5.754512284131695e-9,4.084357603991751,0.176,0.013,1.3341261279530922e-4,12,Caacu.v4.10G009380,Chr10,12568452,12591184,-,glucan synthase-like
5.8306776195897785e-9,4.055403839926351,0.176,0.013,1.3517842993256943e-4,12,Caacu.v4.10G012800,Chr10,15853214,15862331,-,CONSTANS-like
5.907824096230421e-9,3.988564422839745,0.176,0.013,1.3696699384700608e-4,12,Caacu.v4.3G015470,Chr3,14037421,14047111,+,diacylglycerol kinase
6.262114072627105e-9,3.748668640380315,0.118,0.006,1.451808526597868e-4,12,Caacu.v4.3G006090,Chr3,5096892,5102202,+,bacterial transferase hexapeptide repeat-containing protein
6.791262540187098e-9,2.449185285072232,0.412,0.063,1.574486307316977e-4,12,Caacu.v4.1G028130,Chr1,32162096,32178941,-,pleiotropic drug resistance
6.960032200409127e-9,3.4936442232330434,0.176,0.013,1.613613865342852e-4,12,Caacu.v4.1G000600,Chr1,1385550,1389098,+,ATP-binding cassette
9.038652861959543e-9,3.491465233177089,0.235,0.023,2.0955212795167004e-4,12,Caacu.v4.13G001330,Chr13,1014496,1028913,+,vacuolar proton ATPase A3
9.625314320785889e-9,3.68975703897713,0.235,0.023,2.2315328721310003e-4,12,Caacu.v4.6G005370,Chr6,4852323,4853805,-,HSP20-like chaperones superfamily protein
1.0914992194213969e-8,5.020872599638798,0.118,0.006,2.5305317903065666e-4,12,Caacu.v4.3G014390,Chr3,12746076,12752958,+,ERD (early-responsive to dehydration stress) family protein
1.101678606668125e-8,4.740817789010473,0.118,0.006,2.5541316816993806e-4,12,Caacu.v4.12G010640,Chr12,15953111,15955628,-,Pathogenesis-related thaumatin superfamily protein
1.1327734259724455e-8,5.190682459589571,0.118,0.006,2.626221910774518e-4,12,Caacu.v4.21G008120,Chr21,9849315,9850818,+,Homeodomain-like superfamily protein
1.1520385632920704e-8,4.442871609712046,0.176,0.013,2.670886205136336e-4,12,Caacu.v4.12G002790,Chr12,2559700,2564359,+,senescence-associated gene
1.2427058416839725e-8,4.565960350286149,0.118,0.006,2.8810892233601217e-4,12,Caacu.v4.8G001200,Chr8,1512416,1513059,+,hypothetical protein
1.2776602329102626e-8,4.095259447683156,0.118,0.006,2.9621274839791527e-4,12,Caacu.v4.9G001690,Chr9,4982697,4985219,-,"NAD(P)H-quinone oxidoreductase subunit 5, chloroplastic"
1.7593834512431496e-8,2.6567469849851277,0.588,0.134,4.078954593362118e-4,12,Caacu.v4.7G005220,Chr7,11054433,11057115,+,Stress responsive A/B Barrel Domain
2.1042840774582256e-8,4.256014092358884,0.176,0.013,4.8785722051791503e-4,12,Caacu.v4.3G005450,Chr3,4579093,4587982,+,Nucleotide-diphospho-sugar transferases superfamily protein
2.491518356011247e-8,4.261994701155132,0.118,0.006,5.776336156576475e-4,12,Caacu.v4.18G007210,Chr18,6070329,6076560,+,eukaryotic translation initiation factor 3G1
3.552724934334603e-8,5.763653849853664,0.059,0.002,8.236637487761344e-4,12,Caacu.v4.7G001850,Chr7,5837975,5842500,+,hypothetical protein
3.552726026890177e-8,6.526349629109485,0.059,0.002,8.236640020742186e-4,12,Caacu.v4.6G001010,Chr6,1036554,1039221,+,mitochondrial editing factor 
3.6133078324939264e-8,5.8446319315403095,0.059,0.001,8.377092878853919e-4,12,Caacu.v4.14G011660,Chr14,12163392,12165989,-,Pollen Ole e 1 allergen and extensin family protein
3.6133078324939264e-8,6.064448408092174,0.059,0.002,8.377092878853919e-4,12,Caacu.v4.2G012370,Chr2,17046404,17054233,-,protein kinase family protein / protein phosphatase 2C ( PP2C) family protein
3.6133078324939264e-8,6.036266906435729,0.059,0.002,8.377092878853919e-4,12,Caacu.v4.3G006550,Chr3,5468345,5474782,+,Ribosomal protein L18ae family
3.6133078324939264e-8,5.687774392233405,0.059,0.002,8.377092878853919e-4,12,Caacu.v4.3G013820,Chr3,12064425,12068904,+,Metallo-hydrolase/oxidoreductase superfamily protein
3.6133078324939264e-8,5.66888303539595,0.059,0.002,8.377092878853919e-4,12,Caacu.v4.8G019420,Chr8,19686074,19689459,-,sequence-specific DNA binding transcription factors
3.643972150322466e-8,5.560572752139831,0.059,0.002,8.448185033307604e-4,12,Caacu.v4.1G007400,Chr1,13599068,13599379,+,hypothetical protein
3.67489104628362e-8,5.538593752347571,0.059,0.002,8.519867401703944e-4,12,Caacu.v4.1G038300,Chr1,39919587,39922329,-,hypothetical protein
3.67489104628362e-8,4.963540156345342,0.059,0.002,8.519867401703944e-4,12,Caacu.v4.6G014240,Chr6,13024437,13025728,-,Preprotein translocase SecA family protein
3.7374916669166896e-8,4.793048811638907,0.059,0.002,8.665000680579653e-4,12,Caacu.v4.7G004810,Chr7,10385421,10386474,-,Sodium Bile acid symporter family
3.7374916669166896e-8,5.184056486806811,0.059,0.002,8.665000680579653e-4,12,Caacu.v4.8G019140,Chr8,19459287,19466198,-,alanine aminotransferase
3.7374916669166896e-8,5.2320721582901015,0.059,0.002,8.665000680579653e-4,12,Caacu.v4.17G006190,Chr17,10773462,10775534,+,hypothetical protein
3.8658103576717004e-8,5.154691807334814,0.059,0.002,8.96249473322607e-4,12,Caacu.v4.14G002760,Chr14,1929822,1936095,+,extra-large G-protein
3.8658103576717004e-8,4.195365713307808,0.059,0.002,8.96249473322607e-4,12,Caacu.v4.16G001250,Chr16,1177136,1179533,-,DNA binding with one finger 2.4
3.931561670378877e-8,4.131233583323905,0.059,0.002,9.114932576606389e-4,12,Caacu.v4.1G006250,Chr1,11507516,11508449,+,Bifunctional inhibitor/lipid-transfer protein/seed storage 2S albumin superfamily protein
3.931561670378877e-8,3.7757660688771217,0.059,0.002,9.114932576606389e-4,12,Caacu.v4.2G015430,Chr2,21185888,21187797,-,squamosa promoter binding protein-like
3.931561670378877e-8,3.8507133133787175,0.059,0.002,9.114932576606389e-4,12,Caacu.v4.3G001180,Chr3,1177882,1178570,-,hypothetical protein
5.442818881310065e-8,3.6350941289856133,0.118,0.007,0.0012618631294429256,12,Caacu.v4.6G011140,Chr6,11085026,11089304,+,Leucine-rich repeat (LRR) family protein
7.062288605588475e-8,2.770426986276779,0.176,0.014,0.0016373209903196321,12,Caacu.v4.19G003260,Chr19,7086678,7090586,+,plasmodesmata-located protein
7.13401312969001e-8,3.503639846860748,0.176,0.015,0.0016539496039873318,12,Caacu.v4.21G002030,Chr21,2699712,2704661,+,tobamovirus multiplication protein
8.57396938276908e-8,4.614572842590301,0.118,0.007,0.0019877890617011834,12,Caacu.v4.14G002500,Chr14,1741914,1747059,+,Quinone reductase family protein
9.310488345893711e-8,4.052613130179422,0.118,0.007,0.002158543618111998,12,Caacu.v4.20G003970,Chr20,2966507,2971184,-,"26S proteasome, regulatory subunit Rpn7;Proteasome component (PCI) domain"
1.4179300273538285e-7,3.8095266119211555,0.176,0.016,0.003287328975417116,12,Caacu.v4.20G005100,Chr20,3884706,3896834,-,ApaG domain containing protein
1.4493465942585002e-7,3.7150520940462144,0.176,0.016,0.0033601651441289068,12,Caacu.v4.16G012960,Chr16,14354243,14364601,-,vacuolar ATP synthase subunit E1
1.5726597944342482e-7,4.105271940817401,0.118,0.007,0.003646054467416361,12,Caacu.v4.9G009230,Chr9,13622133,13623557,-,alpha/beta-Hydrolases superfamily protein
1.729859190662272e-7,3.3310064802770154,0.118,0.007,0.004010505547631412,12,Caacu.v4.17G004370,Chr17,8512254,8519159,-,beta glucosidase
2.586385185682345e-7,4.349182748661284,0.118,0.007,0.005996275414485949,12,Caacu.v4.6G004020,Chr6,3779922,3787241,+,Cofactor-independent phosphoglycerate mutase
2.626459770401956e-7,4.321113464502139,0.118,0.007,0.006089184331699894,12,Caacu.v4.20G011160,Chr20,12121277,12124152,-,reversibly glycosylated polypeptide
2.73655629460331e-7,3.7252008582717187,0.235,0.028,0.0063444321134083145,12,Caacu.v4.20G010670,Chr20,11598941,11606678,+,ADP-glucose pyrophosphorylase family protein
2.833806015196101e-7,7.212931402653676,0.059,0.001,0.00656989586563064,12,Caacu.v4.1G024320,Chr1,29112807,29122334,+,Preprotein translocase SecA family protein
2.833819308633979e-7,5.850489157544682,0.059,0.002,0.006569926685137017,12,Caacu.v4.2G021640,Chr2,26989049,26995173,+,Protein of unknown function (DUF3527)
2.833819308633979e-7,5.678243278596589,0.059,0.002,0.006569926685137017,12,Caacu.v4.8G017950,Chr8,18482380,18483464,+,hypothetical protein
2.833819308633979e-7,6.30673914714523,0.059,0.002,0.006569926685137017,12,Caacu.v4.12G002480,Chr12,2242148,2250939,+,HD domain-containing metal-dependent phosphohydrolase family protein
2.846890683938067e-7,3.6064614077881876,0.118,0.007,0.006600231361642014,12,Caacu.v4.1G033180,Chr1,35964485,35967729,+,NAD(P)-linked oxidoreductase superfamily protein
2.8760672948433287e-7,6.0121502249666525,0.059,0.002,0.006667874416364773,12,Caacu.v4.19G001400,Chr19,4263467,4265975,-,glutaredoxin-related
2.9189232157644743e-7,5.3653505755063335,0.059,0.002,0.006767231583428357,12,Caacu.v4.6G001590,Chr6,1536368,1536948,+,hypothetical protein
2.9623954823764114e-7,5.123141784670432,0.059,0.002,0.006868017686341472,12,Caacu.v4.1G010370,Chr1,16887356,16890991,-,Protein phosphatase 2C family protein
2.9623954823764114e-7,4.57420801909026,0.059,0.002,0.006868017686341472,12,Caacu.v4.4G020480,Chr4,22072060,22074772,-,NAD-dependent glycerol-3-phosphate dehydrogenase family protein
2.9623954823764114e-7,5.3808629985817005,0.059,0.002,0.006868017686341472,12,Caacu.v4.15G008370,Chr15,13029867,13030840,-,hypothetical protein
2.9623954823764114e-7,4.767576485570668,0.059,0.002,0.006868017686341472,12,Caacu.v4.16G000410,Chr16,543908,546885,-,Outer membrane OMP85 family protein
2.9921895920969765e-7,3.3837131395024382,0.118,0.007,0.0069370923503176305,12,Caacu.v4.13G009490,Chr13,8790757,8793148,+,microtubule-associated proteins 70-5
3.0064926169986606e-7,5.012921183889539,0.059,0.002,0.006970252483249694,12,Caacu.v4.2G008280,Chr2,6614767,6616477,-,Protein of unknown function (DUF640)
3.0064926169986606e-7,4.873403066513672,0.059,0.002,0.006970252483249694,12,Caacu.v4.4G011470,Chr4,15189990,15190841,-,hypothetical protein
3.0064926169986606e-7,4.7569808369063775,0.059,0.002,0.006970252483249694,12,Caacu.v4.6G011320,Chr6,11428450,11431481,+,Dynamin related protein 4C
3.0064926169986606e-7,4.632166321846204,0.059,0.002,0.006970252483249694,12,Caacu.v4.8G007350,Chr8,8779440,8783474,+,Translation elongation  factor EF1B/ribosomal protein S6 family protein
3.0383200945590476e-7,3.3643933128190824,0.118,0.007,0.007044041307225696,12,Caacu.v4.14G007210,Chr14,5477763,5492883,-,Smg-4/UPF3 family protein
3.051223254692377e-7,4.242746297426064,0.059,0.002,0.0070739559936788075,12,Caacu.v4.2G007310,Chr2,5681754,5682391,-,hypothetical protein
3.051223254692377e-7,4.781078977792279,0.059,0.002,0.0070739559936788075,12,Caacu.v4.5G003290,Chr5,2506030,2511306,-,Lactate/malate dehydrogenase family protein
3.051223254692377e-7,4.432835446606965,0.059,0.002,0.0070739559936788075,12,Caacu.v4.9G008990,Chr9,13439588,13440548,-,basic leucine-zipper
3.0965961446782997e-7,4.383942141540646,0.059,0.002,0.0071791485018221695,12,Caacu.v4.2G011890,Chr2,16277831,16280180,-,lectin receptor kinase a4.1
3.0965961446782997e-7,4.7125194380278685,0.059,0.002,0.0071791485018221695,12,Caacu.v4.3G004740,Chr3,4020583,4026229,-,hypothetical protein
3.0965961446782997e-7,4.753146149088604,0.059,0.002,0.0071791485018221695,12,Caacu.v4.12G005480,Chr12,9657381,9665754,+,diacylglycerol kinase
3.0965961446782997e-7,4.044472958587152,0.059,0.002,0.0071791485018221695,12,Caacu.v4.14G011380,Chr14,11708360,11711594,-,patatin-like protein
3.0965961446782997e-7,4.630336121224132,0.059,0.002,0.0071791485018221695,12,Caacu.v4.15G001400,Chr15,2362192,2368097,-,"disease resistance protein (TIR-NBS-LRR class), putative"
3.0965961446782997e-7,3.96032667360857,0.059,0.002,0.0071791485018221695,12,Caacu.v4.16G001840,Chr16,1634237,1638978,-,RNA-DIRECTED DNA METHYLATION
3.3298618571991786e-7,2.749557631440915,0.118,0.007,0.0077199517297305755,12,Caacu.v4.7G015440,Chr7,20001545,20003193,+,Heavy metal transport/detoxification superfamily protein 
0,9.153576204025722,0.8,0.002,0,13,Caacu.v4.19G004510,Chr19,8290680,8293988,-,Protein of unknown function (DUF594)
0,9.94366533268557,0.733,0.003,0,13,Caacu.v4.10G004730,Chr10,4760934,4762444,-,early nodulin-like protein
0,9.372607815925335,0.6,0.001,0,13,Caacu.v4.3G010320,Chr3,8641353,8643183,-,early nodulin-like protein
0,10.621042961013465,0.533,0.001,0,13,Caacu.v4.7G002290,Chr7,6703359,6716109,+,Ankyrin repeat family protein
0,11.80243289280207,0.467,0,0,13,Caacu.v4.19G003020,Chr19,6751292,6755165,-,Plant protein of unknown function domain containing protein
2.73806708127631e-302,11.084388495426149,0.467,0.001,6.347934721230997e-298,13,Caacu.v4.13G008790,Chr13,7853884,7858849,+,Plant protein of unknown function (DUF247)
1.448328146136799e-285,11.082407993407426,0.4,0,3.357803974003555e-281,13,Caacu.v4.2G012580,Chr2,17355851,17361254,-,LRR and NB-ARC domains-containing disease resistance protein
6.738573377113397e-281,8.975709501090002,0.6,0.002,1.56227085174997e-276,13,Caacu.v4.15G006720,Chr15,11388191,11394733,+,Seven transmembrane MLO family protein
4.7312854287053633e-250,10.500370259239707,0.4,0.001,1.0969012137910515e-245,13,Caacu.v4.21G006570,Chr21,8601741,8613365,+,Sieve element occlusion N-terminus domain containing protein
7.062559204311002e-250,9.752032307313243,0.4,0.001,1.6373837259274625e-245,13,Caacu.v4.11G009270,Chr11,11449117,11451747,-,"Polynucleotidyl transferase, ribonuclease H-like superfamily protein"
1.1164314224898613e-236,8.630762764022169,0.533,0.002,2.588334609900494e-232,13,Caacu.v4.11G001910,Chr11,2568577,2581303,-,Subtilisin-like serine endopeptidase family protein
1.0911938207810303e-222,14.02495558738369,0.267,0,2.5298237540987406e-218,13,Caacu.v4.5G008240,Chr5,6358538,6361061,+,Protein of unknown function (DUF594)
1.0911938207810303e-222,14.720968280657248,0.267,0,2.5298237540987406e-218,13,Caacu.v4.10G001700,Chr10,1848646,1855615,-,zinc transporter 1 precursor
1.0911938207810303e-222,14.405777718116365,0.267,0,2.5298237540987406e-218,13,Caacu.v4.20G009230,Chr20,9857201,9861413,-,Reticulon family protein
8.42745277404215e-222,8.288752837190653,0.533,0.002,1.953820651133932e-217,13,Caacu.v4.5G013160,Chr5,11906485,11916869,-,dicer-like
1.0688227088609198e-212,7.50052750994554,0.667,0.004,2.4779585682231563e-208,13,Caacu.v4.21G003010,Chr21,4671108,4672335,+,Cytochrome b561/ferric reductase transmembrane protein family
6.43342146311315e-209,8.266973720571107,0.533,0.002,1.4915244320081527e-204,13,Caacu.v4.20G010260,Chr20,11057437,11063826,-,conserved hypothetical protein
4.087212688831751e-200,9.666862848234327,0.4,0.001,9.47579389778753e-196,13,Caacu.v4.4G021180,Chr4,22504789,22505698,+,Protein of unknown function (DUF 3339)
7.15936733907491e-200,8.3352013290255,0.4,0.001,1.6598277238911272e-195,13,Caacu.v4.10G008860,Chr10,11818164,11821033,-,NAC domain containing protein
8.450840421122858e-199,11.197975534607302,0.333,0.001,1.9592428432331234e-194,13,Caacu.v4.5G006280,Chr5,4859949,4862357,+,conserved hypothetical protein
2.884787852739643e-178,9.746955122852214,0.267,0,6.688092157791588e-174,13,Caacu.v4.2G027060,Chr2,31386744,31387936,-,Ankyrin repeat family protein
9.550970919267526e-174,8.624316871879904,0.333,0.001,2.214297097922983e-169,13,Caacu.v4.2G010610,Chr2,11919319,11919759,-,hypothetical protein
1.741555198182325e-167,14.450809411288656,0.2,0,4.0376215714659025e-163,13,Caacu.v4.2G014700,Chr2,20318995,20328927,-,Cysteine/Histidine-rich C1 domain family protein
1.741555198182325e-167,15.33700441458577,0.2,0,4.0376215714659025e-163,13,Caacu.v4.6G010400,Chr6,9969525,9980303,-,NB-ARC domain-containing disease resistance protein
1.741555198182325e-167,14.20934685719744,0.2,0,4.0376215714659025e-163,13,Caacu.v4.16G006170,Chr16,5727544,5728898,+,hypothetical protein
1.741555198182325e-167,15.157878651196688,0.2,0,4.0376215714659025e-163,13,Caacu.v4.20G004250,Chr20,3198965,3209619,-,Sieve element occlusion N-terminus domain containing protein
3.2404848444187045e-161,7.937830395125523,0.8,0.01,7.512740063300324e-157,13,Caacu.v4.4G020460,Chr4,22051380,22058483,+,Sieve element occlusion N-terminus domain containing protein
1.3020904664416495e-154,8.788528856705645,0.333,0.001,3.01876653739832e-150,13,Caacu.v4.2G025620,Chr2,30248018,30249215,-,AWPM-19-like family protein
1.3020904664416495e-154,8.750672059670778,0.333,0.001,3.01876653739832e-150,13,Caacu.v4.20G009280,Chr20,9892663,9895357,-,Reticulon family protein
8.464046035797742e-149,10.266431830228353,0.267,0.001,1.9623044329393486e-144,13,Caacu.v4.15G010040,Chr15,14305934,14307794,-,xyloglucan endotransglucosylase/hydrolase
1.1053875599901532e-148,9.399088109315187,0.267,0.001,2.562730519081171e-144,13,Caacu.v4.14G006400,Chr14,4693484,4695275,-,Pathogenesis-related thaumatin superfamily protein
1.1053875599901532e-148,10.035944862861934,0.267,0.001,2.562730519081171e-144,13,Caacu.v4.17G008680,Chr17,13175955,13177666,+,"Embryo-specific protein 3, (ATS3)"
1.208230910136124e-148,9.533231356788388,0.267,0.001,2.80116254205959e-144,13,Caacu.v4.3G010330,Chr3,8645427,8646751,-,early nodulin-like protein
1.6322643957099498e-127,8.480398942287621,0.267,0.001,3.784241775013948e-123,13,Caacu.v4.21G001030,Chr21,962487,965530,+,Calcium-dependent lipid-binding (CaLB domain) family protein
1.7615326745152012e-127,8.604395219518997,0.267,0.001,4.083937352596042e-123,13,Caacu.v4.1G006370,Chr1,11795858,11797722,-,Wall-associated receptor kinase galacturonan-binding domain containing protein
7.483966160694758e-127,9.812644564539607,0.333,0.002,1.7350827146954727e-122,13,Caacu.v4.7G011200,Chr7,16541080,16551690,+,PLAT/LH2 domain-containing lipoxygenase family protein
6.866154070289396e-126,10.489097050089628,0.2,0,1.5918491596558936e-121,13,Caacu.v4.14G009040,Chr14,7431943,7434926,+,Plant invertase/pectin methylesterase inhibitor superfamily
6.866154070289396e-126,10.917657847647382,0.2,0,1.5918491596558936e-121,13,Caacu.v4.15G004460,Chr15,9160171,9162437,-,hypothetical protein
7.589265810054595e-126,9.70647003420112,0.2,0,1.7594953854030572e-121,13,Caacu.v4.12G006680,Chr12,11745671,11748971,+,alpha/beta-Hydrolases superfamily protein
7.589265810054595e-126,10.235324213529253,0.133,0,1.7594953854030572e-121,13,Caacu.v4.15G001810,Chr15,2986866,2996432,-,NB-ARC domain-containing disease resistance protein
3.3400987990187003e-125,8.45065298896234,0.4,0.003,7.7436850556449545e-121,13,Caacu.v4.11G004840,Chr11,5272960,5275484,+,Carbohydrate-binding X8 domain superfamily protein
6.213142726340526e-116,7.574716518340837,0.333,0.002,1.4404550096747876e-111,13,Caacu.v4.1G024940,Chr1,29600505,29606404,-,hypothetical protein
2.757653388592299e-112,13.851703444038503,0.133,0,6.393343616112386e-108,13,Caacu.v4.1G036590,Chr1,38562228,38568317,+,Mannose-binding lectin superfamily protein
2.757653388592299e-112,13.084524091272293,0.133,0,6.393343616112386e-108,13,Caacu.v4.5G007460,Chr5,5746583,5750966,-,Late embryogenesis abundant (LEA) hydroxyproline-rich glycoprotein family
2.757653388592299e-112,14.054924605260247,0.133,0,6.393343616112386e-108,13,Caacu.v4.8G008050,Chr8,9425862,9431413,-,sucrose synthase
1.0856375464402143e-111,8.471624982323178,0.267,0.001,2.516942087666993e-107,13,Caacu.v4.16G008690,Chr16,8589286,8591606,+,conserved hypothetical protein
1.1604896656506398e-111,8.762040355948745,0.267,0.001,2.6904792408444432e-107,13,Caacu.v4.6G018310,Chr6,18148780,18150184,+,conserved hypothetical protein
1.1604896656506398e-111,8.248270822535122,0.267,0.001,2.6904792408444432e-107,13,Caacu.v4.9G012370,Chr9,16022167,16024665,-,Plant protein of unknown function (DUF827)
6.384323390338793e-101,15.148649226751788,0.2,0,1.480141534816146e-96,13,Caacu.v4.20G004270,Chr20,3226422,3240358,-,Sieve element occlusion C-terminus domain containing protein
6.384363371023073e-101,9.666783262026579,0.2,0.001,1.480150803937989e-96,13,Caacu.v4.5G011890,Chr5,10085974,10088471,-,Carbohydrate-binding X8 domain superfamily protein
6.916626078644692e-101,9.6259959699923,0.2,0.001,1.6035505900729853e-96,13,Caacu.v4.10G001650,Chr10,1797666,1800112,-,Homeodomain-like superfamily protein
9.526651165438741e-101,7.791459519640798,0.2,0.001,2.2086588061953175e-96,13,Caacu.v4.4G008730,Chr4,12936875,12941329,-,basic helix-loop-helix (bHLH) DNA-binding superfamily protein
1.092981587904943e-92,6.519668569191329,0.667,0.013,2.53396851339882e-88,13,Caacu.v4.1G024930,Chr1,29593701,29600337,-,hypothetical protein
1.654783513184745e-89,8.122414031407073,0.267,0.001,3.836450096967513e-85,13,Caacu.v4.2G013750,Chr2,18880907,18883813,+,Plant protein of unknown function (DUF247)
2.6730157480902013e-89,7.710322715670404,0.267,0.002,6.197119710372323e-85,13,Caacu.v4.2G016190,Chr2,22051847,22058668,+,Ankyrin repeat family protein
6.171789984997346e-87,6.731248141359009,0.333,0.003,1.4308677901217847e-82,13,Caacu.v4.1G018670,Chr1,24332365,24361598,+,early-responsive to dehydration stress protein (ERD4)
6.535794871311741e-85,6.18017058365072,0.467,0.007,1.515258682964914e-80,13,Caacu.v4.9G006860,Chr9,11403670,11405420,+,hypothetical protein
2.870624800240287e-84,11.227948944791008,0.2,0,6.655256536877082e-80,13,Caacu.v4.20G004290,Chr20,3257163,3271107,-,Sieve element occlusion C-terminus domain containing protein
3.5065024759661493e-84,8.567054271196655,0.2,0.001,8.129475340279921e-80,13,Caacu.v4.1G013360,Chr1,19709757,19710772,+,conserved hypothetical protein
3.5065024759661493e-84,9.120746781932588,0.2,0.001,8.129475340279921e-80,13,Caacu.v4.8G014680,Chr8,15944395,15945774,+,HVA22 homologue E
5.68320458233659e-82,7.221783667271004,0.333,0.002,1.3175941503689152e-77,13,Caacu.v4.2G027190,Chr2,31484456,31488530,+,Ankyrin repeat family protein
5.113170810968632e-76,5.684027225859986,0.8,0.025,1.1854375208149678e-71,13,Caacu.v4.21G008760,Chr21,10329516,10330799,+,thioredoxin
2.904645256706165e-75,9.963941519963162,0.133,0,6.734129563147573e-71,13,Caacu.v4.15G000500,Chr15,1131567,1136990,-,hypothetical protein
2.904645256706165e-75,9.977464592797157,0.133,0,6.734129563147573e-71,13,Caacu.v4.19G010000,Chr19,12779161,12782223,-,elicitor-activated gene 3-2
2.904645256706165e-75,11.231918247804513,0.133,0,6.734129563147573e-71,13,Caacu.v4.21G007730,Chr21,9475707,9480315,+,Remorin family protein
3.1750814222395454e-75,10.346247740813439,0.133,0,7.361108769320163e-71,13,Caacu.v4.1G024040,Chr1,28943981,28949499,+,Preprotein translocase SecA family protein
3.1750814222395454e-75,8.859332384096104,0.133,0,7.361108769320163e-71,13,Caacu.v4.5G009720,Chr5,7779129,7783974,+,NAC domain containing protein
3.1750814222395454e-75,9.207116335745697,0.133,0,7.361108769320163e-71,13,Caacu.v4.10G009670,Chr10,12831040,12840843,-,Ankyrin repeat family protein
3.4706155429747287e-75,7.520609562921338,0.067,0,8.04627507483261e-71,13,Caacu.v4.6G010430,Chr6,10009755,10013084,-,NB-ARC domain-containing disease resistance protein
4.700156863406643e-74,8.204109373216978,0.467,0.004,1.0896843672121962e-69,13,Caacu.v4.12G001750,Chr12,1482529,1489743,-,S-adenosyl-L-methionine-dependent methyltransferases superfamily protein
2.8662484226497265e-72,8.447057825053482,0.2,0.001,6.645110343071126e-68,13,Caacu.v4.10G012870,Chr10,15911967,15913660,+,Domain of unknown function (DUF2431)
3.034725366799536e-72,7.624085574776567,0.2,0.001,7.035707290388044e-68,13,Caacu.v4.2G019880,Chr2,25682079,25683730,+,Pathogenesis-related thaumatin superfamily protein
3.034725366799536e-72,7.799079570828047,0.2,0.001,7.035707290388044e-68,13,Caacu.v4.5G000310,Chr5,239901,241770,-,conserved hypothetical protein
1.148166846320408e-71,6.245110834449739,0.467,0.008,2.6619100165092337e-67,13,Caacu.v4.5G013530,Chr5,13099763,13105752,+,hypothetical protein
7.077647469926138e-69,7.3293581565431625,0.267,0.002,1.640881789427676e-64,13,Caacu.v4.14G000870,Chr14,661541,670674,+,synaptotagmin A
7.840141769590452e-69,6.4270719429427405,0.267,0.002,1.8176584678618504e-64,13,Caacu.v4.3G000230,Chr3,278286,281841,-,phloem protein 2-A9
6.034475748741444e-67,6.299178862752634,0.4,0.006,1.3990328575882163e-62,13,Caacu.v4.21G008910,Chr21,10427552,10436610,-,transmembrane receptors;ATP binding
1.9403522859778376e-64,8.969518432805893,0.6,0.002,4.498512739811019e-60,13,Caacu.v4.6G009240,Chr6,8255296,8273707,-,NB-ARC domain-containing disease resistance protein
4.8696108184050425e-64,7.277519991122267,0.267,0.002,1.1289705721390251e-59,13,Caacu.v4.3G005800,Chr3,4878098,4882723,-,"Arginyl-tRNA synthetase, class Ic"
2.1398848998000173e-63,8.147469232836762,0.2,0.001,4.96110915169636e-59,13,Caacu.v4.3G005810,Chr3,4882785,4887550,-,"Arginyl-tRNA synthetase, class Ic"
3.035596774402785e-63,6.787911423009137,0.2,0.001,7.037727561775417e-59,13,Caacu.v4.2G004530,Chr2,3345897,3347342,+,hypothetical protein
1.8947035729275743e-61,6.6314179340354915,0.533,0.013,4.392680763475288e-57,13,Caacu.v4.13G009770,Chr13,9607070,9609570,-,Gibberellin-regulated family protein
9.144873797038146e-59,5.817689643603639,0.4,0.007,2.1201475411053236e-54,13,Caacu.v4.3G018920,Chr3,20606549,20608511,-,glucan synthase-like
1.9143746294220238e-57,6.484008330149992,0.4,0.007,4.43828614085202e-53,13,Caacu.v4.20G001920,Chr20,1408781,1423925,-,Plant protein of unknown function domain containing protein
4.7122117382315973e-57,12.7074431522336,0.067,0,1.0924791693916135e-52,13,Caacu.v4.6G004070,Chr6,3819389,3825158,-,glycosyl hydrolase family 81 protein
9.83372755987719e-57,9.99567379698934,0.133,0.001,2.2798513974819275e-52,13,Caacu.v4.11G006250,Chr11,8284321,8285521,+,AWPM-19-like family protein
1.0512377791878411e-56,8.832467560086691,0.133,0.001,2.4371896672690908e-52,13,Caacu.v4.21G004050,Chr21,5990409,5996250,+,P-loop containing nucleoside triphosphate hydrolases superfamily protein
1.1237666992292997e-56,8.380601622246052,0.133,0.001,2.6053407154932085e-52,13,Caacu.v4.6G005770,Chr6,5263688,5269760,+,NAC domain containing protein
1.2012786738382855e-56,7.117294033098368,0.133,0.001,2.785044477426681e-52,13,Caacu.v4.9G012950,Chr9,16472130,16489608,+,ACT-like protein tyrosine kinase family protein
1.716568371615536e-56,14.38742326681191,0.2,0,3.979692112753459e-52,13,Caacu.v4.2G021700,Chr2,27030725,27032773,-,PAR1 protein
2.3424525222378842e-56,7.30785320929064,0.2,0.002,5.430741927556311e-52,13,Caacu.v4.11G009770,Chr11,11835092,11836778,-,Protein of unknown function (DUF1218)
2.448726087647308e-56,7.037377923117542,0.2,0.002,5.6771265616015196e-52,13,Caacu.v4.2G005880,Chr2,4550573,4557562,+,Protein kinase superfamily protein
4.122134869021779e-56,5.701816492984804,0.733,0.029,9.556757480340093e-52,13,Caacu.v4.7G003950,Chr7,9299253,9307405,+,5'-3' exoribonuclease
6.669238047911077e-56,5.787071742933321,0.2,0.006,1.5461961490277042e-51,13,Caacu.v4.1G024060,Chr1,28953565,28958890,+,Preprotein translocase SecA family protein
3.4371779008878343e-53,5.53438357715862,0.467,0.012,7.968753245418355e-49,13,Caacu.v4.18G002270,Chr18,2135439,2136575,-,Late embryogenesis abundant (LEA) hydroxyproline-rich glycoprotein family
6.47403222035219e-53,7.1004909695362635,0.267,0.003,1.5009396299664518e-48,13,Caacu.v4.11G015740,Chr11,16689126,16695049,-,O-Glycosyl hydrolases family 17 protein
9.240988485012409e-50,5.792816898608766,0.267,0.004,2.142430770365277e-45,13,Caacu.v4.19G008500,Chr19,11664889,11669871,+,similar to RCD one
8.668330596233894e-48,6.271338611250811,0.4,0.009,2.009665765430866e-43,13,Caacu.v4.S000260,scf_4,28545,31078,-,hypothetical protein
3.4347678407703014e-46,6.625696195239441,0.2,0.002,7.963165762041866e-42,13,Caacu.v4.3G018950,Chr3,20668012,20686140,-,glucan synthase-like
3.561384058133996e-46,6.045237455068029,0.067,0.001,8.256712800377857e-42,13,Caacu.v4.4G013830,Chr4,17054797,17062375,+,Preprotein translocase SecA family protein
3.5615434992434095e-46,6.6176063584602645,0.2,0.002,8.25708244864592e-42,13,Caacu.v4.6G006150,Chr6,5558812,5563345,+,Transducin/WD40 repeat-like superfamily protein
1.552015943447377e-45,7.94470989692358,0.133,0.001,3.5981937632883987e-41,13,Caacu.v4.6G001110,Chr6,1125272,1137580,+,Rhamnogalacturonate lyase family protein
1.552015943447377e-45,7.247239476174711,0.133,0.001,3.5981937632883987e-41,13,Caacu.v4.6G020700,Chr6,20218643,20221136,+,Late embryogenesis abundant (LEA) hydroxyproline-rich glycoprotein family
1.997769457307112e-45,5.719292663630629,0.2,0.003,4.631628709820808e-41,13,Caacu.v4.1G024200,Chr1,29039208,29050373,+,Preprotein translocase SecA family protein
1.9310382856800027e-42,6.963291340229542,0.2,0.002,4.476919161520518e-38,13,Caacu.v4.8G013110,Chr8,14550764,14553449,+,Dof-type zinc finger DNA-binding family protein
1.3396862834949528e-41,6.180605520604226,0.467,0.016,3.1059286796546986e-37,13,Caacu.v4.2G006200,Chr2,4797261,4821896,+,ubiquitin-associated (UBA)/TS-N domain-containing protein
4.480542615083541e-41,6.107244205357353,0.333,0.008,1.0387689998809683e-36,13,Caacu.v4.7G008020,Chr7,13995643,13999672,+,XB3 ortholog 1 in Arabidopsis thaliana
3.52955948103885e-38,10.749401970200905,0.133,0,8.18293070084047e-34,13,Caacu.v4.6G010440,Chr6,10013327,10022133,-,NB-ARC domain-containing disease resistance protein
3.52958662324842e-38,7.852519658995668,0.133,0.001,8.182993627339137e-34,13,Caacu.v4.3G004510,Chr3,3848681,3851690,-,Homeodomain-like superfamily protein
3.52958662324842e-38,9.996018910922402,0.133,0.001,8.182993627339137e-34,13,Caacu.v4.4G021190,Chr4,22506479,22508348,-,Protein of unknown function (DUF 3339)
3.690010330250815e-38,8.186624628980386,0.133,0.001,8.55491994965349e-34,13,Caacu.v4.5G011780,Chr5,9920480,9921752,-,AWPM-19-like family protein
3.8576805948293695e-38,8.09930925040668,0.133,0.001,8.94364669105241e-34,13,Caacu.v4.21G001270,Chr21,1236677,1239179,+,conserved hypothetical protein
4.21607644991839e-38,7.558211810476256,0.133,0.001,9.774551641490796e-34,13,Caacu.v4.8G008860,Chr8,10415033,10418872,-,"Core-2/I-branching beta-1,6-N-acetylglucosaminyltransferase family protein"
4.4074967810089157e-38,6.601064784198106,0.133,0.001,1.021834053709107e-33,13,Caacu.v4.6G000480,Chr6,605660,610814,+,formin homolog
4.4074967810089157e-38,6.8600626809791905,0.133,0.001,1.021834053709107e-33,13,Caacu.v4.11G007790,Chr11,10113407,10114252,+,sensitivity to red light reduced protein (SRR1)
4.6075544649386103e-38,6.143267513225778,0.133,0.001,1.0682154271513674e-33,13,Caacu.v4.18G008270,Chr18,7011651,7013519,-,Protein of unknown function (DUF674)
5.035148313200374e-38,5.832439546320506,0.133,0.001,1.1673487849323746e-33,13,Caacu.v4.18G007040,Chr18,5879889,5880368,+,Bifunctional inhibitor/lipid-transfer protein/seed storage 2S albumin superfamily protein
3.9946431090697117e-36,4.960849715189397,0.4,0.013,9.26118058406722e-32,13,Caacu.v4.3G014600,Chr3,13005561,13011990,-,Galactosyltransferase family protein
5.8065315465518584e-36,4.798092863027171,0.467,0.018,1.3461862737525828e-31,13,Caacu.v4.16G002090,Chr16,1869865,1874802,-,IQ-domain
4.547398811242658e-34,6.232908646674828,0.2,0.003,1.0542689403984979e-29,13,Caacu.v4.15G010240,Chr15,14424851,14427278,+,hypothetical protein
4.582390609149049e-34,5.424170033608579,0.333,0.009,1.0623814388251155e-29,13,Caacu.v4.2G018950,Chr2,24908348,24918381,+,RAB GTPase homolog C2A
6.086986511315883e-34,5.205360506963253,0.2,0.003,1.4112069527834745e-29,13,Caacu.v4.21G010430,Chr21,11612481,11615810,-,DC1 domain-containing protein
4.415593658489626e-33,6.5851402142775335,0.467,0.014,1.0237112337842348e-28,13,Caacu.v4.1G024090,Chr1,28968255,28979896,+,Preprotein translocase SecA family protein
8.385184614772662e-33,6.551722541113761,0.133,0.001,1.9440212010888939e-28,13,Caacu.v4.2G009470,Chr2,7728234,7729159,+,HSP20-like chaperones superfamily protein
4.954449536058962e-32,6.092619151199362,0.2,0.003,1.1486395804399098e-27,13,Caacu.v4.5G008490,Chr5,6550541,6558310,+,sphingosine kinase
6.675978982112039e-32,4.473401946203796,0.067,0.002,1.5477589672128552e-27,13,Caacu.v4.1G024170,Chr1,29019068,29026640,+,Preprotein translocase SecA family protein
7.558663837723928e-32,5.110903989882799,0.2,0.003,1.7524006241379152e-27,13,Caacu.v4.19G005960,Chr19,9694793,9699078,-,alpha/beta-Hydrolases superfamily protein
3.3408698607228204e-30,6.664786955027266,0.2,0.004,7.745472685099787e-26,13,Caacu.v4.9G011720,Chr9,15433720,15437709,+,Glycosyl hydrolase superfamily protein
3.680040032102889e-30,5.1451739179584255,0.333,0.011,8.531804810427338e-26,13,Caacu.v4.12G000870,Chr12,766378,770523,+,Protein of unknown function (DUF 3339)
3.398153636355892e-29,8.328794188312347,0.067,0,7.8782793905275e-25,13,Caacu.v4.1G010870,Chr1,17301208,17308093,-,DZC (Disease resistance/zinc finger/chromosome condensation-like region) domain containing protein
3.398153636355892e-29,10.1634699271278,0.067,0,7.8782793905275e-25,13,Caacu.v4.3G018460,Chr3,19357128,19358382,-,HVA22-like protein F
3.398153636355892e-29,10.828575978541977,0.067,0,7.8782793905275e-25,13,Caacu.v4.6G017050,Chr6,16890104,16892423,-,Dynamin related protein 4C
3.398153636355892e-29,9.538543611547665,0.067,0,7.8782793905275e-25,13,Caacu.v4.7G015370,Chr7,19971002,19974760,-,TRAF-like family protein
3.398153636355892e-29,9.538543611547665,0.067,0,7.8782793905275e-25,13,Caacu.v4.8G008760,Chr8,10313673,10317102,-,Reticulon family protein
3.398153636355892e-29,8.314258576531948,0.067,0,7.8782793905275e-25,13,Caacu.v4.8G013580,Chr8,14986028,14986737,+,Octicosapeptide/Phox/Bem1p family protein
3.398153636355892e-29,8.27821029004447,0.067,0,7.8782793905275e-25,13,Caacu.v4.8G019410,Chr8,19683618,19684547,-,conserved hypothetical protein
3.398153636355892e-29,9.538543611547665,0.067,0,7.8782793905275e-25,13,Caacu.v4.10G001430,Chr10,1503799,1505950,-,O-Glycosyl hydrolases family 17 protein
3.398153636355892e-29,8.007411613857029,0.067,0,7.8782793905275e-25,13,Caacu.v4.16G005320,Chr16,4967132,4968333,+,HSP20-like chaperones superfamily protein
3.398153636355892e-29,8.8823231967713685,0.067,0,7.8782793905275e-25,13,Caacu.v4.21G003750,Chr21,5534529,5550001,-,RNA-dependent RNA polymerase
3.398153636355892e-29,8.67970922906854,0.067,0,7.8782793905275e-25,13,Caacu.v4.8G005280,Chr8,6867542,6869162,-,hypothetical protein
3.398153636355892e-29,9.947049551700628,0.067,0,7.8782793905275e-25,13,Caacu.v4.17G006390,Chr17,10881695,10884834,+,NB-ARC domain-containing disease resistance protein
3.398153636355892e-29,8.281861891205759,0.067,0,7.8782793905275e-25,13,Caacu.v4.20G007100,Chr20,6071132,6075389,+,NAC domain containing protein
3.633352778088655e-29,6.539267079350954,0.067,0,8.423565080720738e-25,13,Caacu.v4.9G000740,Chr9,2893831,2899445,-,"Polynucleotidyl transferase, ribonuclease H-like superfamily protein"
6.973943876972374e-29,7.373630935846547,0.133,0.002,1.6168391484372752e-24,13,Caacu.v4.2G008730,Chr2,7054082,7060469,-,phospholipase C
7.454232714550321e-29,6.947141147236164,0.133,0.002,1.7281893125413465e-24,13,Caacu.v4.9G013150,Chr9,16628250,16629078,-,hypothetical protein
7.706533184507098e-29,7.669484880339189,0.133,0.001,1.7866826534961254e-24,13,Caacu.v4.21G001400,Chr21,1333568,1336394,-,"Abscisic acid-responsive (TB2/DP1, HVA22) family protein"
7.967320882668393e-29,6.772914514316492,0.133,0.001,1.84714367343784e-24,13,Caacu.v4.5G013600,Chr5,13114759,13120324,+,hypothetical protein
1.649686554653893e-28,6.032923888051926,0.2,0.004,3.824633308309585e-24,13,Caacu.v4.11G001080,Chr11,1594969,1598772,-,hypothetical protein
3.3664837105159514e-28,5.989172332274939,0.133,0.003,7.804855834460182e-24,13,Caacu.v4.1G024000,Chr1,28914335,28929703,+,Preprotein translocase SecA family protein
3.564378089611146e-28,7.134624484398218,0.067,0.001,8.263654162954482e-24,13,Caacu.v4.10G008300,Chr10,10991069,10991577,-,hypothetical protein
6.2844432545724224e-27,5.204939460357968,0.333,0.012,1.4569853241400705e-22,13,Caacu.v4.3G000520,Chr3,633542,645763,-,subtilisin-like serine protease
1.1225607790544778e-26,4.565109020626922,0.467,0.025,2.6025449101599016e-22,13,Caacu.v4.17G009410,Chr17,13674681,13678567,+,XB3 ortholog 1 in Arabidopsis thaliana
8.256648851635239e-26,7.014395380303273,0.2,0.004,1.9142214697631137e-21,13,Caacu.v4.17G007160,Chr17,11650592,11658222,+,Argonaute family protein
1.0563477361923762e-25,6.174446925137345,0.133,0.002,2.449036591588405e-21,13,Caacu.v4.20G003710,Chr20,2765529,2772974,+,Transducin/WD40 repeat-like superfamily protein
1.1042093107643878e-25,5.990004301320315,0.067,0.002,2.5599988660761567e-21,13,Caacu.v4.12G001720,Chr12,1415974,1443226,-,Sieve element occlusion N-terminus domain containing protein
1.6345380464524328e-25,5.242149132633052,0.333,0.013,3.7895130068953205e-21,13,Caacu.v4.9G002120,Chr9,5505447,5522232,+,SPla/RYanodine receptor (SPRY) domain-containing protein
3.0550687034249384e-25,5.55867698117321,0.267,0.008,7.082871282020377e-21,13,Caacu.v4.14G005090,Chr14,3627342,3630887,-,HVA22 homologue A
4.81210256076217e-25,5.02895983630136,0.267,0.008,1.1156378576871016e-20,13,Caacu.v4.21G006530,Chr21,8568359,8577022,+,ATPase E1-E2 type family protein / haloacid dehalogenase-like hydrolase family protein
1.0511733386102383e-24,6.077878272815244,0.333,0.014,2.4370402682339765e-20,13,Caacu.v4.6G018790,Chr6,18591151,18600387,-,Plant VAMP (vesicle-associated membrane protein) family protein
1.782832451270001e-24,5.77942416046657,0.2,0.005,4.13331875502437e-20,13,Caacu.v4.21G009700,Chr21,11100780,11106897,-,Sieve element occlusion C-terminus domain containing protein
4.205106363563368e-24,4.956521109668525,0.4,0.021,9.749118593285313e-20,13,Caacu.v4.11G012210,Chr11,13692091,13699524,-,RING/U-box superfamily protein
2.850146674198935e-23,7.32300727290397,0.133,0.002,6.607780049462811e-19,13,Caacu.v4.1G019630,Chr1,25183686,25187004,-,NAC domain containing protein
3.0732271802150496e-23,5.56565111076937,0.267,0.009,7.124969894610571e-19,13,Caacu.v4.8G018780,Chr8,19161208,19169725,-,"Mono-/di-acylglycerol lipase, N-terminal;Lipase, class"
3.387783989161485e-23,5.926613484549951,0.133,0.002,7.8542384004719865e-19,13,Caacu.v4.19G008390,Chr19,11579330,11583939,-,Protein kinase superfamily protein
4.025659847225755e-23,3.939636376655905,0.067,0.002,9.33308978980819e-19,13,Caacu.v4.5G013570,Chr5,13109634,13111148,+,NB-ARC domain-containing disease resistance protein
6.0018488111719e-23,3.834559933128636,0.533,0.037,1.3914686283820934e-18,13,Caacu.v4.2G006990,Chr2,5364637,5365810,-,hypothetical protein
6.672708812967546e-23,4.588700398853772,0.467,0.029,1.5470008111983959e-18,13,Caacu.v4.2G029500,Chr2,33300740,33312155,-,importin alpha isoform
7.443438701726751e-23,5.48374635733947,0.333,0.015,1.72568682860833e-18,13,Caacu.v4.4G018670,Chr4,20909395,20919414,-,ATPase E1-E2 type family protein / haloacid dehalogenase-like hydrolase family protein
3.0752320482341752e-21,6.356461793901701,0.133,0.002,7.129617980626112e-17,13,Caacu.v4.5G002300,Chr5,1642539,1647455,-,S-adenosyl-L-methionine-dependent methyltransferases superfamily protein
3.2275495469231233e-21,6.418978405673828,0.133,0.002,7.48275086958657e-17,13,Caacu.v4.16G006670,Chr16,6167865,6171571,-,C2 calcium/lipid-binding plant phosphoribosyltransferase family protein
3.3873257041292015e-21,6.232785611636981,0.133,0.002,7.853175912453141e-17,13,Caacu.v4.4G020570,Chr4,22120966,22122120,-,RPM1-interacting protein 4 (RIN4) family protein
7.921824152603208e-21,4.584046107426234,0.267,0.01,1.8365957115395277e-16,13,Caacu.v4.10G003720,Chr10,3758118,3759085,-,"Nucleic acid-binding, OB-fold-like protein"
1.2896707100586903e-20,5.208588475550877,0.2,0.005,2.9899725742000677e-16,13,Caacu.v4.19G009040,Chr19,12078470,12095653,+,"Pyruvate phosphate dikinase, PEP/pyruvate binding domain"
1.3102288613986175e-20,5.061541029363973,0.2,0.006,3.037634592266555e-16,13,Caacu.v4.12G010640,Chr12,15953111,15955628,-,Pathogenesis-related thaumatin superfamily protein
3.901782375243708e-20,4.83831257374798,0.333,0.017,9.045892258765013e-16,13,Caacu.v4.9G007960,Chr9,12315986,12319678,+,"Nitrogen regulatory PII-like, alpha/beta"
6.532299229192965e-20,4.473365057440326,0.267,0.011,1.5144482532960968e-15,13,Caacu.v4.1G026680,Chr1,30970994,30979647,-,TRAUCO
7.155041830243841e-20,7.920586756009751,0.067,0.001,1.6588248979237322e-15,13,Caacu.v4.5G001340,Chr5,938174,939487,+,hypothetical protein
7.155041830243841e-20,7.767045189549,0.067,0.001,1.6588248979237322e-15,13,Caacu.v4.5G007040,Chr5,5401716,5403813,-,conserved hypothetical protein
7.155041830243841e-20,7.907400572349599,0.067,0.001,1.6588248979237322e-15,13,Caacu.v4.5G011060,Chr5,9092407,9097008,-,phosphate transporter 2;1
7.155041830243841e-20,8.600748833896617,0.067,0.001,1.6588248979237322e-15,13,Caacu.v4.11G011960,Chr11,13470598,13473943,-,Protein of unknown function (DUF1423)
7.155041830243841e-20,7.292251192324093,0.067,0.001,1.6588248979237322e-15,13,Caacu.v4.13G007050,Chr13,5967496,5968968,-,GRAS family transcription factor
7.155041830243841e-20,8.349980090219216,0.067,0.001,1.6588248979237322e-15,13,Caacu.v4.15G010670,Chr15,14773479,14775653,+,ADP-ribosylation factor A1F
7.155041830243841e-20,8.411093560852938,0.067,0.001,1.6588248979237322e-15,13,Caacu.v4.11G007900,Chr11,10202289,10207444,-,NAC domain containing protein
7.155041830243841e-20,7.704979987646863,0.067,0.001,1.6588248979237322e-15,13,Caacu.v4.12G008430,Chr12,13787369,13791321,+,laccase
7.155041830243841e-20,7.467965607755165,0.067,0.001,1.6588248979237322e-15,13,Caacu.v4.16G003760,Chr16,3597322,3601576,-,hypothetical protein
7.155041830243841e-20,8.275145576131061,0.067,0.001,1.6588248979237322e-15,13,Caacu.v4.17G006380,Chr17,10875712,10879305,-,C2 calcium/lipid-binding plant phosphoribosyltransferase family protein
7.481641795507288e-20,6.9553792001033194,0.067,0.001,1.7345438338704096e-15,13,Caacu.v4.1G004760,Chr1,9148795,9149405,+,hypothetical protein
7.481641795507288e-20,7.5936786658318,0.067,0.001,1.7345438338704096e-15,13,Caacu.v4.9G003690,Chr9,7818711,7823271,-,Pathogenesis-related thaumatin superfamily protein
7.481641795507288e-20,6.964154654101889,0.067,0.001,1.7345438338704096e-15,13,Caacu.v4.14G005610,Chr14,4042079,4047660,+,alternative oxidase
7.481641795507288e-20,5.824665918123607,0.067,0.001,1.7345438338704096e-15,13,Caacu.v4.17G006570,Chr17,11021822,11023751,-,Glycosyltransferase family 29 (sialyltransferase) family protein
7.481641795507288e-20,7.040795035100087,0.067,0.001,1.7345438338704096e-15,13,Caacu.v4.9G012760,Chr9,16335092,16343351,+,calcium-dependent protein kinase
7.481641795507288e-20,6.968457362890773,0.067,0.001,1.7345438338704096e-15,13,Caacu.v4.14G004600,Chr14,3218526,3220087,+,xyloglucan endotransglucosylase/hydrolase
7.481641795507288e-20,7.3732228456866675,0.067,0.001,1.7345438338704096e-15,13,Caacu.v4.21G003710,Chr21,5467231,5484031,-,RNA-dependent RNA polymerase
7.822968892906988e-20,5.752464566553773,0.067,0.001,1.813677108131556e-15,13,Caacu.v4.1G031180,Chr1,34568258,34572925,+,chromatin-remodeling protein
7.822968892906988e-20,5.060117634417951,0.067,0.001,1.813677108131556e-15,13,Caacu.v4.4G004780,Chr4,8712036,8714814,+,Protein of unknown function (DUF594)
7.822968892906988e-20,5.08615997270126,0.067,0.001,1.813677108131556e-15,13,Caacu.v4.4G021110,Chr4,22466015,22469060,-,hypothetical protein
7.822968892906988e-20,5.394275339632546,0.067,0.001,1.813677108131556e-15,13,Caacu.v4.7G010640,Chr7,15977770,15980390,-,cytokinin response factor
7.822968892906988e-20,5.879326116929759,0.067,0.001,1.813677108131556e-15,13,Caacu.v4.11G011320,Chr11,12996489,12997556,+,hypothetical protein
7.822968892906988e-20,5.493219912294679,0.067,0.001,1.813677108131556e-15,13,Caacu.v4.13G012300,Chr13,15434657,15436951,+,conserved hypothetical protein
7.822968892906988e-20,5.6850994717739916,0.067,0.001,1.813677108131556e-15,13,Caacu.v4.14G012670,Chr14,13795510,13798725,-,Tetratricopeptide repeat (TPR)-like superfamily protein
7.822968892906988e-20,6.153909731072058,0.067,0.001,1.813677108131556e-15,13,Caacu.v4.15G012400,Chr15,16120154,16122122,-,Plant protein of unknown function (DUF247)
7.822968892906988e-20,5.768575240665852,0.067,0.001,1.813677108131556e-15,13,Caacu.v4.18G003570,Chr18,3065326,3066914,+,hypothetical protein
7.822968892906988e-20,6.296724161990337,0.067,0.001,1.813677108131556e-15,13,Caacu.v4.19G010230,Chr19,12944830,12948016,-,"oxidoreductase, 2OG-Fe(II) oxygenase family protein"
1.1261971894631077e-19,4.5690944036921115,0.467,0.034,2.610975564051269e-15,13,Caacu.v4.1G028890,Chr1,32938505,32954853,+,ubiquitin-associated (UBA)/TS-N domain-containing protein
1.5955299125910238e-19,6.660753188505717,0.133,0.003,3.699076549351029e-15,13,Caacu.v4.10G001180,Chr10,1274177,1275703,-,actin
1.6132892219441984e-19,5.92028565489254,0.133,0.002,3.740249732155429e-15,13,Caacu.v4.16G006760,Chr16,6267695,6274467,-,hypothetical protein
1.6312446149610374e-19,7.377692226848179,0.133,0.002,3.781877515325669e-15,13,Caacu.v4.12G004260,Chr12,4412215,4415992,-,hypothetical protein
1.822003402675713e-19,5.548198144632834,0.067,0.002,4.224132688763373e-15,13,Caacu.v4.1G024240,Chr1,29061391,29068800,+,Preprotein translocase SecA family protein
1.8220206222150315e-19,5.887527481952249,0.133,0.003,4.224172610543329e-15,13,Caacu.v4.2G031800,Chr2,35428340,35434950,+,ADP-glucose pyrophosphorylase small subunit
1.8627377595413327e-19,5.409497451333414,0.133,0.002,4.3185712217206256e-15,13,Caacu.v4.1G025580,Chr1,30166635,30172110,+,Preprotein translocase SecA family protein
3.9857216690353914e-19,5.0294661526619615,0.2,0.006,9.240497117491652e-15,13,Caacu.v4.20G010070,Chr20,10836330,10855571,+,alpha/beta-Hydrolases superfamily protein
4.076651209418968e-19,4.336278256400777,0.267,0.011,9.451308163916935e-15,13,Caacu.v4.8G005370,Chr8,6983775,6989237,+,Serinc-domain containing serine and sphingolipid biosynthesis protein
1.695740792356905e-18,5.077449275881021,0.2,0.007,3.9314054530002486e-14,13,Caacu.v4.18G012260,Chr18,12347093,12348165,-,"serine protease inhibitor, Kazal-type family protein"
4.5729268057876895e-18,4.313062930543612,0.4,0.027,1.060187350653818e-13,13,Caacu.v4.5G007070,Chr5,5421029,5427886,+,aspartic proteinase A1
4.616207418117352e-18,5.83153096483937,0.133,0.003,1.0702215278163269e-13,13,Caacu.v4.1G014420,Chr1,20590983,20593632,-,ORMDL family protein
6.713356744635771e-18,5.049196768260465,0.2,0.007,1.5564246276763573e-13,13,Caacu.v4.13G000250,Chr13,236718,249396,+,starch branching enzyme 2.1
1.9435606012671918e-17,5.069580877003363,0.267,0.013,4.505950897977858e-13,13,Caacu.v4.11G008900,Chr11,11132104,11144567,+,Protein of unknown function (DUF707)
2.160100447851472e-17,4.533785439691378,0.267,0.013,5.007976878298852e-13,13,Caacu.v4.16G002190,Chr16,1954148,1957946,+,tetraspanin6
2.3475700875867205e-17,5.100754089665956,0.2,0.007,5.442606491061052e-13,13,Caacu.v4.19G000290,Chr19,590274,594560,+,Homeodomain-like superfamily protein
2.3500616157813825e-17,4.599872977877935,0.067,0.003,5.448382850027557e-13,13,Caacu.v4.10G008240,Chr10,10874524,10877268,-,hypothetical protein
8.272266232173881e-17,4.652531503845083,0.267,0.013,1.9178422032671925e-12,13,Caacu.v4.19G000670,Chr19,1766000,1781052,-,phosphatidylinositolglycan-related
2.92843835005105e-16,5.244855900687842,0.2,0.008,6.789291470758355e-12,13,Caacu.v4.3G004140,Chr3,3572167,3579046,-,TMEM128 protein domain containing protein
3.436882752520926e-16,4.829600825373976,0.2,0.008,7.968068973444515e-12,13,Caacu.v4.1G020720,Chr1,26187990,26189256,+,RING/U-box superfamily protein
6.619222134675326e-16,5.519090517587307,0.2,0.008,1.5346004597031276e-11,13,Caacu.v4.5G010580,Chr5,8589316,8600149,-,Mitogen activated protein kinase kinase kinase-related
8.639916460879485e-16,5.70210691009634,0.133,0.003,2.0030782322903e-11,13,Caacu.v4.15G006590,Chr15,11216696,11220600,-,hypothetical protein
9.272974238286926e-16,5.778028470545918,0.133,0.003,2.149846347404441e-11,13,Caacu.v4.5G006720,Chr5,5162244,5166515,+,Ankyrin repeat family protein
1.0869209084335218e-15,4.963205207923263,0.133,0.003,2.519917434112277e-11,13,Caacu.v4.4G001990,Chr4,3466534,3473869,-,ENTH/VHS/GAT family protein
1.0869209084335218e-15,4.951727325795901,0.133,0.003,2.519917434112277e-11,13,Caacu.v4.4G016120,Chr4,18921433,18922044,+,glutamine dumper
1.2011294387412495e-15,4.445661185493029,0.267,0.014,2.784698490777713e-11,13,Caacu.v4.19G007740,Chr19,11123908,11132286,-,5'-AMP-activated protein kinase-related
2.407139542044093e-15,4.917580574644238,0.2,0.008,5.580712314275025e-11,13,Caacu.v4.21G002930,Chr21,4511977,4515465,-,xyloglucan endotransglucosylase/hydrolase
3.0168129558037507e-15,4.608158374400443,0.2,0.008,6.994179156735416e-11,13,Caacu.v4.14G004200,Chr14,2883762,2891869,+,ADP-ribosylation factor-like A1C
3.4227043027215636e-15,7.576284336198837,0.067,0.001,7.935197655429673e-11,13,Caacu.v4.3G008270,Chr3,7025965,7030469,+,BRI1 like
3.4227043027215636e-15,7.168081252941148,0.067,0.001,7.935197655429673e-11,13,Caacu.v4.7G014630,Chr7,19335643,19336872,-,Ubiquitin carboxyl-terminal hydrolase family protein
3.4227043027215636e-15,6.836077430649335,0.067,0.001,7.935197655429673e-11,13,Caacu.v4.8G004520,Chr8,6173384,6178865,+,Senescence/dehydration-associated protein-related
3.4227043027215636e-15,7.015497719306321,0.067,0.001,7.935197655429673e-11,13,Caacu.v4.8G006550,Chr8,8224948,8226471,+,hypothetical protein
3.4227043027215636e-15,7.830914387787894,0.067,0.001,7.935197655429673e-11,13,Caacu.v4.11G009340,Chr11,11493593,11500633,-,Leucine-rich repeat (LRR) family protein
3.4227043027215636e-15,6.992907828514916,0.067,0.001,7.935197655429673e-11,13,Caacu.v4.13G000410,Chr13,338883,342590,-,hypothetical protein
3.4227043027215636e-15,7.437774714669802,0.067,0.001,7.935197655429673e-11,13,Caacu.v4.18G010230,Chr18,9821517,9824849,+,Peptidase family M48 family protein
3.4227043027215636e-15,7.574579571584292,0.067,0.001,7.935197655429673e-11,13,Caacu.v4.21G005550,Chr21,7559963,7562482,+,Protein of unknown function (DUF1639)
3.4227043027215636e-15,6.908729809637727,0.067,0.001,7.935197655429673e-11,13,Caacu.v4.1G011490,Chr1,17863077,17865114,-,hypothetical protein
3.5392706515787875e-15,6.933734967958808,0.067,0.001,8.20544507862026e-11,13,Caacu.v4.1G028560,Chr1,32620856,32629714,+,peroxisomal 3-ketoacyl-CoA thiolase
3.5392706515787875e-15,6.7835369671543715,0.067,0.001,8.20544507862026e-11,13,Caacu.v4.1G030250,Chr1,33835576,33839885,+,chromatin remodeling factor17
3.5392706515787875e-15,7.144973781079086,0.067,0.001,8.20544507862026e-11,13,Caacu.v4.2G009860,Chr2,8062736,8074140,-,hypothetical protein
3.5392706515787875e-15,7.117818110559821,0.067,0.001,8.20544507862026e-11,13,Caacu.v4.3G007600,Chr3,6412033,6414908,-,Carbohydrate-binding X8 domain superfamily protein
3.5392706515787875e-15,6.436058187412313,0.067,0.001,8.20544507862026e-11,13,Caacu.v4.3G018930,Chr3,20620686,20631553,-,glucan synthase-like
3.5392706515787875e-15,6.759217289676257,0.067,0.001,8.20544507862026e-11,13,Caacu.v4.5G008390,Chr5,6486761,6487065,-,hypothetical protein
3.5392706515787875e-15,7.001883309794624,0.067,0.001,8.20544507862026e-11,13,Caacu.v4.10G011550,Chr10,14646315,14649955,-,plant UBX domain containing protein
3.5392706515787875e-15,6.830027610697535,0.067,0.001,8.20544507862026e-11,13,Caacu.v4.21G003740,Chr21,5516481,5528149,-,RNA-dependent RNA polymerase
3.597766225962474e-15,3.858307708858164,0.333,0.022,8.3410612182714e-11,13,Caacu.v4.2G022010,Chr2,27258644,27278726,-,S-adenosyl-L-methionine-dependent methyltransferases superfamily protein
3.659743618431909e-15,6.231298596886884,0.067,0.001,8.484749604972538e-11,13,Caacu.v4.2G012670,Chr2,17477028,17483354,-,myosin heavy chain-related
3.659743618431909e-15,5.023503966310152,0.067,0.001,8.484749604972538e-11,13,Caacu.v4.4G002900,Chr4,4649153,4651311,+,conserved hypothetical protein
3.659743618431909e-15,6.29256623206225,0.067,0.001,8.484749604972538e-11,13,Caacu.v4.5G004290,Chr5,3283463,3293560,-,Fatty acid hydroxylase superfamily
3.659743618431909e-15,5.01636678209327,0.067,0.001,8.484749604972538e-11,13,Caacu.v4.17G002000,Chr17,3499711,3500624,+,conserved hypothetical protein
3.659743618431909e-15,6.14037311940963,0.067,0.001,8.484749604972538e-11,13,Caacu.v4.14G009870,Chr14,8348522,8363371,-,nuclear RNA polymerase C1
3.784251945759336e-15,5.651159156968874,0.067,0.001,8.773409711048444e-11,13,Caacu.v4.1G030310,Chr1,33872386,33874139,+,hypothetical protein
3.784251945759336e-15,4.393173158042147,0.067,0.001,8.773409711048444e-11,13,Caacu.v4.2G008890,Chr2,7220527,7222818,+,Leucine-rich repeat protein kinase family protein
3.784251945759336e-15,5.049910182674605,0.067,0.001,8.773409711048444e-11,13,Caacu.v4.4G006880,Chr4,11010550,11013941,-,hypothetical protein
6.6315258462467645e-15,4.085456368190907,0.467,0.046,1.53745295219385e-10,13,Caacu.v4.6G007780,Chr6,6823983,6831288,-,"ATPase, AAA-type, CDC48 protein"
9.229459202529216e-15,5.058208985296719,0.133,0.004,2.1397578215143733e-10,13,Caacu.v4.12G011530,Chr12,16631459,16633691,-,plasma membrane intrinsic protein 1;4
4.608887162413148e-14,3.7788354897303633,0.267,0.016,1.0685243997338643e-9,13,Caacu.v4.5G006380,Chr5,4931524,4933150,-,uclacyanin
5.353895462930603e-14,3.9734631632166995,0.2,0.009,1.241247124125831e-9,13,Caacu.v4.3G006260,Chr3,5229593,5238374,-,Protein kinase superfamily protein
5.474684276676665e-14,5.47417089658926,0.133,0.004,1.269250802704718e-9,13,Caacu.v4.15G007610,Chr15,12336184,12337792,-,Protein of unknown function (DUF674)
7.129058578232158e-14,3.9116153218002156,0.133,0.004,1.6528009407773436e-9,13,Caacu.v4.10G015480,Chr10,18073892,18083292,-,HAL2-like
9.355252146039846e-14,3.734324156209483,0.333,0.025,2.168921657537878e-9,13,Caacu.v4.6G003920,Chr6,3705158,3709328,-,NSP-interacting kinase
1.0051528512459597e-13,4.997553787889306,0.267,0.009,2.3303463703286327e-9,13,Caacu.v4.S001260,scf_4,200111,200474,+,hypothetical protein
1.8512184646694525e-13,5.942952855132301,0.2,0.009,4.291864888489659e-9,13,Caacu.v4.10G008360,Chr10,11105921,11106382,-,conserved hypothetical protein
3.136973183218657e-13,5.0348771946049355,0.133,0.004,7.272758627974135e-9,13,Caacu.v4.15G001750,Chr15,2821067,2822722,+,NADH:cytochrome B5 reductase
3.953512878072854e-13,4.416174567923241,0.267,0.017,9.165824256524104e-9,13,Caacu.v4.1G036160,Chr1,38267291,38273932,-,"Mono-/di-acylglycerol lipase, N-terminal;Lipase, class"
4.091455703046981e-13,3.7656566572418444,0.4,0.038,9.485630901944122e-9,13,Caacu.v4.19G008470,Chr19,11639838,11650225,-,DC1 domain-containing protein
8.724383184135678e-13,3.3333106203787937,0.4,0.038,2.0226609974100156e-8,13,Caacu.v4.18G006380,Chr18,5373252,5380027,+,Yippee family putative zinc-binding protein
8.993398035713841e-13,4.546734869922599,0.2,0.01,2.0850294005998968e-8,13,Caacu.v4.11G010690,Chr11,12484808,12488941,-,Ankyrin repeat family protein
9.024456064578281e-13,3.97875181002468,0.267,0.018,2.0922298940118284e-8,13,Caacu.v4.11G011000,Chr11,12680215,12695758,-,aspartic proteinase A1
1.2618695608106968e-12,3.8925167671354703,0.2,0.01,2.9255183897835193e-8,13,Caacu.v4.1G028620,Chr1,32681067,32688371,+,Tetratricopeptide repeat (TPR)-like superfamily protein
1.3130555628848538e-12,5.278138135922813,0.2,0.01,3.044188016992245e-8,13,Caacu.v4.16G003490,Chr16,3375370,3376595,-,A20/AN1-like zinc finger family protein
1.3215577058599326e-12,5.2873504630863515,0.133,0.004,3.063899385265668e-8,13,Caacu.v4.1G000290,Chr1,682563,685075,+,Protein of unknown function (DUF1218)
1.4770401076279714e-12,4.779329260747466,0.133,0.004,3.424369785524689e-8,13,Caacu.v4.1G011310,Chr1,17717075,17734427,-,protein dimerizations
1.497695452933724e-12,4.608976500034946,0.133,0.004,3.4722571380815456e-8,13,Caacu.v4.13G008780,Chr13,7841479,7852688,-,hypothetical protein
1.6442018572595526e-12,4.783083742694575,0.2,0.009,3.811917585870547e-8,13,Caacu.v4.1G023850,Chr1,28810383,28817023,+,Preprotein translocase SecA family protein
1.685094614217174e-12,4.029805583855334,0.133,0.004,3.906723353601096e-8,13,Caacu.v4.20G010200,Chr20,10964844,10967158,-,Dof-type zinc finger DNA-binding family protein
1.6968077050923624e-12,4.147551182372198,0.133,0.004,3.933878983486133e-8,13,Caacu.v4.6G016720,Chr6,16566767,16574973,-,Protein of unknown function (DUF3133)
1.9632975167367134e-12,4.429420671442289,0.2,0.01,4.5517089628023965e-8,13,Caacu.v4.18G008670,Chr18,7348218,7353844,+,Protein phosphatase 2C family protein
2.2537453180767312e-12,6.588167363543357,0.067,0.001,5.225083145429094e-8,13,Caacu.v4.1G006540,Chr1,12077360,12077727,+,hypothetical protein
2.2537453180767312e-12,6.853278249191032,0.067,0.001,5.225083145429094e-8,13,Caacu.v4.1G016040,Chr1,22093103,22098411,-,phospholipase D alpha
2.2537453180767312e-12,6.846963427161377,0.067,0.001,5.225083145429094e-8,13,Caacu.v4.1G033390,Chr1,36131677,36133076,+,Bifunctional inhibitor/lipid-transfer protein/seed storage 2S albumin superfamily protein
2.2537453180767312e-12,7.350790205636889,0.067,0.001,5.225083145429094e-8,13,Caacu.v4.6G008690,Chr6,7618887,7626532,-,Pyruvate kinase family protein
2.2537453180767312e-12,6.42684614310807,0.067,0.001,5.225083145429094e-8,13,Caacu.v4.20G005960,Chr20,4708414,4712277,-,C2 calcium/lipid-binding plant phosphoribosyltransferase family protein
2.314966446190738e-12,6.349388537171774,0.067,0.001,5.367018208848607e-8,13,Caacu.v4.11G007850,Chr11,10168932,10172982,-,binding
2.314966446190738e-12,6.873687345423897,0.067,0.001,5.367018208848607e-8,13,Caacu.v4.21G000260,Chr21,316659,323205,+,Pentatricopeptide repeat (PPR) superfamily protein
2.3778178213011957e-12,6.025872878345283,0.067,0.001,5.512732836904692e-8,13,Caacu.v4.4G014290,Chr4,17421886,17431398,-,Regulator of chromosome condensation (RCC1) family with FYVE zinc finger domain
2.3778178213011957e-12,6.15936951724782,0.067,0.001,5.512732836904692e-8,13,Caacu.v4.15G003040,Chr15,6269059,6270755,-,DNA glycosylase superfamily protein
2.3778178213011957e-12,5.804956895868257,0.067,0.001,5.512732836904692e-8,13,Caacu.v4.21G005560,Chr21,7567517,7568846,-,conserved hypothetical protein
2.3778178213011957e-12,5.805852657052843,0.067,0.001,5.512732836904692e-8,13,Caacu.v4.10G014980,Chr10,17630123,17631647,-,VQ motif-containing protein
2.442341949136316e-12,6.0995813964736625,0.067,0.001,5.662325574877635e-8,13,Caacu.v4.1G028410,Chr1,32507849,32510872,+,Putative integral membrane protein conserved region (DUF2404)
2.442341949136316e-12,5.410301624242766,0.067,0.001,5.662325574877635e-8,13,Caacu.v4.18G009650,Chr18,8701753,8703010,+,C2 calcium/lipid-binding plant phosphoribosyltransferase family protein
2.5085824190982784e-12,4.724709347871036,0.067,0.001,5.8158974804374485e-8,13,Caacu.v4.5G000290,Chr5,235160,236989,-,conserved hypothetical protein
2.5085824190982784e-12,4.3522791781978585,0.067,0.001,5.8158974804374485e-8,13,Caacu.v4.10G002900,Chr10,2889024,2890739,+,Late embryogenesis abundant (LEA) hydroxyproline-rich glycoprotein family
2.5085824190982784e-12,4.18129839384295,0.067,0.001,5.8158974804374485e-8,13,Caacu.v4.10G005240,Chr10,5420250,5421692,-,Protein of unknown function (DUF1218)
2.5085824190982784e-12,3.7837633930496386,0.067,0.001,5.8158974804374485e-8,13,Caacu.v4.15G004490,Chr15,9180254,9183151,-,GDSL-like Lipase/Acylhydrolase superfamily protein
2.5085824190982784e-12,4.292953513205282,0.067,0.001,5.8158974804374485e-8,13,Caacu.v4.16G006610,Chr16,6117917,6121776,-,C-CAP/cofactor C-like domain-containing protein
2.5085824190982784e-12,4.204434452515701,0.067,0.001,5.8158974804374485e-8,13,Caacu.v4.19G004080,Chr19,7863358,7869610,+,anti- silencing function 1b
4.764076822520124e-12,7.368008970030761,0.133,0.002,1.1045035705330656e-7,13,Caacu.v4.16G008300,Chr16,8221830,8224714,-,Plant protein of unknown function (DUF247)
4.788641652801813e-12,3.7981670926290176,0.267,0.019,1.1101986807855723e-7,13,Caacu.v4.10G011170,Chr10,14283630,14292636,+,Ubiquitin-like superfamily protein
4.957223347646801e-12,5.6309346506861155,0.133,0.005,1.1492826609184343e-7,13,Caacu.v4.17G008450,Chr17,12936786,12939311,-,Dof-type zinc finger DNA-binding family protein
5.1368405368756685e-12,3.5791803668505078,0.2,0.011,1.1909251100692549e-7,13,Caacu.v4.1G010430,Chr1,16948946,16952922,+,N-MYC downregulated-like
5.437636443363023e-12,5.077198848618909,0.133,0.005,1.2606616330292833e-7,13,Caacu.v4.6G003190,Chr6,3033780,3046420,+,DHHC-type zinc finger family protein
5.68630693745055e-12,3.1643902977715896,0.267,0.019,1.3183134003785356e-7,13,Caacu.v4.S003020,scf_21,136857,137368,-,hypothetical protein
5.808434919268365e-12,4.842226086366544,0.133,0.005,1.3466275516831776e-7,13,Caacu.v4.6G016230,Chr6,16045051,16057834,-,DA1-related protein
8.490856804149135e-12,5.821922764635265,0.2,0.011,1.9685202414739353e-7,13,Caacu.v4.21G010170,Chr21,11406180,11411513,-,Protein of Unknown Function (DUF239)
1.0842094859551785e-11,4.513838718060164,0.2,0.011,2.513631272238486e-7,13,Caacu.v4.6G003670,Chr6,3451879,3458914,-,RING/U-box superfamily protein
1.5608769771802507e-11,3.8447681523329003,0.2,0.011,3.6187371838946933e-7,13,Caacu.v4.11G011980,Chr11,13477321,13482699,-,FKBP-type peptidyl-prolyl cis-trans isomerase family protein
2.191256761726362e-11,4.322326863968738,0.133,0.005,5.080209676386397e-7,13,Caacu.v4.4G010260,Chr4,14200671,14203246,+,EF hand calcium-binding protein family
2.9420438620556894e-11,3.584480774431144,0.2,0.011,6.82083448978991e-7,13,Caacu.v4.12G010100,Chr12,15497429,15515101,+,ribonuclease II family protein
3.175948970095514e-11,4.881911146101179,0.2,0.012,7.36312009226944e-7,13,Caacu.v4.8G013220,Chr8,14647196,14662928,+,Mpp10 protein domain containing protein
6.585194577840877e-11,4.075935190248059,0.133,0.005,1.5267115109266288e-6,13,Caacu.v4.4G009170,Chr4,13292914,13298502,-,formin homolog
6.825457402234459e-11,3.3397956299724947,0.067,0.004,1.582414044134037e-6,13,Caacu.v4.1G022010,Chr1,27359400,27362031,+,hypothetical protein
8.461172004076443e-11,4.924357074094548,0.2,0.012,1.9616381174250827e-6,13,Caacu.v4.19G004180,Chr19,7941052,7943608,-,DEA(D/H)-box RNA helicase family protein
8.838452818864151e-11,3.893239588911615,0.267,0.021,2.049106901525465e-6,13,Caacu.v4.15G011970,Chr15,15730175,15735574,-,AAA-type ATPase family protein
1.2354516969550494e-10,4.971263387894702,0.2,0.012,2.8642712142205862e-6,13,Caacu.v4.8G008700,Chr8,10266565,10274640,-,RING/U-box superfamily protein
1.4792641902556894e-10,4.366514064385225,0.2,0.012,3.4295260986887902e-06,13,Caacu.v4.6G020210,Chr6,19806949,19814483,-,origin recognition complex protein
1.7337146054580482e-10,6.275341928724366,0.067,0.001,4.019443941293939e-6,13,Caacu.v4.3G009320,Chr3,7847041,7852685,+,tornado
1.7594438035916894e-10,4.482785233223826,0.133,0.006,4.079094514246973e-6,13,Caacu.v4.1G009920,Chr1,16471018,16484450,+,homeobox gene
1.7728861890186562e-10,6.713120646859899,0.067,0.001,4.110259340620853e-6,13,Caacu.v4.3G014210,Chr3,12518069,12527795,-,Xanthine/uracil permease family protein
1.7728861890186562e-10,6.577284209752623,0.067,0.001,4.110259340620853e-6,13,Caacu.v4.6G005860,Chr6,5335773,5343940,-,P-loop containing nucleoside triphosphate hydrolases superfamily protein
1.7728861890186562e-10,6.128901003469674,0.067,0.001,4.110259340620853e-6,13,Caacu.v4.6G010600,Chr6,10248951,10261875,-,ILITYHIA
1.7728861890186562e-10,6.265539509577421,0.067,0.001,4.110259340620853e-6,13,Caacu.v4.17G007860,Chr17,12361841,12364253,+,hypothetical protein
1.8129220582308168e-10,6.250302215352794,0.067,0.001,4.203078499802325e-6,13,Caacu.v4.5G008970,Chr5,7082922,7086381,-,Protein kinase superfamily protein
1.8129220582308168e-10,5.429177967312703,0.067,0.001,4.203078499802325e-6,13,Caacu.v4.6G011750,Chr6,12539238,12539631,+,UDP-Glycosyltransferase superfamily protein
1.8129220582308168e-10,5.953260562420087,0.067,0.001,4.203078499802325e-6,13,Caacu.v4.15G001740,Chr15,2802510,2809040,+,NADH:cytochrome B5 reductase
1.8208300694795213e-10,4.405183958033823,0.133,0.006,4.221412433081322e-6,13,Caacu.v4.S000230,scf_4,21781,25261,+,hypothetical protein
1.8417536416376836e-10,4.341191965209725,0.133,0.006,4.269921642772806e-6,13,Caacu.v4.9G000710,Chr9,2786348,2788809,+,Adaptin family protein
1.8538399214316792e-10,6.0213537686136425,0.067,0.001,4.297942473847205e-6,13,Caacu.v4.1G023980,Chr1,28904564,28911415,+,Preprotein translocase SecA family protein
1.8791431595354875e-10,4.000434991510656,0.467,0.067,4.356605501067074e-6,13,Caacu.v4.9G000210,Chr9,773707,787570,+,aminopeptidase M1
1.8956614060860405e-10,5.226175658149799,0.067,0.001,4.394901403869876e-6,13,Caacu.v4.2G013970,Chr2,19169312,19180525,-,Patatin-like phospholipase family protein
1.8956614060860405e-10,5.596564555343314,0.067,0.001,4.394901403869876e-6,13,Caacu.v4.9G002670,Chr9,6481325,6485103,+,leucine-rich repeat transmembrane protein kinase family protein
1.8956614060860405e-10,3.870305141099637,0.067,0.001,4.394901403869876e-6,13,Caacu.v4.10G005150,Chr10,5342545,5346826,+,galacturonosyltransferase
1.8956614060860405e-10,4.4602261464864075,0.067,0.001,4.394901403869876e-6,13,Caacu.v4.16G006510,Chr16,6026330,6027377,-,Cotton fibre expressed protein domain containing protein
1.8956614060860405e-10,5.029961794859062,0.067,0.001,4.394901403869876e-6,13,Caacu.v4.12G011100,Chr12,16287584,16290619,-,UDP-glucosyl transferase 85A7
1.9384032415648267e-10,3.9266653671125047,0.067,0.001,4.493994075243894e-6,13,Caacu.v4.6G021640,Chr6,20975197,20975787,+,Late embryogenesis abundant (LEA) hydroxyproline-rich glycoprotein family
1.9384032415648267e-10,4.62413763862493,0.067,0.001,4.493994075243894e-6,13,Caacu.v4.16G001970,Chr16,1774603,1777417,+,RNA-binding (RRM/RBD/RNP motifs) family protein
1.9384032415648267e-10,4.660348286222211,0.067,0.001,4.493994075243894e-6,13,Caacu.v4.16G006260,Chr16,5807359,5812389,-,DNA-3-methyladenine glycosylase (MAG)
1.9384032415648267e-10,4.9733914120861495,0.067,0.001,4.493994075243894e-6,13,Caacu.v4.16G008260,Chr16,8078224,8081699,-,Plant protein of unknown function (DUF247)
1.9384032415648267e-10,4.000175837809152,0.067,0.001,4.493994075243894e-6,13,Caacu.v4.16G012350,Chr16,13107096,13107893,-,phosphatidyl inositol monophosphate 5 kinase
2.221314801599808e-10,4.810194702139874,0.2,0.013,5.149896236028995e-6,13,Caacu.v4.2G011980,Chr2,16338662,16352751,-,ubiquitin-activating enzyme
3.461919545052355e-10,4.308974887987336,0.2,0.013,8.02611427324938e-6,13,Caacu.v4.10G002440,Chr10,2513022,2520560,+,conserved hypothetical protein
3.514337515801461e-10,4.377535279089598,0.2,0.013,8.147640096634107e-6,13,Caacu.v4.14G001710,Chr14,1162075,1168665,-,xylulose kinase-1
3.758339891167208e-10,5.521937056882165,0.133,0.006,8.713335203682055e-6,13,Caacu.v4.1G030240,Chr1,33832352,33835448,+,Preprotein translocase SecA family protein
3.927138608380826e-10,3.466573952235037,0.267,0.022,9.104678149670108e-6,13,Caacu.v4.7G011020,Chr7,16356033,16363815,-,P-loop containing nucleoside triphosphate hydrolases superfamily protein
4.2386686414135204e-10,4.207624028379216,0.2,0.013,9.826929378253107e-6,13,Caacu.v4.18G007560,Chr18,6453874,6456132,+,expansin A4
4.2410262290326297e-10,4.881969734427684,0.133,0.006,9.832395209389249e-6,13,Caacu.v4.8G004220,Chr8,5879751,5885776,+,NAC domain containing protein
4.529288221048033e-10,4.397421599802568,0.133,0.006,1.0500701811677759e-5,13,Caacu.v4.2G004720,Chr2,3470729,3476903,+,autophagy 9 (APG9)
4.997861587971482e-10,3.9166557615541215,0.133,0.006,1.1587042305553084e-5,13,Caacu.v4.7G005500,Chr7,11383052,11391911,-,Eukaryotic aspartyl protease family protein
8.950686097275224e-10,5.378647983736168,0.133,0.006,2.0751270647922878e-5,13,Caacu.v4.21G005870,Chr21,7854640,7856092,-,Integrase-type DNA-binding superfamily protein
9.045647752389888e-10,5.415108104967823,0.133,0.006,2.0971429749140716e-5,13,Caacu.v4.2G009850,Chr2,8059872,8062695,-,Ubiquitin fusion degradation UFD1 family protein
9.535388467945596e-10,4.865203812789002,0.133,0.006,2.210684462408507e-5,13,Caacu.v4.1G026040,Chr1,30448023,30461181,-,Protein kinase superfamily protein
9.53538947851899e-10,4.898405588721782,0.133,0.006,2.210684696699843e-5,13,Caacu.v4.10G011640,Chr10,14730599,14743239,+,conserved hypothetical protein
1.0305541144505322e-9,3.7467713675937357,0.2,0.013,2.389236658942114e-5,13,Caacu.v4.4G010180,Chr4,14148042,14149195,+,Protein of unknown function (DUF1685)
1.0818656805246572e-9,4.345072163354466,0.133,0.006,2.508197393728365e-5,13,Caacu.v4.4G014880,Chr4,17954156,17955509,-,calmodulin like
1.1072414850714278e-9,3.544164618656837,0.2,0.013,2.567028658989598e-5,13,Caacu.v4.20G001720,Chr20,1203148,1215324,-,FAR1-related sequence
1.2512869196697377e-9,4.316194725164146,0.2,0.014,2.90098359456232e-5,13,Caacu.v4.1G005600,Chr1,10259947,10263343,+,ACT domain repeat
1.6479268784487097e-9,3.7931076425755084,0.2,0.014,3.8205536749954885e-5,13,Caacu.v4.6G011370,Chr6,11501753,11503157,-,Tetratricopeptide repeat (TPR)-like superfamily protein
1.8101804443561769e-9,3.101678217361843,0.267,0.023,4.1967223421953606e-5,13,Caacu.v4.9G003990,Chr9,8164287,8168469,-,lysm domain GPI-anchored protein 1 precursor
1.8148026721283805e-9,3.6539178462411015,0.4,0.052,4.207438515062437e-5,13,Caacu.v4.9G008090,Chr9,12452267,12459516,+,ubiquitin-specific protease
2.0571135101210176e-9,5.137870556565229,0.133,0.006,4.7692119618645674e-5,13,Caacu.v4.21G006070,Chr21,8018904,8021757,+,general regulatory factor
2.3941911174257147e-9,4.296788091012427,0.133,0.006,5.550692686639777e-5,13,Caacu.v4.5G014110,Chr5,15259578,15263593,-,Ribosomal protein L4/L1 family
2.5180671249318334e-9,3.5060280761527625,0.133,0.005,5.837886822441963e-5,13,Caacu.v4.9G015240,Chr9,18005106,18025990,+,nuclear RNA polymerase A2
2.595373930597887e-9,4.034849959108634,0.133,0.006,6.017114920698141e-5,13,Caacu.v4.2G028370,Chr2,32400592,32402923,+,plasmodesmata-located protein
2.7020469532934093e-9,3.7130473494111067,0.133,0.006,6.264425656515441e-5,13,Caacu.v4.5G000320,Chr5,248795,251158,+,P-loop containing nucleoside triphosphate hydrolases superfamily protein
2.9526935081923384e-9,3.5329767866690407,0.267,0.025,6.845524629393118e-5,13,Caacu.v4.9G015090,Chr9,17883654,17889948,-,cystatin B
3.976369882046565e-9,5.871927445934265,0.067,0.002,9.218815934536757e-5,13,Caacu.v4.21G001730,Chr21,1704816,1708428,+,Kinesin motor family protein
3.976369882046565e-9,6.052482147280714,0.067,0.002,9.218815934536757e-5,13,Caacu.v4.1G022640,Chr1,27930445,27936996,-,DEA(D/H)-box RNA helicase family protein
4.053239500542112e-9,5.558660033560807,0.067,0.002,9.397030458056832e-5,13,Caacu.v4.11G014520,Chr11,15628382,15636082,-,Pectinacetylesterase family protein
4.053239500542112e-9,5.831785272096589,0.067,0.002,9.397030458056832e-5,13,Caacu.v4.17G006190,Chr17,10773462,10775534,+,hypothetical protein
4.053239500542112e-9,5.522695276476616,0.067,0.002,9.397030458056832e-5,13,Caacu.v4.21G011030,Chr21,12070700,12072248,+,DUF1242 domain containing protein
4.131554709723577e-9,5.307897883441061,0.067,0.002,9.578596439023142e-5,13,Caacu.v4.1G020680,Chr1,26156759,26158393,+,Alkaline-phosphatase-like family protein
4.131554709723577e-9,5.4844416578483575,0.067,0.002,9.578596439023142e-5,13,Caacu.v4.4G013050,Chr4,16450541,16453966,+,Wound-responsive family protein
4.131554709723577e-9,5.204596310620271,0.067,0.002,9.578596439023142e-5,13,Caacu.v4.5G013610,Chr5,13120368,13130582,+,Xanthine/uracil permease family protein
4.131554709723577e-9,5.497042369182218,0.067,0.002,9.578596439023142e-5,13,Caacu.v4.8G016850,Chr8,17652202,17653412,-,Nucleotide-diphospho-sugar transferases superfamily protein
4.131554709723577e-9,5.088934135764243,0.067,0.002,9.578596439023142e-5,13,Caacu.v4.15G007600,Chr15,12334350,12335316,-,Protein of unknown function (DUF679)
4.211340427810463e-9,4.86369393722083,0.067,0.001,9.763571647835777e-5,13,Caacu.v4.21G008920,Chr21,10437566,10441082,+,aminophospholipid ATPase
4.211341894504045e-9,5.373501692965764,0.067,0.002,9.763575048218178e-5,13,Caacu.v4.1G038300,Chr1,39919587,39922329,-,hypothetical protein
4.277791775856886e-9,4.971136122800622,0.133,0.007,9.917632453146605e-5,13,Caacu.v4.12G001410,Chr12,1148617,1149961,+,DNA-binding storekeeper protein-related
4.29262790590106e-9,4.503774774332536,0.067,0.002,9.952028537041017e-5,13,Caacu.v4.7G004830,Chr7,10416537,10418854,-,hypothetical protein
4.29262790590106e-9,4.646463314596915,0.067,0.002,9.952028537041017e-5,13,Caacu.v4.12G004600,Chr12,6420813,6431321,-,ARM repeat protein interacting with  ABF2
4.375440068979214e-9,4.296607572181113,0.067,0.002,1.014402025592141e-4,13,Caacu.v4.1G032370,Chr1,35408152,35424128,-,Glycosyl hydrolase family 47 protein
4.375440068979214e-9,3.626645272647674,0.067,0.002,1.014402025592141e-4,13,Caacu.v4.4G011630,Chr4,15349052,15352322,+,laccase
4.375440068979214e-9,4.527053453032632,0.067,0.002,1.014402025592141e-4,13,Caacu.v4.8G000500,Chr8,574876,584158,+,"Utp25, U3 small nucleolar RNA-associated SSU processome protein 25 domain containing protein"
4.375440068979214e-9,3.7260844416028824,0.067,0.002,1.014402025592141e-4,13,Caacu.v4.12G003240,Chr12,3062508,3078313,+,Phosphoglycerate mutase-like family protein
4.471134614142023e-9,4.047223215965533,0.2,0.014,1.0365878489426867e-4,13,Caacu.v4.11G010850,Chr11,12587414,12594809,-,Dihydrolipoamide succinyltransferase
4.53552414644251e-9,4.608598992921175,0.133,0.007,1.0515159181112316e-4,13,Caacu.v4.1G005680,Chr1,10359786,10363424,-,conserved hypothetical protein
5.317669095652987e-9,4.182671545353129,0.2,0.014,1.2328484031361885e-4,13,Caacu.v4.1G024690,Chr1,29420912,29427583,+,conserved hypothetical protein
7.1571102293800545e-9,3.9916828144609795,0.2,0.015,1.6593044355794719e-4,13,Caacu.v4.15G002730,Chr15,4849179,4857358,-,RING/U-box superfamily protein
7.918290148788062e-9,3.812492296725396,0.267,0.027,1.8357763880950243e-4,13,Caacu.v4.18G001900,Chr18,1905329,1917196,+,binding to TOMV RNA 1L (long form)
8.938015319888867e-9,4.665935437272492,0.133,0.007,2.072189471763035e-4,13,Caacu.v4.11G009330,Chr11,11482183,11487314,-,NB-ARC domain-containing disease resistance protein
1.0002650123514404e-08,4.360770801567743,0.133,0.007,2.3190144046355792e-4,13,Caacu.v4.21G001790,Chr21,1759818,1763599,-,Papain family cysteine protease
1.0239477213651127e-8,4.397796072255513,0.133,0.007,2.3739203972128773e-4,13,Caacu.v4.21G005200,Chr21,7255587,7267598,-,lipid phosphate phosphatase
1.0580212359226073e-8,4.036890614851753,0.133,0.007,2.452916433362973e-4,13,Caacu.v4.3G007570,Chr3,6386604,6389078,-,Homeodomain-like superfamily protein
1.2538979881104206e-8,3.632821821263541,0.2,0.015,2.9070370956351993e-4,13,Caacu.v4.2G030500,Chr2,34272882,34279810,-,conserved hypothetical protein
1.4005602689154013e-8,3.400131750890628,0.2,0.015,3.2470589274534667e-4,13,Caacu.v4.10G001600,Chr10,1757775,1768531,+,Ca(2)-dependent phospholipid-binding protein (Copine) family
1.4005602689154013e-8,3.4264956922165086,0.2,0.015,3.2470589274534667e-4,13,Caacu.v4.19G003960,Chr19,7728932,7739076,+,conserved hypothetical protein
1.5018203013967313e-8,4.221025983264388,0.2,0.015,3.481820186758182e-4,13,Caacu.v4.12G001740,Chr12,1458805,1466590,-,S-adenosyl-L-methionine-dependent methyltransferases superfamily protein
1.6072853553432306e-8,5.024481357250911,0.133,0.007,3.726330367827746e-4,13,Caacu.v4.18G012790,Chr18,12828265,12833090,+,Acyl-CoA N-acyltransferases (NAT) superfamily protein
2.6425305511514867e-8,3.0694974368673233,0.333,0.042,6.126442829789607e-4,13,Caacu.v4.9G007640,Chr9,12069848,12071155,+,hypothetical protein
3.035872411951951e-8,4.926352873634167,0.133,0.007,7.038366599869403e-4,13,Caacu.v4.9G004770,Chr9,9173553,9184396,+,hypothetical protein
3.0895303056484174e-8,4.63387991858642,0.133,0.007,7.162767060615291e-4,13,Caacu.v4.15G003340,Chr15,7206146,7211044,+,Protein of unknown function (DUF1639)
3.176024327366314e-8,3.5288528106636776,0.2,0.016,7.363294800566062e-4,13,Caacu.v4.3G000170,Chr3,220169,224695,+,SH3 domain-containing protein
3.2277318292764955e-8,4.536921943945184,0.133,0.007,7.483173472994627e-4,13,Caacu.v4.2G021400,Chr2,26815775,26822367,-,Mitochondrial substrate carrier family protein
3.542258897942035e-8,2.869148485470891,0.4,0.061,8.212373028988815e-4,13,Caacu.v4.18G002470,Chr18,2240201,2242613,+,conserved hypothetical protein
4.133420378498377e-8,6.505426884348354,0.067,0.001,9.582921805510637e-4,13,Caacu.v4.8G015490,Chr8,16653736,16654230,-,Putative methyltransferase family protein
4.133431399389691e-8,5.800537428212904,0.067,0.002,9.582947356345059e-4,13,Caacu.v4.1G002770,Chr1,6648482,6653770,+,Protein kinase superfamily protein
4.133431399389691e-8,5.796811966691253,0.067,0.002,9.582947356345059e-4,13,Caacu.v4.1G033880,Chr1,36469539,36475571,-,Leucine-rich repeat (LRR) family protein
4.133431399389691e-8,5.688748766580523,0.067,0.002,9.582947356345059e-4,13,Caacu.v4.10G014470,Chr10,17200131,17201701,+,RNA-binding (RRM/RBD/RNP motifs) family protein
4.2032637571648504e-8,6.788521102827055,0.067,0.001,9.744846694610989e-4,13,Caacu.v4.1G024320,Chr1,29112807,29122334,+,Preprotein translocase SecA family protein
4.203286147910517e-8,5.131867735622351,0.067,0.002,9.744898605315742e-4,13,Caacu.v4.6G011320,Chr6,11428450,11431481,+,Dynamin related protein 4C
4.203286147910517e-8,5.533360241914702,0.067,0.002,9.744898605315742e-4,13,Caacu.v4.13G000960,Chr13,746428,749607,+,Plant protein of unknown function (DUF827)
4.203286147910517e-8,5.656982468528017,0.067,0.002,9.744898605315742e-4,13,Caacu.v4.16G000560,Chr16,649670,652297,-,Integrase-type DNA-binding superfamily protein
4.238640291119779e-8,5.3394308374743975,0.067,0.002,9.826863650932095e-4,13,Caacu.v4.6G020120,Chr6,19714104,19718512,-,Protein of unknown function (DUF3741)
4.274284956056153e-8,5.256720562782291,0.067,0.002,9.909502242120584e-4,13,Caacu.v4.2G021640,Chr2,26989049,26995173,+,Protein of unknown function (DUF3527)
4.274284956056153e-8,5.028199897890552,0.067,0.002,9.909502242120584e-4,13,Caacu.v4.14G007460,Chr14,5753975,5754568,-,hypothetical protein
4.277849570425971e-8,4.8205390110660575,0.2,0.016,9.91776644407557e-4,13,Caacu.v4.7G004350,Chr7,9868948,9884717,-,OTU-like cysteine protease family protein
4.346445927228832e-8,5.23546916520877,0.067,0.002,0.0010076800237687324,13,Caacu.v4.8G004910,Chr8,6515339,6516709,+,hypothetical protein
4.346445927228832e-8,4.7556574993061345,0.067,0.002,0.0010076800237687324,13,Caacu.v4.11G016470,Chr11,17287421,17291757,+,Tetratricopeptide repeat (TPR)-like superfamily protein
4.419787440584036e-8,4.9855306065191325,0.067,0.002,0.001024683520225003,13,Caacu.v4.20G005330,Chr20,4169407,4170660,-,"Protein of unknown function, DUF617"
4.49432815505494e-8,4.386523580254927,0.067,0.002,0.0010419650394679373,13,Caacu.v4.12G000600,Chr12,563283,567686,-,NAC domain containing protein
4.5700870134328075e-8,3.3238438606393577,0.067,0.002,0.001059528973194262,13,Caacu.v4.7G014410,Chr7,19151956,19152828,+,RAN GTPase activating protein
4.5700870134328075e-8,3.694176962115531,0.067,0.002,0.001059528973194262,13,Caacu.v4.11G010990,Chr11,12673916,12676948,-,mitogen-activated protein kinase kinase kinase
5.04683227515941e-8,3.1518648871264956,0.2,0.016,0.0011700575946729577,13,Caacu.v4.10G007450,Chr10,9973015,9975488,-,Protein kinase superfamily protein
5.5061328345730286e-8,4.570864776017528,0.133,0.008,0.001276541836367411,13,Caacu.v4.12G001600,Chr12,1322368,1324915,-,zinc finger (C3HC4-type RING finger) family protein
5.9415612526288546e-8,5.032635886572091,0.133,0.007,0.0013774915608094737,13,Caacu.v4.15G002630,Chr15,4698688,4703898,-,Argonaute family protein
6.389801040907304e-8,4.3101216151980974,0.2,0.017,0.0014814114733239494,13,Caacu.v4.21G004460,Chr21,6441759,6442747,-,conserved hypothetical protein
6.742453401844443e-8,3.6681878072171497,0.133,0.008,0.0015631703966836157,13,Caacu.v4.15G002660,Chr15,4734203,4740603,-,Argonaute family protein
7.151085359941022e-8,3.669406686350379,0.133,0.008,0.0016579076298487265,13,Caacu.v4.19G004200,Chr19,7954687,7976726,-,DEA(D/H)-box RNA helicase family protein
8.375121184664704e-8,2.921801913950021,0.267,0.029,0.0019416880954526649,13,Caacu.v4.4G017290,Chr4,19811848,19814858,-,hypothetical protein
8.61469013854402e-8,3.2906415459751197,0.2,0.013,0.0019972297617200457,13,Caacu.v4.15G009480,Chr15,13943723,13944396,-,HVA22 homologue A
8.867788219695335e-8,4.668638029479709,0.133,0.008,0.0020559080208541664,13,Caacu.v4.2G029320,Chr2,33198807,33205530,-,hypothetical protein
9.014575532917008e-8,4.700804966017607,0.133,0.008,0.0020899391915514794,13,Caacu.v4.21G006840,Chr21,8829242,8830054,+,conserved hypothetical protein
9.298434791877505e-8,4.137287571476692,0.2,0.016,0.0021557491221488806,13,Caacu.v4.8G002160,Chr8,2798243,2818333,-,cell division cycle 48C
1.2773891950970435e-7,3.2807010290102174,0.267,0.03,0.0029614991099129856,13,Caacu.v4.1G014170,Chr1,20424630,20430826,-,non-ATPase subunit
1.5764928260274457e-7,4.493126961475861,0.133,0.008,0.0036549409678620303,13,Caacu.v4.11G005430,Chr11,7012429,7021694,-,conserved hypothetical protein
1.6144669590986247e-7,4.28892129107999,0.133,0.008,0.0037429801979742515,13,Caacu.v4.4G004000,Chr4,7080142,7082482,+,hypothetical protein
1.665617263702618e-7,2.551473888483437,0.267,0.03,0.0038615670641681497,13,Caacu.v4.10G011920,Chr10,15043093,15045846,-,IQ-domain
1.7406437823712763e-7,4.302926829714739,0.133,0.008,0.004035508545049567,13,Caacu.v4.9G015480,Chr9,18230640,18235020,-,Yos1-like protein
1.8179968494985212e-7,3.776225218992597,0.133,0.008,0.004214843895877372,13,Caacu.v4.7G012950,Chr7,18003097,18008964,-,ARM repeat superfamily protein
1.9984725112142896e-7,3.180513391255167,0.133,0.008,0.004633258669999209,13,Caacu.v4.1G013040,Chr1,19430100,19438569,-,conserved hypothetical protein
2.0109964953350057e-7,2.6470928871038675,0.2,0.018,0.004662294274784678,13,Caacu.v4.7G003420,Chr7,8538749,8543818,-,DNAJ homologue
2.1563399224680876e-7,3.1869223778466593,0.2,0.018,0.004999258476250015,13,Caacu.v4.2G005910,Chr2,4580638,4586364,+,proteolysis
2.287715604916725e-7,3.012900971511894,0.2,0.018,0.005303839858438936,13,Caacu.v4.7G003530,Chr7,8677906,8684506,+,BRI1 suppressor 1 (BSU1)-like
2.4143719113523664e-7,5.254558696582272,0.133,0.008,0.005597479839279326,13,Caacu.v4.18G011230,Chr18,11321271,11322459,-,DUF1674 domain containing protein
2.4899502591350484e-7,4.386887957593568,0.133,0.008,0.005772700680778696,13,Caacu.v4.3G018180,Chr3,18798521,18805786,+,Sec20 family protein
2.5326414696973767e-7,6.068002699229929,0.067,0.002,0.005871675983346398,13,Caacu.v4.4G013910,Chr4,17113447,17119542,+,serine/threonine phosphatase
2.5326414696973767e-7,6.704722712672749,0.067,0.002,0.005871675983346398,13,Caacu.v4.18G003710,Chr18,3172636,3175101,-,hypothetical protein
2.570681690143465e-7,5.759147118033579,0.067,0.002,0.0059598684304286095,13,Caacu.v4.1G012680,Chr1,19112284,19118006,-,"Coiled-coil domain containing protein 97-like, C-terminal domain containing protein"
2.60927353561349e-7,5.608712281044894,0.067,0.002,0.006049339764966315,13,Caacu.v4.2G016480,Chr2,22379767,22393151,+,Glycosyl hydrolase family protein
2.60927353561349e-7,5.2091526668896515,0.067,0.002,0.006049339764966315,13,Caacu.v4.2G024390,Chr2,29328243,29330265,-,"26S proteasome regulatory complex, non-ATPase subcomplex, Rpn2/Psmd1 subunit"
2.6484246996043625e-7,5.4382891756482525,0.067,0.002,0.006140107823562754,13,Caacu.v4.1G017630,Chr1,23544435,23547386,-,conserved hypothetical protein
2.6484246996043625e-7,5.231427996841358,0.067,0.002,0.006140107823562754,13,Caacu.v4.2G023360,Chr2,28439742,28446493,+,"catalytics;carbohydrate kinases;phosphoglucan, water dikinases"
2.6484246996043625e-7,5.1125954737335,0.067,0.002,0.006140107823562754,13,Caacu.v4.6G011400,Chr6,11668912,11674343,-,Dynamin related protein 4C
2.6484246996043625e-7,5.289994166189655,0.067,0.002,0.006140107823562754,13,Caacu.v4.13G008800,Chr13,7866765,7882919,+,Plant protein of unknown function (DUF247)
2.6881429783191913e-7,4.953028920708179,0.067,0.002,0.006232190680935213,13,Caacu.v4.14G012820,Chr14,13993340,14001264,+,NAD(P)-linked oxidoreductase superfamily protein
2.728435701443999e-7,5.129437982583718,0.067,0.002,0.006325605330227767,13,Caacu.v4.1G015800,Chr1,21897234,21898042,+,hypothetical protein
2.7284362719715997e-7,4.868806011126824,0.067,0.002,0.0063256066529389565,13,Caacu.v4.1G013150,Chr1,19536400,19538878,+,RING/U-box superfamily protein
2.7284362719715997e-7,5.002689311129442,0.067,0.002,0.0063256066529389565,13,Caacu.v4.12G003900,Chr12,3933135,3936187,-,Domain of unknown function (DUF3598)
2.7284362719715997e-7,4.7512513188827095,0.067,0.002,0.0063256066529389565,13,Caacu.v4.14G006030,Chr14,4430133,4432132,-,hypothetical protein
2.7284362719715997e-7,3.5641651843869515,0.067,0.002,0.0063256066529389565,13,Caacu.v4.18G011670,Chr18,11819109,11819868,+,hypothetical protein
2.769312586105441e-7,4.883145596621074,0.067,0.002,0.006420374299626854,13,Caacu.v4.13G004200,Chr13,3162367,3168075,+,Epidermal patterning factor proteins domain containing protein
2.8528468326741044e-7,3.54085991212613,0.067,0.002,0.006614040096871643,13,Caacu.v4.2G020630,Chr2,26263571,26265300,+,OBF-binding protein
2.88127868697879e-7,3.813115243149303,0.133,0.008,0.006679956507891626,13,Caacu.v4.2G021740,Chr2,27051839,27053981,-,PAR1 protein
2.925768964357187e-7,3.5091435784850784,0.133,0.008,0.006783102766965702,13,Caacu.v4.14G001640,Chr14,1106909,1111272,+,hypothetical protein
2.993750119400729e-7,3.4763941560255414,0.133,0.008,0.00694071027681865,13,Caacu.v4.10G012280,Chr10,15371752,15375330,-,GRAS family transcription factor
3.1104553825787323e-7,3.4854273711417263,0.133,0.008,0.007211279758970533,13,Caacu.v4.1G036190,Chr1,38281350,38283782,-,MLP-like protein
3.1583567829359416e-7,3.258437747538276,0.133,0.008,0.007322334365558687,13,Caacu.v4.18G012830,Chr18,12861573,12870835,+,Transducin family protein / WD-40 repeat family protein
3.790747722504934e-7,3.2999247168204153,0.2,0.019,0.008788469519855438,13,Caacu.v4.13G000270,Chr13,253527,258481,+,Zn-dependent exopeptidases superfamily protein
3.8905972374041365e-7,4.186192489660715,0.133,0.009,0.00901996063519775,13,Caacu.v4.5G009220,Chr5,7371177,7373936,-,conserved hypothetical protein
4.223570569118613e-7,4.067856191286099,0.133,0.009,0.009791926007444593,13,Caacu.v4.14G009190,Chr14,7562214,7566006,+,Calcineurin-like metallo-phosphoesterase superfamily protein
